0;0;0;0;land;false;unknown;0
1;168;254;238;land;false;plains;1
2;250;175;148;land;false;plains;1
3;109;246;69;land;false;plains;1
4;184;253;170;land;false;plains;1
5;254;250;186;land;false;plains;1
6;255;252;230;land;false;plains;1
7;228;227;77;land;false;plains;1
8;250;232;172;land;false;plains;1
9;104;231;33;land;false;plains;1
10;132;52;238;land;false;plains;1
11;100;223;159;land;false;plains;1
12;251;110;237;land;false;plains;1
13;73;148;248;land;false;plains;1
14;107;188;251;land;false;plains;1
15;113;235;116;land;true;plains;1
16;23;247;202;land;false;plains;1
17;78;239;102;land;false;plains;1
18;150;243;222;land;false;plains;1
19;254;221;216;land;false;plains;1
20;142;150;242;land;false;plains;1
21;232;192;255;land;false;plains;1
22;247;135;205;land;false;plains;1
23;43;159;220;land;false;plains;1
24;131;235;207;land;false;plains;1
25;121;223;95;land;false;plains;1
26;197;226;251;land;false;plains;1
27;59;246;114;land;false;plains;1
28;240;212;254;land;false;plains;1
29;242;255;239;land;false;plains;1
30;185;251;216;land;false;plains;1
31;111;229;200;land;false;plains;1
32;158;158;255;land;false;plains;1
33;251;224;254;land;false;plains;1
34;216;145;93;land;false;plains;1
35;241;234;255;land;false;plains;1
36;254;214;247;land;false;plains;1
37;252;159;238;land;false;plains;1
38;253;211;183;land;false;plains;1
39;250;164;134;land;false;plains;1
40;162;158;254;land;false;plains;1
41;114;238;193;land;false;plains;1
42;55;51;253;land;true;plains;1
43;210;175;62;land;false;plains;1
44;242;217;138;land;false;plains;1
45;249;179;207;land;false;plains;1
46;252;190;223;land;false;plains;1
47;253;250;255;land;true;plains;1
48;254;184;217;land;false;plains;1
49;243;228;255;land;false;plains;1
50;106;228;199;land;false;plains;1
51;202;186;252;land;false;plains;1
52;105;45;218;land;false;plains;1
53;213;250;58;land;false;plains;1
54;245;255;240;land;false;plains;1
55;254;217;224;land;false;plains;1
56;251;142;247;land;false;plains;1
57;253;198;213;land;false;plains;1
58;250;187;180;land;false;plains;1
59;208;60;241;land;false;plains;1
60;243;136;234;land;false;plains;1
61;255;237;221;land;false;plains;1
62;115;252;127;land;false;plains;1
63;253;192;200;land;false;plains;1
64;28;182;238;land;false;plains;1
65;236;90;253;land;false;plains;1
66;254;173;183;land;false;plains;1
67;55;68;208;land;false;plains;1
68;227;254;215;land;false;plains;1
69;231;136;32;land;false;plains;1
70;89;206;242;land;true;plains;1
71;246;217;91;land;false;plains;1
72;232;249;119;land;false;plains;1
73;255;246;253;land;false;plains;1
74;138;249;131;land;false;plains;1
75;64;78;228;land;true;plains;1
76;239;120;83;land;false;plains;1
77;236;181;109;land;false;plains;1
78;142;241;146;land;false;plains;1
79;109;206;235;land;false;plains;1
80;249;255;253;land;false;plains;1
81;223;45;94;land;false;plains;1
82;180;122;234;land;false;plains;1
83;254;219;146;land;false;plains;1
84;234;71;134;land;true;plains;1
85;180;224;250;land;false;plains;1
86;158;89;232;land;false;plains;1
87;112;146;247;land;false;plains;1
88;23;112;254;land;false;plains;1
89;212;224;253;land;false;plains;1
90;255;251;248;land;false;plains;1
91;112;220;245;land;false;plains;1
92;208;115;53;land;false;plains;1
93;211;175;56;land;false;plains;1
94;189;251;235;land;false;plains;1
95;140;251;241;land;true;plains;1
96;52;102;219;land;false;plains;1
97;241;210;34;land;false;plains;1
98;236;125;233;land;false;plains;1
99;231;253;144;land;false;plains;1
100;209;190;251;land;false;plains;1
101;222;231;254;land;false;plains;1
102;208;171;70;land;false;plains;1
103;192;254;230;land;false;plains;1
104;251;240;154;land;false;plains;1
105;139;241;155;land;false;plains;1
106;40;208;223;land;true;plains;1
107;137;226;91;land;false;plains;1
108;240;85;192;land;true;plains;1
109;165;239;134;land;false;plains;1
110;199;137;246;land;false;plains;1
111;249;183;134;land;false;plains;1
112;241;116;83;land;false;plains;1
113;249;188;121;land;false;plains;1
114;252;159;250;land;false;plains;1
115;140;248;173;land;false;plains;1
116;237;133;166;land;false;plains;1
117;230;234;255;land;false;plains;1
118;123;220;239;land;false;plains;1
119;246;130;93;land;false;plains;1
120;253;215;229;land;false;plains;1
121;199;173;249;land;false;plains;1
122;248;56;192;land;false;plains;1
123;196;181;66;land;false;plains;1
124;231;176;249;land;true;plains;1
125;254;194;161;land;false;plains;1
126;116;96;242;land;false;plains;1
127;196;200;254;land;true;plains;1
128;254;130;148;land;false;plains;1
129;183;135;239;land;false;plains;1
130;241;155;78;land;false;plains;1
131;245;177;248;land;false;plains;1
132;252;183;171;land;true;plains;1
133;127;120;235;land;false;plains;1
134;139;238;118;land;false;plains;1
135;242;102;245;land;false;plains;1
136;152;243;141;land;false;plains;1
137;250;252;187;land;false;plains;1
138;252;130;112;land;false;plains;1
139;116;231;198;land;false;plains;1
140;74;172;232;land;false;plains;1
141;216;217;254;land;false;plains;1
142;253;108;143;land;false;plains;1
143;237;239;41;land;false;plains;1
144;38;221;248;land;false;plains;1
145;233;117;163;land;false;plains;1
146;165;251;156;land;false;plains;1
147;209;252;199;land;false;plains;1
148;232;250;255;land;false;plains;1
149;157;248;159;land;false;plains;1
150;200;252;245;land;false;plains;1
151;169;148;248;land;false;plains;1
152;250;176;215;land;true;plains;1
153;234;141;100;land;false;plains;1
154;254;242;188;land;false;plains;1
155;249;181;223;land;false;plains;1
156;255;228;237;land;false;plains;1
157;235;127;87;land;false;plains;1
158;63;238;165;land;false;plains;1
159;198;250;169;land;false;plains;1
160;183;215;250;land;false;plains;1
161;208;253;221;land;false;plains;1
162;96;231;222;land;false;plains;1
163;239;251;76;land;false;plains;1
164;247;187;254;land;false;plains;1
165;120;250;119;land;true;plains;1
166;188;190;253;land;false;plains;1
167;247;253;199;land;false;plains;1
168;209;70;65;land;false;plains;1
169;253;248;171;land;false;plains;1
170;154;252;120;land;false;plains;1
171;25;231;28;land;false;plains;1
172;207;254;247;land;true;plains;1
173;249;178;208;land;false;plains;1
174;140;249;74;land;false;plains;1
175;66;29;241;land;false;plains;1
176;248;129;64;land;false;plains;1
177;183;252;220;land;false;plains;1
178;118;234;94;land;false;plains;1
179;255;179;227;land;false;plains;1
180;157;62;221;land;false;plains;1
181;169;211;73;land;false;plains;1
182;252;203;187;land;false;plains;1
183;109;155;235;land;false;plains;1
184;103;144;234;land;false;plains;1
185;234;251;184;land;false;plains;1
186;245;212;126;land;false;plains;1
187;173;226;247;land;false;plains;1
188;251;232;168;land;false;plains;1
189;43;109;235;land;false;plains;1
190;123;238;178;land;false;plains;1
191;254;220;220;land;true;plains;1
192;219;254;216;land;false;plains;1
193;251;120;135;land;false;plains;1
194;209;233;121;land;true;plains;1
195;196;251;149;land;false;plains;1
196;147;229;38;land;false;plains;1
197;223;176;252;land;false;plains;1
198;191;231;82;land;false;plains;1
199;221;136;101;land;false;plains;1
200;91;243;202;land;false;plains;1
201;232;197;252;land;false;plains;1
202;138;208;242;land;false;plains;1
203;182;249;167;land;false;plains;1
204;245;80;149;land;false;plains;1
205;254;240;199;land;false;plains;1
206;128;253;253;land;true;plains;1
207;248;212;254;land;false;plains;1
208;252;199;127;land;false;plains;1
209;253;242;155;land;false;plains;1
210;189;64;246;land;false;plains;1
211;56;126;246;land;false;plains;1
212;113;235;145;land;false;plains;1
213;255;241;235;land;false;plains;1
214;111;213;253;land;false;plains;1
215;237;89;208;land;false;plains;1
216;88;149;236;land;false;plains;1
217;249;206;168;land;false;plains;1
218;210;255;204;land;false;plains;1
219;150;241;157;land;false;plains;1
220;216;109;45;land;false;plains;1
221;156;245;255;land;false;plains;1
222;249;184;213;land;false;plains;1
223;197;238;253;land;false;plains;1
224;243;218;71;land;false;plains;1
225;233;231;124;land;false;plains;1
226;200;253;149;land;false;plains;1
227;208;251;174;land;false;plains;1
228;222;68;113;land;false;plains;1
229;246;215;254;land;true;plains;1
230;235;255;243;land;false;plains;1
231;59;127;221;land;false;plains;1
232;214;249;43;land;false;plains;1
233;32;193;234;land;false;plains;1
234;227;254;255;land;false;plains;1
235;248;237;165;land;false;plains;1
236;255;248;243;land;false;plains;1
237;43;126;250;land;false;plains;1
238;255;235;190;land;false;plains;1
239;99;247;159;land;false;plains;1
240;246;133;174;land;false;plains;1
241;113;246;147;land;false;plains;1
242;20;243;39;land;false;plains;1
243;250;21;104;land;false;plains;1
244;227;96;244;land;false;plains;1
245;210;254;200;land;false;plains;1
246;239;30;122;land;false;plains;1
247;240;166;251;land;false;plains;1
248;146;193;246;land;false;plains;1
249;55;96;231;land;false;plains;1
250;200;114;244;land;false;plains;1
251;188;247;254;land;false;plains;1
252;155;205;52;land;false;plains;1
253;207;124;235;land;false;plains;1
254;255;236;217;land;false;plains;1
255;125;134;233;land;false;plains;1
256;94;234;237;land;false;plains;1
257;139;162;249;land;true;plains;1
258;120;243;120;land;false;plains;1
259;154;245;223;land;false;plains;1
260;155;241;135;land;false;plains;1
261;181;223;56;land;false;plains;1
262;255;253;245;land;false;plains;1
263;189;255;218;land;true;plains;1
264;199;152;254;land;false;plains;1
265;84;250;96;land;false;plains;1
266;221;113;234;land;false;plains;1
267;44;192;234;land;true;plains;1
268;246;132;100;land;false;plains;1
269;108;206;250;land;false;plains;1
270;104;75;227;land;false;plains;1
271;251;182;236;land;true;plains;1
272;230;74;117;land;false;plains;1
273;148;253;9;land;false;plains;1
274;116;222;251;land;false;plains;1
275;244;72;188;land;false;plains;1
276;255;178;160;land;false;plains;1
277;143;37;226;land;false;plains;1
278;38;217;228;land;false;plains;1
279;241;212;15;land;false;plains;1
280;246;239;73;land;false;plains;1
281;78;220;75;land;false;plains;1
282;190;250;191;land;false;plains;1
283;233;246;162;land;false;plains;1
284;248;235;139;land;true;plains;1
285;238;124;175;land;false;plains;1
286;247;255;247;land;false;plains;1
287;205;184;57;land;false;plains;1
288;134;223;252;land;false;plains;1
289;37;189;246;land;false;plains;1
290;236;158;135;land;false;plains;1
291;249;103;62;land;false;plains;1
292;254;92;48;land;false;plains;1
293;252;139;249;land;false;plains;1
294;124;216;244;land;false;plains;1
295;247;252;192;land;false;plains;1
296;255;231;250;land;false;plains;1
297;212;65;235;land;false;plains;1
298;228;237;89;land;true;plains;1
299;122;124;240;land;false;plains;1
300;52;231;127;land;false;plains;1
301;246;159;228;land;false;plains;1
302;73;43;217;land;false;plains;1
303;233;187;253;land;true;plains;1
304;251;141;251;land;false;plains;1
305;201;254;237;land;false;plains;1
306;64;209;110;land;false;plains;1
307;196;164;246;land;false;plains;1
308;248;203;170;land;false;plains;1
309;255;211;200;land;false;plains;1
310;240;252;195;land;false;plains;1
311;251;255;255;land;false;plains;1
312;67;183;241;land;false;plains;1
313;59;235;201;land;false;plains;1
314;236;254;223;land;false;plains;1
315;201;191;254;land;false;plains;1
316;157;248;247;land;false;plains;1
317;253;236;177;land;false;plains;1
318;154;246;242;land;false;plains;1
319;138;116;235;land;false;plains;1
320;166;139;240;land;false;plains;1
321;58;90;227;land;false;plains;1
322;86;101;214;land;false;plains;1
323;127;244;214;land;false;plains;1
324;78;142;230;land;false;plains;1
325;208;253;197;land;false;plains;1
326;223;174;253;land;false;plains;1
327;254;252;217;land;false;plains;1
328;113;138;246;land;false;plains;1
329;91;125;223;land;false;plains;1
330;241;87;111;land;false;plains;1
331;254;213;194;land;false;plains;1
332;123;240;93;land;false;plains;1
333;209;210;253;land;false;plains;1
334;229;118;100;land;false;plains;1
335;210;251;192;land;true;plains;1
336;255;251;212;land;false;plains;1
337;246;171;149;land;false;plains;1
338;133;83;243;land;false;plains;1
339;216;254;227;land;false;plains;1
340;255;149;122;land;false;plains;1
341;38;133;251;land;false;plains;1
342;218;87;254;land;false;plains;1
343;143;225;56;land;false;plains;1
344;137;252;118;land;false;plains;1
345;171;253;219;land;false;plains;1
346;175;82;241;land;false;plains;1
347;207;76;232;land;false;plains;1
348;73;210;178;land;false;plains;1
349;61;248;97;land;false;plains;1
350;223;127;241;land;false;plains;1
351;196;255;199;land;false;plains;1
352;244;244;161;land;false;plains;1
353;228;253;186;land;false;plains;1
354;240;105;247;land;false;plains;1
355;245;189;252;land;false;plains;1
356;58;51;230;land;false;plains;1
357;143;236;252;land;false;plains;1
358;244;90;141;land;false;plains;1
359;248;228;157;land;false;plains;1
360;253;167;180;land;false;plains;1
361;252;96;115;land;false;plains;1
362;35;58;248;land;false;plains;1
363;247;172;148;land;false;plains;1
364;93;191;217;land;false;plains;1
365;246;252;255;land;false;plains;1
366;104;235;220;land;true;plains;1
367;213;255;196;land;false;plains;1
368;255;239;243;land;false;plains;1
369;144;154;251;land;false;plains;1
370;49;215;122;land;false;plains;1
371;233;124;233;land;false;plains;1
372;222;200;50;land;false;plains;1
373;254;253;217;land;false;plains;1
374;40;137;233;land;false;plains;1
375;90;182;232;land;false;plains;1
376;249;146;202;land;false;plains;1
377;149;241;243;land;false;plains;1
378;201;99;228;land;false;plains;1
379;250;120;96;land;false;plains;1
380;158;231;246;land;false;plains;1
381;255;211;196;land;false;plains;1
382;248;219;255;land;false;plains;1
383;164;191;248;land;false;plains;1
384;156;102;233;land;false;plains;1
385;247;167;249;land;false;plains;1
386;210;254;208;land;false;plains;1
387;58;219;241;land;false;plains;1
388;189;254;144;land;false;plains;1
389;225;123;74;land;false;plains;1
390;245;189;119;land;false;plains;1
391;234;254;218;land;false;plains;1
392;254;201;214;land;false;plains;1
393;239;251;104;land;false;plains;1
394;242;99;139;land;false;plains;1
395;43;61;219;land;false;plains;1
396;171;120;251;land;false;plains;1
397;236;227;67;land;false;plains;1
398;210;218;253;land;false;plains;1
399;229;240;69;land;false;plains;1
400;255;229;244;land;false;plains;1
401;254;11;240;land;false;plains;1
402;147;242;115;land;false;plains;1
403;86;65;247;land;false;plains;1
404;85;253;134;land;false;plains;1
405;189;241;252;land;false;plains;1
406;236;166;251;land;false;plains;1
407;122;130;243;land;false;plains;1
408;223;67;181;land;false;plains;1
409;184;251;236;land;false;plains;1
410;209;246;147;land;false;plains;1
411;247;102;226;land;false;plains;1
412;131;237;111;land;false;plains;1
413;58;223;188;land;false;plains;1
414;246;255;246;land;false;plains;1
415;203;253;197;land;false;plains;1
416;251;216;255;land;false;plains;1
417;247;192;113;land;true;plains;1
418;107;229;104;land;false;plains;1
419;135;238;201;land;false;plains;1
420;177;132;247;land;false;plains;1
421;196;255;203;land;false;plains;1
422;250;226;176;land;false;plains;1
423;211;162;76;land;false;plains;1
424;118;237;151;land;false;plains;1
425;240;113;176;land;false;plains;1
426;182;230;106;land;false;plains;1
427;39;252;119;land;false;plains;1
428;109;226;205;land;false;plains;1
429;177;116;248;land;false;plains;1
430;249;227;255;land;false;plains;1
431;255;249;251;land;false;plains;1
432;55;254;151;land;true;plains;1
433;153;134;244;land;false;plains;1
434;220;254;199;land;false;plains;1
435;255;183;154;land;false;plains;1
436;233;61;67;land;false;plains;1
437;197;190;255;land;false;plains;1
438;240;75;140;land;false;plains;1
439;244;200;131;land;false;plains;1
440;255;69;232;land;false;plains;1
441;211;82;221;land;false;plains;1
442;216;153;89;land;false;plains;1
443;82;212;70;land;false;plains;1
444;174;251;214;land;false;plains;1
445;219;252;199;land;true;plains;1
446;36;217;239;land;false;plains;1
447;165;187;249;land;false;plains;1
448;93;248;59;land;true;plains;1
449;215;57;242;land;false;plains;1
450;250;129;207;land;true;plains;1
451;173;249;235;land;false;plains;1
452;127;238;136;land;false;plains;1
453;109;246;61;land;false;plains;1
454;245;135;222;land;false;plains;1
455;215;255;215;land;false;plains;1
456;245;232;255;land;false;plains;1
457;16;254;35;land;false;plains;1
458;216;144;250;land;false;plains;1
459;38;136;245;land;false;plains;1
460;241;235;255;land;true;plains;1
461;150;202;55;land;false;plains;1
462;246;247;142;land;false;plains;1
463;255;247;252;land;false;plains;1
464;243;151;251;land;false;plains;1
465;125;235;225;land;false;plains;1
466;220;48;245;land;false;plains;1
467;206;68;232;land;false;plains;1
468;216;213;76;land;false;plains;1
469;194;45;227;land;false;plains;1
470;75;29;236;land;false;plains;1
471;114;240;114;land;false;plains;1
472;219;92;204;land;false;plains;1
473;91;247;57;land;false;plains;1
474;87;228;127;land;false;plains;1
475;253;127;50;land;false;plains;1
476;245;253;158;land;true;plains;1
477;157;208;62;land;false;plains;1
478;218;189;67;land;false;plains;1
479;156;113;255;land;false;plains;1
480;222;171;252;land;false;plains;1
481;215;68;217;land;false;plains;1
482;131;171;240;land;false;plains;1
483;98;245;237;land;false;plains;1
484;126;183;244;land;false;plains;1
485;158;248;223;land;false;plains;1
486;240;200;142;land;true;plains;1
487;250;254;204;land;false;plains;1
488;175;248;70;land;false;plains;1
489;241;198;111;land;false;plains;1
490;113;116;233;land;false;plains;1
491;253;120;204;land;false;plains;1
492;88;36;237;land;true;plains;1
493;161;246;135;land;false;plains;1
494;119;246;189;land;false;plains;1
495;227;253;209;land;true;plains;1
496;90;226;70;land;false;plains;1
497;251;173;210;land;false;plains;1
498;249;185;253;land;true;plains;1
499;234;250;188;land;false;plains;1
500;249;66;164;land;false;plains;1
501;184;240;146;land;false;plains;1
502;230;255;129;land;false;plains;1
503;254;194;229;land;false;plains;1
504;235;54;179;land;false;plains;1
505;68;136;202;land;false;plains;1
506;130;243;109;land;false;plains;1
507;236;185;116;land;false;plains;1
508;241;172;250;land;false;plains;1
509;202;253;190;land;false;plains;1
510;184;202;63;land;false;plains;1
511;111;231;64;land;false;plains;1
512;170;239;102;land;false;plains;1
513;66;107;228;land;false;plains;1
514;250;171;185;land;false;plains;1
515;248;41;117;land;false;plains;1
516;37;232;67;land;false;plains;1
517;236;236;255;land;false;plains;1
518;124;36;252;land;false;plains;1
519;199;223;252;land;false;plains;1
520;141;140;253;land;false;plains;1
521;180;163;251;land;false;plains;1
522;207;200;254;land;true;plains;1
523;175;214;249;land;false;plains;1
524;253;205;196;land;false;plains;1
525;222;230;254;land;false;plains;1
526;148;242;111;land;false;plains;1
527;61;238;200;land;false;plains;1
528;237;99;128;land;false;plains;1
529;106;212;239;land;false;plains;1
530;183;253;148;land;false;plains;1
531;197;152;249;land;false;plains;1
532;253;180;243;land;false;plains;1
533;240;230;255;land;false;plains;1
534;91;217;105;land;false;plains;1
535;147;135;245;land;false;plains;1
536;113;234;85;land;true;plains;1
537;251;150;227;land;false;plains;1
538;214;253;208;land;false;plains;1
539;147;254;218;land;false;plains;1
540;48;113;239;land;false;plains;1
541;234;240;255;land;false;plains;1
542;98;234;253;land;false;plains;1
543;253;130;8;land;false;plains;1
544;252;255;246;land;false;plains;1
545;83;242;85;land;false;plains;1
546;249;225;172;land;false;plains;1
547;228;246;255;land;false;plains;1
548;238;98;102;land;false;plains;1
549;236;115;210;land;false;plains;1
550;239;94;132;land;false;plains;1
551;240;102;137;land;false;plains;1
552;239;192;129;land;true;plains;1
553;230;250;88;land;false;plains;1
554;214;246;52;land;false;plains;1
555;254;249;219;land;true;plains;1
556;70;218;213;land;false;plains;1
557;87;53;216;land;false;plains;1
558;78;157;209;land;false;plains;1
559;54;84;212;land;true;plains;1
560;216;218;254;land;false;plains;1
561;97;145;237;land;false;plains;1
562;60;118;219;land;false;plains;1
563;243;69;233;land;false;plains;1
564;234;98;173;land;false;plains;1
565;254;221;229;land;false;plains;1
566;210;180;254;land;false;plains;1
567;131;252;205;land;false;plains;1
568;192;108;248;land;false;plains;1
569;147;141;240;land;false;plains;1
570;240;247;151;land;true;plains;1
571;185;166;250;land;true;plains;1
572;219;247;158;land;false;plains;1
573;241;253;189;land;false;plains;1
574;246;148;113;land;false;plains;1
575;181;243;252;land;false;plains;1
576;246;254;217;land;false;plains;1
577;206;254;236;land;false;plains;1
578;252;195;194;land;true;plains;1
579;204;247;96;land;false;plains;1
580;247;115;158;land;false;plains;1
581;243;255;246;land;false;plains;1
582;230;167;117;land;false;plains;1
583;188;251;177;land;false;plains;1
584;135;165;255;land;false;plains;1
585;230;241;113;land;true;plains;1
586;166;255;226;land;false;plains;1
587;234;74;192;land;false;plains;1
588;203;255;224;land;false;plains;1
589;244;255;236;land;false;plains;1
590;26;253;72;land;false;plains;1
591;196;44;222;land;false;plains;1
592;197;241;255;land;false;plains;1
593;253;205;240;land;false;plains;1
594;241;125;117;land;false;plains;1
595;211;46;68;land;false;plains;1
596;141;233;79;land;false;plains;1
597;253;178;169;land;false;plains;1
598;150;237;243;land;false;plains;1
599;135;249;212;land;false;plains;1
600;255;230;250;land;false;plains;1
601;169;249;251;land;false;plains;1
602;239;99;24;land;false;plains;1
603;253;252;214;land;false;plains;1
604;235;231;95;land;false;plains;1
605;203;252;213;land;false;plains;1
606;237;251;255;land;false;plains;1
607;255;212;222;land;false;plains;1
608;106;219;93;land;false;plains;1
609;255;255;247;land;false;plains;1
610;122;251;154;land;false;plains;1
611;215;242;16;land;false;plains;1
612;210;232;80;land;false;plains;1
613;171;155;250;land;false;plains;1
614;255;229;216;land;false;plains;1
615;48;249;236;land;false;plains;1
616;253;200;220;land;true;plains;1
617;112;52;221;land;false;plains;1
618;152;168;246;land;false;plains;1
619;223;221;104;land;true;plains;1
620;194;184;251;land;false;plains;1
621;252;255;250;land;false;plains;1
622;199;247;148;land;false;plains;1
623;108;154;239;land;true;plains;1
624;165;246;175;land;false;plains;1
625;192;130;249;land;false;plains;1
626;227;224;255;land;false;plains;1
627;255;235;249;land;false;plains;1
628;253;210;234;land;false;plains;1
629;133;228;109;land;false;plains;1
630;159;181;252;land;false;plains;1
631;252;192;69;land;false;plains;1
632;240;48;146;land;false;plains;1
633;229;159;48;land;false;plains;1
634;190;254;201;land;false;plains;1
635;107;246;212;land;false;plains;1
636;255;252;253;land;false;plains;1
637;153;253;167;land;false;plains;1
638;235;127;100;land;false;plains;1
639;245;218;155;land;true;plains;1
640;210;228;116;land;false;plains;1
641;59;233;185;land;false;plains;1
642;112;221;253;land;false;plains;1
643;92;63;246;land;true;plains;1
644;178;215;249;land;false;plains;1
645;254;254;204;land;false;plains;1
646;202;34;238;land;false;plains;1
647;223;128;95;land;false;plains;1
648;178;229;254;land;false;plains;1
649;240;255;200;land;false;plains;1
650;252;253;196;land;false;plains;1
651;81;47;239;land;false;plains;1
652;16;243;248;land;false;plains;1
653;104;177;249;land;false;plains;1
654;189;251;204;land;false;plains;1
655;254;218;218;land;false;plains;1
656;247;93;120;land;false;plains;1
657;250;93;173;land;true;plains;1
658;236;204;37;land;false;plains;1
659;243;255;250;land;false;plains;1
660;120;109;237;land;false;plains;1
661;253;201;196;land;false;plains;1
662;186;250;240;land;false;plains;1
663;175;240;97;land;true;plains;1
664;235;255;187;land;false;plains;1
665;173;205;252;land;false;plains;1
666;56;113;217;land;false;plains;1
667;163;214;67;land;false;plains;1
668;255;250;252;land;false;plains;1
669;229;253;254;land;false;plains;1
670;230;213;114;land;false;plains;1
671;241;207;142;land;false;plains;1
672;234;255;232;land;false;plains;1
673;255;186;203;land;false;plains;1
674;241;116;120;land;false;plains;1
675;123;245;215;land;false;plains;1
676;203;255;236;land;false;plains;1
677;226;255;245;land;true;plains;1
678;124;241;74;land;false;plains;1
679;238;111;183;land;false;plains;1
680;193;222;90;land;false;plains;1
681;230;74;182;land;true;plains;1
682;255;182;173;land;false;plains;1
683;210;119;231;land;false;plains;1
684;28;122;252;land;false;plains;1
685;190;250;126;land;true;plains;1
686;254;252;229;land;false;plains;1
687;62;198;140;land;false;plains;1
688;70;109;233;land;false;plains;1
689;175;252;101;land;false;plains;1
690;255;255;251;land;false;plains;1
691;134;62;238;land;false;plains;1
692;240;152;254;land;true;plains;1
693;253;220;108;land;false;plains;1
694;235;95;133;land;false;plains;1
695;242;51;207;land;false;plains;1
696;146;246;186;land;false;plains;1
697;233;118;63;land;false;plains;1
698;255;237;246;land;false;plains;1
699;248;131;95;land;false;plains;1
700;247;227;122;land;false;plains;1
701;216;228;254;land;true;plains;1
702;238;242;121;land;false;plains;1
703;241;255;232;land;false;plains;1
704;180;237;88;land;true;plains;1
705;227;254;174;land;false;plains;1
706;99;116;221;land;true;plains;1
707;184;223;252;land;false;plains;1
708;194;252;114;land;false;plains;1
709;251;226;171;land;false;plains;1
710;255;235;237;land;false;plains;1
711;250;239;158;land;false;plains;1
712;192;209;253;land;false;plains;1
713;147;48;250;land;false;plains;1
714;238;254;221;land;false;plains;1
715;240;254;200;land;false;plains;1
716;212;249;129;land;false;plains;1
717;43;183;248;land;false;plains;1
718;226;191;73;land;true;plains;1
719;240;131;241;land;true;plains;1
720;235;247;75;land;false;plains;1
721;62;247;26;land;false;plains;1
722;219;254;140;land;false;plains;1
723;232;166;80;land;false;plains;1
724;253;160;153;land;true;plains;1
725;158;216;56;land;false;plains;1
726;220;232;255;land;false;plains;1
727;139;105;255;land;false;plains;1
728;9;249;164;land;true;plains;1
729;116;252;196;land;false;plains;1
730;254;246;185;land;false;plains;1
731;206;255;185;land;false;plains;1
732;178;178;252;land;false;plains;1
733;252;182;143;land;false;plains;1
734;138;182;241;land;false;plains;1
735;250;183;247;land;false;plains;1
736;224;254;254;land;false;plains;1
737;94;161;227;land;false;plains;1
738;252;187;204;land;false;plains;1
739;244;237;160;land;false;plains;1
740;251;161;252;land;false;plains;1
741;229;203;252;land;false;plains;1
742;173;250;158;land;false;plains;1
743;143;251;152;land;false;plains;1
744;172;247;238;land;false;plains;1
745;242;135;95;land;false;plains;1
746;145;233;118;land;false;plains;1
747;174;240;145;land;false;plains;1
748;151;103;239;land;false;plains;1
749;234;255;252;land;false;plains;1
750;155;98;245;land;false;plains;1
751;254;189;168;land;false;plains;1
752;220;160;48;land;false;plains;1
753;199;72;196;land;false;plains;1
754;210;107;237;land;false;plains;1
755;209;242;253;land;false;plains;1
756;165;189;248;land;false;plains;1
757;252;254;255;land;false;plains;1
758;252;93;199;land;false;plains;1
759;150;230;75;land;false;plains;1
760;230;199;253;land;true;plains;1
761;233;207;255;land;false;plains;1
762;218;255;229;land;false;plains;1
763;250;245;255;land;false;plains;1
764;22;254;136;land;false;plains;1
765;236;255;231;land;false;plains;1
766;251;177;222;land;true;plains;1
767;250;227;152;land;false;plains;1
768;174;217;248;land;false;plains;1
769;251;171;253;land;false;plains;1
770;228;217;98;land;false;plains;1
771;247;112;190;land;false;plains;1
772;158;249;243;land;false;plains;1
773;254;235;255;land;false;plains;1
774;234;179;47;land;false;plains;1
775;244;233;255;land;false;plains;1
776;255;237;234;land;false;plains;1
777;203;76;94;land;false;plains;1
778;128;142;252;land;false;plains;1
779;101;183;252;land;false;plains;1
780;186;221;252;land;false;plains;1
781;254;85;179;land;false;plains;1
782;87;236;96;land;false;plains;1
783;243;205;132;land;false;plains;1
784;159;246;161;land;true;plains;1
785;174;157;245;land;false;plains;1
786;61;139;230;land;true;plains;1
787;212;255;203;land;false;plains;1
788;226;35;83;land;false;plains;1
789;144;116;250;land;false;plains;1
790;219;242;255;land;false;plains;1
791;249;252;196;land;false;plains;1
792;236;213;254;land;false;plains;1
793;137;252;206;land;false;plains;1
794;254;226;222;land;true;plains;1
795;253;236;192;land;false;plains;1
796;91;87;229;land;false;plains;1
797;66;199;96;land;false;plains;1
798;225;46;65;land;false;plains;1
799;230;205;254;land;false;plains;1
800;254;122;113;land;false;plains;1
801;223;216;254;land;false;plains;1
802;210;202;253;land;false;plains;1
803;215;226;98;land;false;plains;1
804;60;198;221;land;false;plains;1
805;82;244;83;land;false;plains;1
806;70;80;210;land;false;plains;1
807;236;132;140;land;false;plains;1
808;69;219;223;land;false;plains;1
809;253;235;207;land;false;plains;1
810;31;251;253;land;false;plains;1
811;168;177;247;land;false;plains;1
812;247;166;194;land;false;plains;1
813;229;98;87;land;false;plains;1
814;226;207;254;land;false;plains;1
815;102;236;226;land;false;plains;1
816;254;213;253;land;false;plains;1
817;220;67;131;land;false;plains;1
818;251;215;254;land;false;plains;1
819;253;202;222;land;false;plains;1
820;70;167;211;land;false;plains;1
821;250;255;240;land;false;plains;1
822;226;45;217;land;false;plains;1
823;162;250;184;land;false;plains;1
824;74;247;114;land;false;plains;1
825;235;235;95;land;false;plains;1
826;128;178;251;land;false;plains;1
827;73;227;65;land;false;plains;1
828;143;235;247;land;false;plains;1
829;222;97;165;land;false;plains;1
830;240;245;82;land;false;plains;1
831;196;91;251;land;false;plains;1
832;254;196;253;land;false;plains;1
833;84;251;203;land;false;plains;1
834;243;152;193;land;false;plains;1
835;207;164;246;land;false;plains;1
836;221;72;111;land;false;plains;1
837;252;202;253;land;true;plains;1
838;234;255;240;land;false;plains;1
839;243;141;234;land;false;plains;1
840;96;229;138;land;false;plains;1
841;184;72;252;land;false;plains;1
842;227;62;229;land;false;plains;1
843;93;203;231;land;true;plains;1
844;110;153;225;land;false;plains;1
845;91;225;160;land;false;plains;1
846;79;98;247;land;false;plains;1
847;183;54;221;land;false;plains;1
848;159;242;78;land;false;plains;1
849;229;243;126;land;false;plains;1
850;67;203;114;land;false;plains;1
851;251;241;255;land;false;plains;1
852;122;253;170;land;false;plains;1
853;141;106;255;land;false;plains;1
854;70;232;169;land;false;plains;1
855;241;155;67;land;false;plains;1
856;239;254;226;land;false;plains;1
857;246;111;182;land;false;plains;1
858;79;46;228;land;false;plains;1
859;203;62;237;land;false;plains;1
860;243;253;255;land;false;plains;1
861;189;214;78;land;false;plains;1
862;249;162;233;land;false;plains;1
863;249;145;220;land;false;plains;1
864;241;255;240;land;false;plains;1
865;254;163;178;land;false;plains;1
866;172;124;243;land;false;plains;1
867;184;226;254;land;true;plains;1
868;187;254;240;land;false;plains;1
869;156;254;220;land;false;plains;1
870;231;217;46;land;false;plains;1
871;231;104;146;land;false;plains;1
872;171;255;205;land;false;plains;1
873;247;231;255;land;false;plains;1
874;251;162;168;land;false;plains;1
875;227;54;133;land;false;plains;1
876;41;215;106;land;false;plains;1
877;255;246;252;land;false;plains;1
878;197;167;255;land;false;plains;1
879;252;214;199;land;false;plains;1
880;245;240;255;land;false;plains;1
881;112;217;255;land;false;plains;1
882;219;213;99;land;false;plains;1
883;247;161;193;land;false;plains;1
884;216;253;135;land;false;plains;1
885;141;253;232;land;false;plains;1
886;230;184;252;land;false;plains;1
887;253;209;237;land;false;plains;1
888;248;255;242;land;false;plains;1
889;32;118;240;land;false;plains;1
890;241;250;180;land;false;plains;1
891;235;27;98;land;false;plains;1
892;133;241;153;land;false;plains;1
893;124;196;253;land;false;plains;1
894;157;154;243;land;true;plains;1
895;213;189;252;land;false;plains;1
896;192;215;86;land;false;plains;1
897;252;147;112;land;false;plains;1
898;40;53;222;land;false;plains;1
899;232;255;246;land;false;plains;1
900;255;251;249;land;false;plains;1
901;59;218;102;land;false;plains;1
902;227;225;108;land;false;plains;1
903;255;225;212;land;false;plains;1
904;160;213;252;land;false;plains;1
905;179;206;255;land;false;plains;1
906;240;216;104;land;false;plains;1
907;91;241;33;land;false;plains;1
908;197;221;252;land;false;plains;1
909;255;215;203;land;true;plains;1
910;248;43;67;land;false;plains;1
911;251;176;174;land;true;plains;1
912;201;68;149;land;false;plains;1
913;183;236;122;land;false;plains;1
914;206;215;40;land;false;plains;1
915;255;226;225;land;false;plains;1
916;252;231;183;land;false;plains;1
917;230;93;154;land;true;plains;1
918;246;189;255;land;false;plains;1
919;170;253;195;land;false;plains;1
920;246;195;148;land;false;plains;1
921;237;171;91;land;false;plains;1
922;228;102;209;land;false;plains;1
923;250;234;255;land;false;plains;1
924;164;73;211;land;false;plains;1
925;251;249;182;land;false;plains;1
926;248;249;255;land;false;plains;1
927;248;73;181;land;true;plains;1
928;233;56;85;land;false;plains;1
929;88;216;194;land;false;plains;1
930;73;239;169;land;true;plains;1
931;249;173;240;land;false;plains;1
932;254;217;235;land;false;plains;1
933;241;166;96;land;false;plains;1
934;235;214;49;land;false;plains;1
935;132;225;79;land;false;plains;1
936;183;184;254;land;false;plains;1
937;87;250;46;land;false;plains;1
938;52;254;56;land;false;plains;1
939;126;235;149;land;false;plains;1
940;213;210;254;land;false;plains;1
941;95;240;57;land;false;plains;1
942;197;252;228;land;false;plains;1
943;35;229;182;land;false;plains;1
944;231;118;131;land;false;plains;1
945;225;99;226;land;false;plains;1
946;242;236;255;land;false;plains;1
947;223;110;61;land;false;plains;1
948;143;240;70;land;false;plains;1
949;249;205;163;land;false;plains;1
950;240;238;255;land;false;plains;1
951;141;64;217;land;false;plains;1
952;229;93;190;land;false;plains;1
953;248;255;254;land;false;plains;1
954;252;225;56;land;false;plains;1
955;46;49;230;land;false;plains;1
956;252;209;166;land;false;plains;1
957;228;104;222;land;false;plains;1
958;214;216;254;land;false;plains;1
959;247;219;127;land;true;plains;1
960;242;216;149;land;false;plains;1
961;198;254;239;land;false;plains;1
962;86;240;126;land;false;plains;1
963;88;251;120;land;false;plains;1
964;213;216;255;land;false;plains;1
965;172;248;143;land;false;plains;1
966;244;89;176;land;false;plains;1
967;253;165;198;land;true;plains;1
968;228;206;255;land;false;plains;1
969;89;216;62;land;false;plains;1
970;186;243;143;land;false;plains;1
971;235;253;179;land;false;plains;1
972;234;123;245;land;false;plains;1
973;148;252;192;land;false;plains;1
974;236;222;255;land;false;plains;1
975;252;203;184;land;false;plains;1
976;241;109;234;land;false;plains;1
977;202;253;246;land;false;plains;1
978;78;63;201;land;false;plains;1
979;255;233;230;land;false;plains;1
980;226;254;233;land;false;plains;1
981;254;161;239;land;false;plains;1
982;149;250;72;land;false;plains;1
983;239;214;254;land;false;plains;1
984;181;253;247;land;true;plains;1
985;255;226;237;land;false;plains;1
986;165;225;253;land;true;plains;1
987;202;184;68;land;false;plains;1
988;78;60;234;land;false;plains;1
989;232;197;251;land;false;plains;1
990;93;230;208;land;false;plains;1
991;244;63;197;land;false;plains;1
992;222;254;245;land;false;plains;1
993;193;223;105;land;false;plains;1
994;178;162;254;land;false;plains;1
995;247;255;248;land;true;plains;1
996;234;36;251;land;false;plains;1
997;36;231;239;land;false;plains;1
998;248;164;151;land;false;plains;1
999;255;238;251;land;false;plains;1
1000;195;121;246;land;false;plains;1
1001;232;169;250;land;false;plains;1
1002;234;147;245;land;false;plains;1
1003;245;95;89;land;false;plains;1
1004;150;72;231;land;false;plains;1
1005;180;124;234;land;false;plains;1
1006;108;81;237;land;true;plains;1
1007;64;141;247;land;false;plains;1
1008;111;236;108;land;true;plains;1
1009;143;74;210;land;false;plains;1
1010;33;246;230;land;false;plains;1
1011;235;255;240;land;false;plains;1
1012;190;183;253;land;false;plains;1
1013;220;192;254;land;false;plains;1
1014;88;231;221;land;false;plains;1
1015;248;238;168;land;false;plains;1
1016;154;154;255;land;false;plains;1
1017;164;250;160;land;false;plains;1
1018;54;175;251;land;false;plains;1
1019;238;98;158;land;false;plains;1
1020;110;231;160;land;false;plains;1
1021;250;195;127;land;false;plains;1
1022;235;237;255;land;false;plains;1
1023;212;253;226;land;true;plains;1
1024;112;242;178;land;false;plains;1
1025;215;233;253;land;false;plains;1
1026;247;90;192;land;true;plains;1
1027;243;251;255;land;false;plains;1
1028;165;61;235;land;false;plains;1
1029;231;97;96;land;false;plains;1
1030;54;204;103;land;false;plains;1
1031;204;179;68;land;false;plains;1
1032;211;78;132;land;false;plains;1
1033;169;100;251;land;false;plains;1
1034;93;111;223;land;false;plains;1
1035;179;238;35;land;false;plains;1
1036;206;163;255;land;false;plains;1
1037;249;255;214;land;false;plains;1
1038;138;216;88;land;false;plains;1
1039;130;244;252;land;false;plains;1
1040;255;253;244;land;false;plains;1
1041;207;254;250;land;false;plains;1
1042;48;158;227;land;false;plains;1
1043;177;187;250;land;false;plains;1
1044;67;65;228;land;true;plains;1
1045;94;104;228;land;false;plains;1
1046;231;249;255;land;false;plains;1
1047;171;145;246;land;false;plains;1
1048;57;79;216;land;false;plains;1
1049;62;225;40;land;true;plains;1
1050;55;221;128;land;false;plains;1
1051;180;91;215;land;false;plains;1
1052;232;122;167;land;false;plains;1
1053;136;163;240;land;false;plains;1
1054;237;165;99;land;false;plains;1
1055;245;149;113;land;false;plains;1
1056;253;212;243;land;false;plains;1
1057;253;247;186;land;false;plains;1
1058;239;230;131;land;false;plains;1
1059;134;205;63;land;false;plains;1
1060;232;148;252;land;false;plains;1
1061;187;250;224;land;false;plains;1
1062;231;87;195;land;false;plains;1
1063;214;254;194;land;false;plains;1
1064;253;238;209;land;false;plains;1
1065;107;254;123;land;false;plains;1
1066;246;255;233;land;true;plains;1
1067;198;169;71;land;false;plains;1
1068;254;156;196;land;false;plains;1
1069;87;240;64;land;false;plains;1
1070;36;175;242;land;false;plains;1
1071;153;199;254;land;false;plains;1
1072;243;121;122;land;false;plains;1
1073;172;176;249;land;true;plains;1
1074;247;207;161;land;false;plains;1
1075;182;247;251;land;false;plains;1
1076;224;88;76;land;false;plains;1
1077;77;220;65;land;false;plains;1
1078;212;66;81;land;false;plains;1
1079;232;169;246;land;false;plains;1
1080;129;242;181;land;false;plains;1
1081;255;241;222;land;false;plains;1
1082;247;164;160;land;false;plains;1
1083;247;162;160;land;false;plains;1
1084;254;194;186;land;true;plains;1
1085;248;207;149;land;false;plains;1
1086;237;126;202;land;false;plains;1
1087;99;240;240;land;false;plains;1
1088;255;196;207;land;false;plains;1
1089;105;179;226;land;false;plains;1
1090;253;222;202;land;false;plains;1
1091;254;209;238;land;false;plains;1
1092;230;181;252;land;false;plains;1
1093;192;246;162;land;false;plains;1
1094;243;219;46;land;false;plains;1
1095;245;178;105;land;false;plains;1
1096;105;240;84;land;false;plains;1
1097;193;167;252;land;false;plains;1
1098;235;255;228;land;false;plains;1
1099;90;216;69;land;false;plains;1
1100;255;248;254;land;false;plains;1
1101;246;141;247;land;false;plains;1
1102;243;119;90;land;false;plains;1
1103;251;218;179;land;false;plains;1
1104;190;49;209;land;false;plains;1
1105;251;255;248;land;false;plains;1
1106;237;218;48;land;false;plains;1
1107;246;146;70;land;false;plains;1
1108;182;151;245;land;false;plains;1
1109;207;165;49;land;false;plains;1
1110;10;246;121;land;false;plains;1
1111;188;232;254;land;false;plains;1
1112;232;252;255;land;false;plains;1
1113;222;226;255;land;false;plains;1
1114;193;164;247;land;false;plains;1
1115;195;253;204;land;false;plains;1
1116;235;100;177;land;false;plains;1
1117;10;248;49;land;false;plains;1
1118;119;104;239;land;false;plains;1
1119;148;228;100;land;false;plains;1
1120;255;200;226;land;false;plains;1
1121;252;199;239;land;false;plains;1
1122;149;55;210;land;false;plains;1
1123;235;121;34;land;false;plains;1
1124;232;255;210;land;false;plains;1
1125;88;91;253;land;false;plains;1
1126;251;132;161;land;false;plains;1
1127;80;194;232;land;false;plains;1
1128;254;255;249;land;false;plains;1
1129;223;177;250;land;true;plains;1
1130;147;202;245;land;false;plains;1
1131;78;119;211;land;false;plains;1
1132;251;161;176;land;true;plains;1
1133;109;230;114;land;false;plains;1
1134;252;116;79;land;true;plains;1
1135;237;116;120;land;false;plains;1
1136;144;89;235;land;false;plains;1
1137;133;244;231;land;false;plains;1
1138;59;242;242;land;false;plains;1
1139;144;98;225;land;false;plains;1
1140;98;131;242;land;true;plains;1
1141;250;182;218;land;true;plains;1
1142;247;108;107;land;false;plains;1
1143;135;184;236;land;true;plains;1
1144;155;89;213;land;false;plains;1
1145;173;253;154;land;false;plains;1
1146;98;177;231;land;false;plains;1
1147;90;99;242;land;false;plains;1
1148;241;223;255;land;false;plains;1
1149;202;95;223;land;false;plains;1
1150;148;249;180;land;false;plains;1
1151;254;230;221;land;false;plains;1
1152;177;209;84;land;false;plains;1
1153;102;70;232;land;false;plains;1
1154;253;197;151;land;false;plains;1
1155;204;173;248;land;false;plains;1
1156;90;179;252;land;false;plains;1
1157;244;127;213;land;false;plains;1
1158;242;119;215;land;true;plains;1
1159;209;52;146;land;false;plains;1
1160;103;134;252;land;false;plains;1
1161;65;248;212;land;false;plains;1
1162;84;224;221;land;false;plains;1
1163;33;153;251;land;true;plains;1
1164;252;246;255;land;false;plains;1
1165;232;161;247;land;false;plains;1
1166;226;52;53;land;false;plains;1
1167;253;185;145;land;true;plains;1
1168;213;39;249;land;false;plains;1
1169;220;254;244;land;false;plains;1
1170;242;253;192;land;false;plains;1
1171;53;216;191;land;false;plains;1
1172;254;235;195;land;false;plains;1
1173;254;204;213;land;false;plains;1
1174;86;212;233;land;false;plains;1
1175;253;203;234;land;false;plains;1
1176;178;252;177;land;false;plains;1
1177;255;206;95;land;false;plains;1
1178;133;254;131;land;false;plains;1
1179;238;217;254;land;false;plains;1
1180;211;225;254;land;false;plains;1
1181;173;249;254;land;false;plains;1
1182;239;238;39;land;false;plains;1
1183;208;118;81;land;false;plains;1
1184;255;254;235;land;true;plains;1
1185;218;213;254;land;false;plains;1
1186;199;254;241;land;false;plains;1
1187;71;174;228;land;false;plains;1
1188;43;98;239;land;false;plains;1
1189;255;247;239;land;false;plains;1
1190;227;250;86;land;false;plains;1
1191;253;221;126;land;false;plains;1
1192;238;117;57;land;false;plains;1
1193;207;254;210;land;false;plains;1
1194;118;103;248;land;false;plains;1
1195;213;253;241;land;false;plains;1
1196;183;244;153;land;false;plains;1
1197;249;135;117;land;false;plains;1
1198;252;255;223;land;false;plains;1
1199;215;230;254;land;false;plains;1
1200;70;217;145;land;false;plains;1
1201;252;216;134;land;false;plains;1
1202;223;233;255;land;false;plains;1
1203;73;221;59;land;true;plains;1
1204;236;115;251;land;false;plains;1
1205;252;230;179;land;false;plains;1
1206;235;67;190;land;false;plains;1
1207;254;255;229;land;true;plains;1
1208;162;249;243;land;false;plains;1
1209;221;249;255;land;false;plains;1
1210;245;68;12;land;false;plains;1
1211;241;218;52;land;false;plains;1
1212;180;247;168;land;false;plains;1
1213;229;230;254;land;false;plains;1
1214;252;109;145;land;false;plains;1
1215;84;225;181;land;false;plains;1
1216;175;250;179;land;false;plains;1
1217;37;28;227;land;false;plains;1
1218;250;254;217;land;false;plains;1
1219;253;193;225;land;false;plains;1
1220;224;255;215;land;false;plains;1
1221;253;190;227;land;false;plains;1
1222;208;254;236;land;false;plains;1
1223;144;234;243;land;false;plains;1
1224;252;194;221;land;false;plains;1
1225;247;158;239;land;false;plains;1
1226;250;203;254;land;false;plains;1
1227;238;255;228;land;false;plains;1
1228;109;42;241;land;false;plains;1
1229;64;192;214;land;false;plains;1
1230;218;166;249;land;false;plains;1
1231;241;99;79;land;false;plains;1
1232;163;98;246;land;false;plains;1
1233;60;95;223;land;false;plains;1
1234;244;207;254;land;false;plains;1
1235;38;27;235;land;false;plains;1
1236;243;75;249;land;false;plains;1
1237;203;73;194;land;false;plains;1
1238;66;222;71;land;false;plains;1
1239;238;41;201;land;false;plains;1
1240;174;252;230;land;false;plains;1
1241;242;253;204;land;false;plains;1
1242;254;188;180;land;false;plains;1
1243;151;166;242;land;false;plains;1
1244;81;113;232;land;false;plains;1
1245;134;150;252;land;false;plains;1
1246;243;255;209;land;false;plains;1
1247;203;251;74;land;false;plains;1
1248;214;166;253;land;false;plains;1
1249;235;255;220;land;false;plains;1
1250;255;242;233;land;false;plains;1
1251;254;222;213;land;false;plains;1
1252;251;226;255;land;false;plains;1
1253;255;232;221;land;false;plains;1
1254;230;140;246;land;false;plains;1
1255;237;99;181;land;false;plains;1
1256;193;232;251;land;false;plains;1
1257;219;98;154;land;false;plains;1
1258;255;254;255;land;false;plains;1
1259;188;255;190;land;false;plains;1
1260;249;230;49;land;false;plains;1
1261;223;190;77;land;false;plains;1
1262;219;114;249;land;false;plains;1
1263;253;252;255;land;false;plains;1
1264;251;249;255;land;false;plains;1
1265;192;245;152;land;true;plains;1
1266;255;236;250;land;false;plains;1
1267;153;38;251;land;false;plains;1
1268;255;247;251;land;false;plains;1
1269;82;209;101;land;false;plains;1
1270;210;255;166;land;true;plains;1
1271;206;244;138;land;false;plains;1
1272;255;253;216;land;false;plains;1
1273;247;198;150;land;false;plains;1
1274;231;255;149;land;false;plains;1
1275;178;253;209;land;false;plains;1
1276;103;83;239;land;false;plains;1
1277;64;65;251;land;false;plains;1
1278;255;227;249;land;false;plains;1
1279;251;178;178;land;false;plains;1
1280;254;216;215;land;false;plains;1
1281;194;252;159;land;false;plains;1
1282;225;35;143;land;false;plains;1
1283;28;44;246;land;false;plains;1
1284;153;200;254;land;false;plains;1
1285;251;255;153;land;false;plains;1
1286;76;65;197;land;true;plains;1
1287;252;251;141;land;false;plains;1
1288;193;198;251;land;false;plains;1
1289;251;182;207;land;false;plains;1
1290;251;232;155;land;false;plains;1
1291;245;242;255;land;false;plains;1
1292;141;227;63;land;false;plains;1
1293;216;253;196;land;false;plains;1
1294;245;154;153;land;true;plains;1
1295;237;127;174;land;false;plains;1
1296;189;225;34;land;false;plains;1
1297;181;168;246;land;false;plains;1
1298;63;214;207;land;false;plains;1
1299;215;57;126;land;true;plains;1
1300;248;133;198;land;false;plains;1
1301;248;199;87;land;false;plains;1
1302;246;183;57;land;false;plains;1
1303;180;232;253;land;false;plains;1
1304;255;203;200;land;true;plains;1
1305;243;237;152;land;true;plains;1
1306;126;69;230;land;false;plains;1
1307;96;235;228;land;false;plains;1
1308;248;162;149;land;false;plains;1
1309;240;160;78;land;false;plains;1
1310;168;232;72;land;false;plains;1
1311;182;252;87;land;false;plains;1
1312;158;237;67;land;false;plains;1
1313;220;254;220;land;false;plains;1
1314;232;132;246;land;false;plains;1
1315;192;238;251;land;false;plains;1
1316;34;249;83;land;false;plains;1
1317;119;131;250;land;true;plains;1
1318;123;57;214;land;false;plains;1
1319;98;113;255;land;false;plains;1
1320;90;102;223;land;false;plains;1
1321;254;227;199;land;false;plains;1
1322;253;144;171;land;false;plains;1
1323;241;73;198;land;false;plains;1
1324;174;251;221;land;false;plains;1
1325;199;223;253;land;false;plains;1
1326;220;60;47;land;false;plains;1
1327;186;254;184;land;false;plains;1
1328;255;232;209;land;true;plains;1
1329;157;104;231;land;false;plains;1
1330;104;240;212;land;false;plains;1
1331;247;186;90;land;false;plains;1
1332;245;254;213;land;false;plains;1
1333;251;154;154;land;false;plains;1
1334;97;237;210;land;false;plains;1
1335;252;213;194;land;false;plains;1
1336;227;255;237;land;false;plains;1
1337;235;155;252;land;false;plains;1
1338;250;232;255;land;false;plains;1
1339;232;200;112;land;false;plains;1
1340;227;65;138;land;false;plains;1
1341;246;233;255;land;false;plains;1
1342;177;255;212;land;true;plains;1
1343;250;208;174;land;false;plains;1
1344;52;52;206;land;false;plains;1
1345;255;247;247;land;false;plains;1
1346;81;70;202;land;false;plains;1
1347;195;237;253;land;false;plains;1
1348;169;237;254;land;false;plains;1
1349;253;251;212;land;false;plains;1
1350;168;249;195;land;false;plains;1
1351;249;220;120;land;false;plains;1
1352;252;255;247;land;true;plains;1
1353;138;240;228;land;true;plains;1
1354;213;56;204;land;false;plains;1
1355;254;229;242;land;true;plains;1
1356;238;236;255;land;false;plains;1
1357;247;214;69;land;false;plains;1
1358;224;73;121;land;false;plains;1
1359;253;189;216;land;true;plains;1
1360;249;204;159;land;false;plains;1
1361;249;226;141;land;false;plains;1
1362;77;240;200;land;false;plains;1
1363;174;248;234;land;true;plains;1
1364;31;237;217;land;false;plains;1
1365;236;230;255;land;false;plains;1
1366;238;151;97;land;false;plains;1
1367;246;253;114;land;false;plains;1
1368;213;254;237;land;false;plains;1
1369;240;254;211;land;false;plains;1
1370;231;154;65;land;true;plains;1
1371;209;73;179;land;false;plains;1
1372;90;226;179;land;false;plains;1
1373;158;227;249;land;false;plains;1
1374;123;166;248;land;false;plains;1
1375;211;221;255;land;false;plains;1
1376;252;186;207;land;false;plains;1
1377;230;78;214;land;false;plains;1
1378;239;187;253;land;false;plains;1
1379;253;235;170;land;false;plains;1
1380;227;64;230;land;false;plains;1
1381;255;243;241;land;false;plains;1
1382;218;216;254;land;false;plains;1
1383;250;255;213;land;false;plains;1
1384;241;253;188;land;true;plains;1
1385;184;254;206;land;false;plains;1
1386;191;244;61;land;false;plains;1
1387;207;74;79;land;false;plains;1
1388;174;252;206;land;false;plains;1
1389;254;218;215;land;false;plains;1
1390;79;252;182;land;false;plains;1
1391;177;232;249;land;false;plains;1
1392;235;185;254;land;false;plains;1
1393;253;214;223;land;false;plains;1
1394;253;144;167;land;false;plains;1
1395;243;152;234;land;false;plains;1
1396;41;242;223;land;false;plains;1
1397;31;244;222;land;false;plains;1
1398;161;253;245;land;false;plains;1
1399;201;99;219;land;false;plains;1
1400;214;193;63;land;false;plains;1
1401;151;247;230;land;false;plains;1
1402;235;229;254;land;false;plains;1
1403;246;133;235;land;false;plains;1
1404;244;255;235;land;false;plains;1
1405;254;88;177;land;false;plains;1
1406;214;202;255;land;false;plains;1
1407;223;252;178;land;false;plains;1
1408;254;224;248;land;false;plains;1
1409;6;251;93;land;false;plains;1
1410;198;178;254;land;false;plains;1
1411;254;193;252;land;false;plains;1
1412;223;251;186;land;false;plains;1
1413;232;254;104;land;true;plains;1
1414;226;187;254;land;false;plains;1
1415;204;70;229;land;false;plains;1
1416;223;121;60;land;false;plains;1
1417;224;223;255;land;false;plains;1
1418;106;235;35;land;true;plains;1
1419;186;175;249;land;false;plains;1
1420;239;252;195;land;false;plains;1
1421;180;218;54;land;false;plains;1
1422;139;230;109;land;false;plains;1
1423;222;176;254;land;false;plains;1
1424;252;255;251;land;false;plains;1
1425;240;210;253;land;false;plains;1
1426;212;181;250;land;false;plains;1
1427;93;227;132;land;false;plains;1
1428;71;226;66;land;false;plains;1
1429;207;59;168;land;true;plains;1
1430;235;235;255;land;true;plains;1
1431;72;180;222;land;false;plains;1
1432;213;73;226;land;false;plains;1
1433;84;231;242;land;false;plains;1
1434;113;101;226;land;false;plains;1
1435;165;251;106;land;false;plains;1
1436;186;252;193;land;false;plains;1
1437;104;207;81;land;false;plains;1
1438;233;239;255;land;false;plains;1
1439;248;183;158;land;false;plains;1
1440;190;228;89;land;false;plains;1
1441;253;193;157;land;false;plains;1
1442;255;252;252;land;true;plains;1
1443;130;189;239;land;false;plains;1
1444;240;203;253;land;false;plains;1
1445;213;34;247;land;false;plains;1
1446;189;224;75;land;false;plains;1
1447;246;60;48;land;false;plains;1
1448;110;48;238;land;false;plains;1
1449;240;251;128;land;false;plains;1
1450;150;225;255;land;false;plains;1
1451;178;250;191;land;false;plains;1
1452;52;234;100;land;false;plains;1
1453;70;241;49;land;false;plains;1
1454;255;245;247;land;false;plains;1
1455;254;254;205;land;false;plains;1
1456;114;229;40;land;false;plains;1
1457;125;240;244;land;false;plains;1
1458;252;190;124;land;false;plains;1
1459;103;67;231;land;false;plains;1
1460;218;109;253;land;false;plains;1
1461;229;242;93;land;false;plains;1
1462;217;255;231;land;false;plains;1
1463;223;231;102;land;false;plains;1
1464;239;250;255;land;false;plains;1
1465;255;243;253;land;true;plains;1
1466;254;239;225;land;false;plains;1
1467;147;250;229;land;false;plains;1
1468;180;54;227;land;false;plains;1
1469;245;113;150;land;false;plains;1
1470;167;196;252;land;true;plains;1
1471;106;155;238;land;false;plains;1
1472;94;212;219;land;false;plains;1
1473;64;166;239;land;false;plains;1
1474;212;249;7;land;false;plains;1
1475;243;255;253;land;false;plains;1
1476;253;201;197;land;false;plains;1
1477;208;240;102;land;false;plains;1
1478;209;254;170;land;false;plains;1
1479;254;251;224;land;false;plains;1
1480;85;114;234;land;false;plains;1
1481;255;250;253;land;false;plains;1
1482;188;251;186;land;false;plains;1
1483;28;88;241;land;false;plains;1
1484;255;13;153;land;true;plains;1
1485;216;255;214;land;false;plains;1
1486;205;189;253;land;false;plains;1
1487;226;255;246;land;false;plains;1
1488;244;255;215;land;false;plains;1
1489;236;254;26;land;false;plains;1
1490;248;148;255;land;false;plains;1
1491;68;161;211;land;false;plains;1
1492;254;80;129;land;false;plains;1
1493;63;82;210;land;false;plains;1
1494;251;172;172;land;false;plains;1
1495;145;126;238;land;false;plains;1
1496;249;165;229;land;false;plains;1
1497;79;199;238;land;false;plains;1
1498;245;247;164;land;false;plains;1
1499;255;255;250;land;false;plains;1
1500;252;124;225;land;false;plains;1
1501;242;253;185;land;false;plains;1
1502;230;230;255;land;false;plains;1
1503;120;232;143;land;false;plains;1
1504;235;100;253;land;false;plains;1
1505;79;217;227;land;false;plains;1
1506;186;231;251;land;false;plains;1
1507;229;125;45;land;false;plains;1
1508;241;209;137;land;false;plains;1
1509;255;237;247;land;false;plains;1
1510;75;21;246;land;false;plains;1
1511;242;171;250;land;false;plains;1
1512;245;163;157;land;false;plains;1
1513;241;255;239;land;false;plains;1
1514;214;96;239;land;false;plains;1
1515;101;217;79;land;false;plains;1
1516;130;222;255;land;false;plains;1
1517;255;235;236;land;false;plains;1
1518;35;165;254;land;false;plains;1
1519;252;157;163;land;false;plains;1
1520;239;255;246;land;false;plains;1
1521;238;49;228;land;false;plains;1
1522;121;218;238;land;true;plains;1
1523;175;212;252;land;false;plains;1
1524;218;242;254;land;false;plains;1
1525;225;59;125;land;false;plains;1
1526;237;254;81;land;false;plains;1
1527;64;251;250;land;false;plains;1
1528;239;214;138;land;false;plains;1
1529;255;252;232;land;false;plains;1
1530;56;243;209;land;false;plains;1
1531;255;125;201;land;false;plains;1
1532;189;183;252;land;false;plains;1
1533;253;184;220;land;false;plains;1
1534;179;251;73;land;false;plains;1
1535;151;138;243;land;false;plains;1
1536;221;211;253;land;false;plains;1
1537;226;110;151;land;false;plains;1
1538;209;218;254;land;false;plains;1
1539;226;240;255;land;false;plains;1
1540;254;200;211;land;false;plains;1
1541;244;34;234;land;false;plains;1
1542;210;253;216;land;false;plains;1
1543;66;231;218;land;false;plains;1
1544;232;122;144;land;false;plains;1
1545;200;191;253;land;false;plains;1
1546;229;94;190;land;false;plains;1
1547;233;255;227;land;false;plains;1
1548;211;251;180;land;false;plains;1
1549;254;180;173;land;false;plains;1
1550;102;237;226;land;false;plains;1
1551;56;163;212;land;false;plains;1
1552;220;118;60;land;false;plains;1
1553;221;168;253;land;false;plains;1
1554;251;99;18;land;false;plains;1
1555;225;202;253;land;false;plains;1
1556;133;192;236;land;false;plains;1
1557;212;253;182;land;false;plains;1
1558;235;181;26;land;true;plains;1
1559;228;62;131;land;false;plains;1
1560;246;253;209;land;false;plains;1
1561;155;87;245;land;false;plains;1
1562;255;232;237;land;false;plains;1
1563;255;160;231;land;false;plains;1
1564;254;205;236;land;false;plains;1
1565;220;226;255;land;false;plains;1
1566;250;178;182;land;false;plains;1
1567;64;169;243;land;false;plains;1
1568;250;186;204;land;false;plains;1
1569;229;71;102;land;false;plains;1
1570;203;18;244;land;false;plains;1
1571;130;238;121;land;false;plains;1
1572;216;208;254;land;false;plains;1
1573;107;215;66;land;false;plains;1
1574;111;221;232;land;true;plains;1
1575;223;222;254;land;false;plains;1
1576;228;204;94;land;false;plains;1
1577;143;253;102;land;false;plains;1
1578;152;102;248;land;false;plains;1
1579;254;217;242;land;false;plains;1
1580;137;237;229;land;false;plains;1
1581;239;163;82;land;false;plains;1
1582;250;150;222;land;false;plains;1
1583;174;254;195;land;false;plains;1
1584;250;189;174;land;false;plains;1
1585;241;113;245;land;false;plains;1
1586;204;255;237;land;false;plains;1
1587;216;137;78;land;false;plains;1
1588;225;204;252;land;false;plains;1
1589;93;227;172;land;false;plains;1
1590;203;194;59;land;false;plains;1
1591;215;254;248;land;false;plains;1
1592;225;185;106;land;true;plains;1
1593;31;236;64;land;true;plains;1
1594;21;249;166;land;false;plains;1
1595;248;10;160;land;false;plains;1
1596;255;235;224;land;false;plains;1
1597;206;212;63;land;false;plains;1
1598;83;236;105;land;false;plains;1
1599;131;107;252;land;false;plains;1
1600;158;243;112;land;false;plains;1
1601;203;249;253;land;false;plains;1
1602;246;203;252;land;false;plains;1
1603;227;104;52;land;false;plains;1
1604;198;197;255;land;true;plains;1
1605;45;243;163;land;false;plains;1
1606;244;216;254;land;false;plains;1
1607;227;80;103;land;false;plains;1
1608;255;252;228;land;false;plains;1
1609;123;174;255;land;false;plains;1
1610;253;254;210;land;false;plains;1
1611;81;179;229;land;false;plains;1
1612;214;198;254;land;false;plains;1
1613;250;243;255;land;false;plains;1
1614;244;254;196;land;false;plains;1
1615;238;208;122;land;false;plains;1
1616;238;180;102;land;false;plains;1
1617;59;247;157;land;false;plains;1
1618;253;224;169;land;true;plains;1
1619;255;245;239;land;false;plains;1
1620;233;97;200;land;false;plains;1
1621;254;166;234;land;false;plains;1
1622;254;221;218;land;false;plains;1
1623;96;214;55;land;true;plains;1
1624;193;34;240;land;false;plains;1
1625;171;254;204;land;false;plains;1
1626;70;212;62;land;true;plains;1
1627;153;178;250;land;true;plains;1
1628;250;156;166;land;true;plains;1
1629;189;158;253;land;false;plains;1
1630;88;174;251;land;false;plains;1
1631;150;230;247;land;false;plains;1
1632;252;253;255;land;false;plains;1
1633;251;149;108;land;false;plains;1
1634;170;248;245;land;false;plains;1
1635;255;222;250;land;false;plains;1
1636;237;243;128;land;false;plains;1
1637;148;252;219;land;false;plains;1
1638;63;244;103;land;false;plains;1
1639;129;249;111;land;false;plains;1
1640;242;255;225;land;false;plains;1
1641;195;228;253;land;false;plains;1
1642;151;30;247;land;false;plains;1
1643;206;254;207;land;false;plains;1
1644;239;254;154;land;false;plains;1
1645;37;236;156;land;false;plains;1
1646;76;239;195;land;false;plains;1
1647;233;116;105;land;false;plains;1
1648;170;208;76;land;false;plains;1
1649;63;110;233;land;false;plains;1
1650;184;105;248;land;true;plains;1
1651;253;144;155;land;false;plains;1
1652;181;219;39;land;false;plains;1
1653;134;152;242;land;false;plains;1
1654;122;211;56;land;false;plains;1
1655;174;187;254;land;false;plains;1
1656;249;210;253;land;false;plains;1
1657;253;245;191;land;false;plains;1
1658;71;250;51;land;false;plains;1
1659;100;187;240;land;false;plains;1
1660;128;239;92;land;false;plains;1
1661;254;223;253;land;false;plains;1
1662;156;241;99;land;true;plains;1
1663;243;172;247;land;false;plains;1
1664;188;224;56;land;false;plains;1
1665;254;129;239;land;false;plains;1
1666;221;231;255;land;false;plains;1
1667;144;241;163;land;false;plains;1
1668;35;52;234;land;false;plains;1
1669;212;251;131;land;false;plains;1
1670;253;165;178;land;false;plains;1
1671;74;153;210;land;false;plains;1
1672;241;255;247;land;false;plains;1
1673;107;170;232;land;false;plains;1
1674;251;234;255;land;false;plains;1
1675;95;89;241;land;false;plains;1
1676;141;115;248;land;false;plains;1
1677;99;212;50;land;false;plains;1
1678;154;214;86;land;true;plains;1
1679;244;236;99;land;false;plains;1
1680;249;244;159;land;false;plains;1
1681;42;214;129;land;false;plains;1
1682;255;246;255;land;false;plains;1
1683;212;230;54;land;true;plains;1
1684;252;240;15;land;false;plains;1
1685;239;130;67;land;false;plains;1
1686;204;134;249;land;false;plains;1
1687;254;241;197;land;false;plains;1
1688;216;106;244;land;false;plains;1
1689;208;80;100;land;false;plains;1
1690;175;185;250;land;false;plains;1
1691;248;255;243;land;false;plains;1
1692;255;228;219;land;false;plains;1
1693;127;244;188;land;false;plains;1
1694;251;251;255;land;false;plains;1
1695;87;226;61;land;false;plains;1
1696;201;179;252;land;false;plains;1
1697;249;255;255;land;false;plains;1
1698;123;80;209;land;false;plains;1
1699;228;79;204;land;true;plains;1
1700;11;254;6;land;false;plains;1
1701;128;247;76;land;false;plains;1
1702;155;141;245;land;true;plains;1
1703;97;240;91;land;false;plains;1
1704;209;153;244;land;true;plains;1
1705;126;210;253;land;false;plains;1
1706;243;122;129;land;false;plains;1
1707;221;95;220;land;false;plains;1
1708;247;123;129;land;true;plains;1
1709;245;250;255;land;false;plains;1
1710;143;240;220;land;false;plains;1
1711;218;65;243;land;false;plains;1
1712;18;54;246;land;false;plains;1
1713;224;82;162;land;true;plains;1
1714;117;250;220;land;false;plains;1
1715;224;255;228;land;false;plains;1
1716;138;229;38;land;false;plains;1
1717;253;59;125;land;false;plains;1
1718;146;251;35;land;false;plains;1
1719;187;251;232;land;false;plains;1
1720;253;221;212;land;false;plains;1
1721;171;113;245;land;false;plains;1
1722;252;205;195;land;false;plains;1
1723;122;47;213;land;true;plains;1
1724;146;241;214;land;false;plains;1
1725;226;251;187;land;false;plains;1
1726;245;255;250;land;true;plains;1
1727;182;253;227;land;false;plains;1
1728;174;254;219;land;false;plains;1
1729;63;227;238;land;false;plains;1
1730;144;40;244;land;false;plains;1
1731;147;240;121;land;false;plains;1
1732;230;118;166;land;false;plains;1
1733;213;138;242;land;false;plains;1
1734;231;255;237;land;false;plains;1
1735;206;116;244;land;false;plains;1
1736;197;226;106;land;false;plains;1
1737;191;188;250;land;false;plains;1
1738;77;200;234;land;false;plains;1
1739;166;253;239;land;true;plains;1
1740;180;88;238;land;false;plains;1
1741;250;200;104;land;false;plains;1
1742;45;222;126;land;false;plains;1
1743;175;59;205;land;false;plains;1
1744;229;185;250;land;false;plains;1
1745;152;255;237;land;false;plains;1
1746;238;23;123;land;false;plains;1
1747;254;226;247;land;false;plains;1
1748;193;251;248;land;false;plains;1
1749;241;54;252;land;false;plains;1
1750;248;255;255;land;false;plains;1
1751;180;250;186;land;false;plains;1
1752;237;232;96;land;false;plains;1
1753;223;182;255;land;false;plains;1
1754;208;253;223;land;false;plains;1
1755;230;254;188;land;false;plains;1
1756;130;194;236;land;false;plains;1
1757;200;221;252;land;false;plains;1
1758;144;250;240;land;false;plains;1
1759;253;232;104;land;false;plains;1
1760;89;224;203;land;false;plains;1
1761;182;99;223;land;false;plains;1
1762;208;203;254;land;false;plains;1
1763;182;222;250;land;false;plains;1
1764;221;252;117;land;false;plains;1
1765;253;19;48;land;false;plains;1
1766;243;254;212;land;false;plains;1
1767;120;83;241;land;true;plains;1
1768;251;213;55;land;false;plains;1
1769;255;243;205;land;false;plains;1
1770;245;206;159;land;false;plains;1
1771;44;219;229;land;false;plains;1
1772;173;236;252;land;false;plains;1
1773;254;218;235;land;false;plains;1
1774;244;237;255;land;false;plains;1
1775;222;78;207;land;false;plains;1
1776;143;123;240;land;false;plains;1
1777;254;191;173;land;false;plains;1
1778;245;249;110;land;false;plains;1
1779;198;210;253;land;false;plains;1
1780;245;96;126;land;false;plains;1
1781;217;83;244;land;false;plains;1
1782;97;202;222;land;false;plains;1
1783;141;146;247;land;false;plains;1
1784;88;253;96;land;false;plains;1
1785;248;49;127;land;false;plains;1
1786;146;212;74;land;false;plains;1
1787;226;210;254;land;false;plains;1
1788;173;251;253;land;false;plains;1
1789;188;203;252;land;false;plains;1
1790;62;90;228;land;false;plains;1
1791;219;143;47;land;false;plains;1
1792;82;172;226;land;false;plains;1
1793;254;174;173;land;false;plains;1
1794;222;254;244;land;false;plains;1
1795;241;192;253;land;false;plains;1
1796;169;251;254;land;false;plains;1
1797;255;195;208;land;false;plains;1
1798;109;133;245;land;false;plains;1
1799;185;226;52;land;false;plains;1
1800;252;189;172;land;false;plains;1
1801;225;254;179;land;false;plains;1
1802;107;91;234;land;false;plains;1
1803;111;224;240;land;false;plains;1
1804;255;241;233;land;true;plains;1
1805;116;5;255;land;false;plains;1
1806;44;220;55;land;false;plains;1
1807;245;255;238;land;false;plains;1
1808;230;246;64;land;false;plains;1
1809;213;154;81;land;false;plains;1
1810;217;88;223;land;false;plains;1
1811;194;254;235;land;false;plains;1
1812;252;185;196;land;false;plains;1
1813;250;163;176;land;false;plains;1
1814;178;230;107;land;false;plains;1
1815;231;255;249;land;false;plains;1
1816;206;154;78;land;false;plains;1
1817;242;152;234;land;false;plains;1
1818;97;114;241;land;false;plains;1
1819;253;131;206;land;false;plains;1
1820;247;141;160;land;false;plains;1
1821;148;247;176;land;false;plains;1
1822;210;250;142;land;false;plains;1
1823;215;76;74;land;false;plains;1
1824;243;189;251;land;false;plains;1
1825;165;246;232;land;true;plains;1
1826;255;248;241;land;true;plains;1
1827;247;248;255;land;false;plains;1
1828;186;254;235;land;false;plains;1
1829;251;255;205;land;false;plains;1
1830;255;217;217;land;false;plains;1
1831;212;119;52;land;false;plains;1
1832;127;236;72;land;false;plains;1
1833;43;191;226;land;false;plains;1
1834;156;242;251;land;false;plains;1
1835;174;135;254;land;false;plains;1
1836;179;254;219;land;false;plains;1
1837;249;238;255;land;false;plains;1
1838;206;253;176;land;false;plains;1
1839;225;255;219;land;false;plains;1
1840;255;228;243;land;false;plains;1
1841;255;236;223;land;false;plains;1
1842;173;173;250;land;false;plains;1
1843;77;110;251;land;false;plains;1
1844;248;141;239;land;false;plains;1
1845;249;61;39;land;false;plains;1
1846;254;219;252;land;false;plains;1
1847;213;160;88;land;false;plains;1
1848;255;253;247;land;false;plains;1
1849;134;222;56;land;false;plains;1
1850;171;252;33;land;false;plains;1
1851;240;255;243;land;false;plains;1
1852;116;234;183;land;false;plains;1
1853;206;130;248;land;false;plains;1
1854;204;251;167;land;false;plains;1
1855;108;228;171;land;false;plains;1
1856;238;97;167;land;false;plains;1
1857;187;131;242;land;false;plains;1
1858;116;173;250;land;false;plains;1
1859;195;81;225;land;false;plains;1
1860;173;222;73;land;false;plains;1
1861;187;141;252;land;false;plains;1
1862;116;192;250;land;false;plains;1
1863;254;144;106;land;false;plains;1
1864;255;169;142;land;true;plains;1
1865;228;241;130;land;true;plains;1
1866;114;227;109;land;false;plains;1
1867;241;232;127;land;true;plains;1
1868;159;147;247;land;false;plains;1
1869;245;252;255;land;false;plains;1
1870;103;105;253;land;false;plains;1
1871;188;238;22;land;false;plains;1
1872;225;228;255;land;false;plains;1
1873;95;244;96;land;true;plains;1
1874;253;111;230;land;false;plains;1
1875;171;250;175;land;false;plains;1
1876;55;205;169;land;false;plains;1
1877;175;124;244;land;false;plains;1
1878;232;144;66;land;false;plains;1
1879;97;222;148;land;false;plains;1
1880;91;49;222;land;false;plains;1
1881;136;237;73;land;false;plains;1
1882;71;253;166;land;false;plains;1
1883;230;255;239;land;false;plains;1
1884;183;254;172;land;false;plains;1
1885;227;242;255;land;false;plains;1
1886;233;252;166;land;false;plains;1
1887;41;244;213;land;false;plains;1
1888;250;192;171;land;false;plains;1
1889;254;209;233;land;false;plains;1
1890;247;12;31;land;false;plains;1
1891;231;255;245;land;false;plains;1
1892;156;131;238;land;false;plains;1
1893;188;134;244;land;false;plains;1
1894;243;128;230;land;false;plains;1
1895;76;125;215;land;false;plains;1
1896;143;243;60;land;false;plains;1
1897;222;251;194;land;true;plains;1
1898;251;234;195;land;false;plains;1
1899;99;175;226;land;true;plains;1
1900;255;248;253;land;true;plains;1
1901;221;251;141;land;false;plains;1
1902;232;85;115;land;false;plains;1
1903;127;242;89;land;true;plains;1
1904;248;28;138;land;true;plains;1
1905;254;232;224;land;false;plains;1
1906;237;190;56;land;false;plains;1
1907;251;255;249;land;false;plains;1
1908;237;144;249;land;false;plains;1
1909;127;126;241;land;false;plains;1
1910;248;140;159;land;false;plains;1
1911;138;102;225;land;false;plains;1
1912;174;162;245;land;false;plains;1
1913;47;196;244;land;false;plains;1
1914;105;152;248;land;false;plains;1
1915;216;251;188;land;true;plains;1
1916;37;127;253;land;true;plains;1
1917;198;240;66;land;true;plains;1
1918;254;177;214;land;false;plains;1
1919;237;156;72;land;false;plains;1
1920;143;230;90;land;false;plains;1
1921;254;228;231;land;false;plains;1
1922;254;219;240;land;false;plains;1
1923;220;240;254;land;false;plains;1
1924;223;95;162;land;false;plains;1
1925;193;252;183;land;false;plains;1
1926;243;123;56;land;false;plains;1
1927;198;209;252;land;false;plains;1
1928;202;244;253;land;false;plains;1
1929;255;189;236;land;false;plains;1
1930;176;198;249;land;false;plains;1
1931;252;255;204;land;false;plains;1
1932;204;253;230;land;false;plains;1
1933;160;252;202;land;false;plains;1
1934;226;248;254;land;false;plains;1
1935;252;166;145;land;false;plains;1
1936;209;47;69;land;false;plains;1
1937;162;97;236;land;false;plains;1
1938;144;251;171;land;false;plains;1
1939;246;205;64;land;false;plains;1
1940;147;202;246;land;false;plains;1
1941;156;162;250;land;false;plains;1
1942;146;242;177;land;false;plains;1
1943;171;253;213;land;false;plains;1
1944;94;239;197;land;true;plains;1
1945;92;253;55;land;false;plains;1
1946;186;250;185;land;false;plains;1
1947;233;178;126;land;false;plains;1
1948;201;209;255;land;false;plains;1
1949;252;101;72;land;false;plains;1
1950;120;247;238;land;false;plains;1
1951;254;212;199;land;false;plains;1
1952;204;159;244;land;false;plains;1
1953;161;237;252;land;false;plains;1
1954;232;230;255;land;false;plains;1
1955;212;68;236;land;false;plains;1
1956;235;125;81;land;false;plains;1
1957;236;154;116;land;true;plains;1
1958;254;230;220;land;false;plains;1
1959;242;165;102;land;true;plains;1
1960;242;139;254;land;false;plains;1
1961;121;253;69;land;false;plains;1
1962;177;204;250;land;false;plains;1
1963;198;246;128;land;false;plains;1
1964;221;219;254;land;false;plains;1
1965;130;246;140;land;false;plains;1
1966;172;248;237;land;false;plains;1
1967;241;189;146;land;true;plains;1
1968;153;233;63;land;false;plains;1
1969;215;60;168;land;false;plains;1
1970;254;228;124;land;false;plains;1
1971;87;164;213;land;false;plains;1
1972;144;242;119;land;false;plains;1
1973;141;231;118;land;false;plains;1
1974;174;252;233;land;true;plains;1
1975;193;254;208;land;false;plains;1
1976;101;104;231;land;false;plains;1
1977;188;173;249;land;false;plains;1
1978;189;71;211;land;false;plains;1
1979;178;252;176;land;false;plains;1
1980;237;138;169;land;false;plains;1
1981;83;13;242;land;false;plains;1
1982;51;219;124;land;true;plains;1
1983;254;189;234;land;false;plains;1
1984;158;175;255;land;false;plains;1
1985;209;55;84;land;false;plains;1
1986;232;224;254;land;false;plains;1
1987;244;129;19;land;false;plains;1
1988;163;249;62;land;false;plains;1
1989;229;220;254;land;false;plains;1
1990;44;251;206;land;false;plains;1
1991;254;249;122;land;false;plains;1
1992;77;49;230;land;false;plains;1
1993;246;126;119;land;false;plains;1
1994;242;250;187;land;true;plains;1
1995;254;250;224;land;false;plains;1
1996;239;167;254;land;false;plains;1
1997;94;252;218;land;false;plains;1
1998;255;92;208;land;false;plains;1
1999;185;254;185;land;true;plains;1
2000;203;139;239;land;false;plains;1
2001;234;254;216;land;true;plains;1
2002;240;78;67;land;false;plains;1
2003;68;59;206;land;false;plains;1
2004;212;250;171;land;false;plains;1
2005;240;125;139;land;false;plains;1
2006;255;247;238;land;true;plains;1
2007;197;253;195;land;true;plains;1
2008;245;95;59;land;false;plains;1
2009;254;219;228;land;false;plains;1
2010;202;254;236;land;false;plains;1
2011;229;213;254;land;false;plains;1
2012;254;237;255;land;false;plains;1
2013;254;126;254;land;false;plains;1
2014;243;253;177;land;false;plains;1
2015;129;65;206;land;false;plains;1
2016;207;117;252;land;true;plains;1
2017;252;245;255;land;true;plains;1
2018;251;234;182;land;true;plains;1
2019;253;229;198;land;false;plains;1
2020;80;120;242;land;false;plains;1
2021;233;218;254;land;false;plains;1
2022;253;255;247;land;false;plains;1
2023;246;134;172;land;false;plains;1
2024;197;213;76;land;false;plains;1
2025;170;247;180;land;false;plains;1
2026;116;187;246;land;false;plains;1
2027;73;129;251;land;false;plains;1
2028;176;241;103;land;false;plains;1
2029;141;234;109;land;false;plains;1
2030;251;195;230;land;false;plains;1
2031;214;254;235;land;false;plains;1
2032;76;222;120;land;true;plains;1
2033;228;132;56;land;false;plains;1
2034;246;255;240;land;false;plains;1
2035;151;246;119;land;false;plains;1
2036;238;255;231;land;false;plains;1
2037;240;221;254;land;false;plains;1
2038;213;250;254;land;true;plains;1
2039;143;210;252;land;false;plains;1
2040;53;240;217;land;false;plains;1
2041;241;129;83;land;false;plains;1
2042;223;255;165;land;false;plains;1
2043;250;227;97;land;false;plains;1
2044;241;29;41;land;false;plains;1
2045;140;246;133;land;true;plains;1
2046;252;182;189;land;false;plains;1
2047;225;254;223;land;false;plains;1
2048;227;239;254;land;false;plains;1
2049;248;162;166;land;false;plains;1
2050;85;222;225;land;true;plains;1
2051;243;108;206;land;false;plains;1
2052;227;220;112;land;false;plains;1
2053;146;116;248;land;false;plains;1
2054;243;44;249;land;false;plains;1
2055;73;74;248;land;false;plains;1
2056;136;248;123;land;false;plains;1
2057;75;44;249;land;false;plains;1
2058;255;239;249;land;false;plains;1
2059;252;177;223;land;false;plains;1
2060;250;134;225;land;false;plains;1
2061;147;169;245;land;false;plains;1
2062;134;123;244;land;false;plains;1
2063;212;56;60;land;false;plains;1
2064;39;32;245;land;false;plains;1
2065;225;233;255;land;false;plains;1
2066;248;70;233;land;false;plains;1
2067;212;245;161;land;false;plains;1
2068;233;136;253;land;false;plains;1
2069;223;234;255;land;false;plains;1
2070;47;214;201;land;false;plains;1
2071;255;211;210;land;false;plains;1
2072;244;255;242;land;false;plains;1
2073;245;254;218;land;false;plains;1
2074;223;54;113;land;false;plains;1
2075;255;254;254;land;false;plains;1
2076;255;201;232;land;false;plains;1
2077;228;199;99;land;false;plains;1
2078;137;223;82;land;false;plains;1
2079;176;236;128;land;false;plains;1
2080;229;112;229;land;false;plains;1
2081;255;247;250;land;false;plains;1
2082;199;82;255;land;false;plains;1
2083;152;139;240;land;false;plains;1
2084;255;253;219;land;false;plains;1
2085;88;164;218;land;false;plains;1
2086;125;248;190;land;false;plains;1
2087;236;187;52;land;false;plains;1
2088;180;253;181;land;false;plains;1
2089;193;238;52;land;true;plains;1
2090;254;192;156;land;false;plains;1
2091;243;144;62;land;false;plains;1
2092;187;245;75;land;false;plains;1
2093;113;248;155;land;true;plains;1
2094;176;253;158;land;false;plains;1
2095;191;194;254;land;false;plains;1
2096;87;252;231;land;false;plains;1
2097;253;255;251;land;true;plains;1
2098;242;148;231;land;false;plains;1
2099;186;252;248;land;false;plains;1
2100;254;39;139;land;true;plains;1
2101;221;186;95;land;false;plains;1
2102;47;225;194;land;false;plains;1
2103;255;153;185;land;false;plains;1
2104;247;148;197;land;true;plains;1
2105;253;230;255;land;false;plains;1
2106;180;250;243;land;false;plains;1
2107;211;250;149;land;false;plains;1
2108;247;165;174;land;false;plains;1
2109;197;251;206;land;false;plains;1
2110;144;240;140;land;false;plains;1
2111;216;249;255;land;false;plains;1
2112;248;165;25;land;false;plains;1
2113;66;31;250;land;false;plains;1
2114;212;248;255;land;false;plains;1
2115;63;218;198;land;false;plains;1
2116;41;33;243;land;false;plains;1
2117;115;249;164;land;false;plains;1
2118;86;227;69;land;false;plains;1
2119;184;254;249;land;true;plains;1
2120;255;249;241;land;false;plains;1
2121;250;158;164;land;false;plains;1
2122;75;235;163;land;false;plains;1
2123;245;214;105;land;false;plains;1
2124;223;213;55;land;false;plains;1
2125;208;232;48;land;false;plains;1
2126;217;239;107;land;false;plains;1
2127;245;206;80;land;false;plains;1
2128;203;208;254;land;false;plains;1
2129;96;219;67;land;false;plains;1
2130;136;250;180;land;false;plains;1
2131;138;59;247;land;false;plains;1
2132;238;166;113;land;false;plains;1
2133;249;105;164;land;true;plains;1
2134;57;223;150;land;false;plains;1
2135;243;133;157;land;false;plains;1
2136;254;150;157;land;false;plains;1
2137;217;249;12;land;false;plains;1
2138;231;121;118;land;false;plains;1
2139;234;133;24;land;false;plains;1
2140;255;254;242;land;false;plains;1
2141;188;247;128;land;false;plains;1
2142;252;180;209;land;false;plains;1
2143;43;170;253;land;false;plains;1
2144;255;236;239;land;false;plains;1
2145;111;215;69;land;false;plains;1
2146;236;255;189;land;false;plains;1
2147;254;252;255;land;false;plains;1
2148;158;182;252;land;false;plains;1
2149;46;245;49;land;false;plains;1
2150;79;246;52;land;false;plains;1
2151;255;229;234;land;false;plains;1
2152;203;248;253;land;false;plains;1
2153;254;237;199;land;false;plains;1
2154;238;222;81;land;false;plains;1
2155;233;203;255;land;false;plains;1
2156;245;142;238;land;false;plains;1
2157;252;255;232;land;false;plains;1
2158;233;120;160;land;false;plains;1
2159;169;254;135;land;false;plains;1
2160;52;236;118;land;false;plains;1
2161;253;183;244;land;false;plains;1
2162;92;224;222;land;false;plains;1
2163;239;241;143;land;false;plains;1
2164;245;104;196;land;false;plains;1
2165;251;218;105;land;false;plains;1
2166;226;183;78;land;false;plains;1
2167;218;252;159;land;false;plains;1
2168;242;242;255;land;false;plains;1
2169;128;239;138;land;true;plains;1
2170;249;238;182;land;false;plains;1
2171;247;117;148;land;false;plains;1
2172;246;255;216;land;false;plains;1
2173;214;83;135;land;false;plains;1
2174;238;136;57;land;false;plains;1
2175;78;242;103;land;false;plains;1
2176;246;247;255;land;false;plains;1
2177;130;146;241;land;false;plains;1
2178;219;214;58;land;false;plains;1
2179;107;242;237;land;false;plains;1
2180;154;244;149;land;false;plains;1
2181;84;219;185;land;false;plains;1
2182;51;138;206;land;false;plains;1
2183;221;254;242;land;false;plains;1
2184;242;147;228;land;false;plains;1
2185;230;97;93;land;false;plains;1
2186;129;148;253;land;false;plains;1
2187;154;113;253;land;false;plains;1
2188;214;226;253;land;false;plains;1
2189;176;181;251;land;false;plains;1
2190;199;253;229;land;false;plains;1
2191;230;162;245;land;false;plains;1
2192;250;255;218;land;false;plains;1
2193;77;89;228;land;false;plains;1
2194;240;132;83;land;false;plains;1
2195;247;137;215;land;false;plains;1
2196;254;194;235;land;false;plains;1
2197;201;240;123;land;false;plains;1
2198;236;184;25;land;false;plains;1
2199;138;233;102;land;false;plains;1
2200;165;252;217;land;false;plains;1
2201;219;94;156;land;false;plains;1
2202;217;254;231;land;false;plains;1
2203;249;199;254;land;true;plains;1
2204;165;233;255;land;false;plains;1
2205;251;253;192;land;false;plains;1
2206;254;214;222;land;false;plains;1
2207;235;82;216;land;false;plains;1
2208;244;255;234;land;false;plains;1
2209;173;249;221;land;false;plains;1
2210;119;183;248;land;false;plains;1
2211;252;190;246;land;false;plains;1
2212;241;198;252;land;false;plains;1
2213;207;240;96;land;false;plains;1
2214;249;245;160;land;false;plains;1
2215;246;121;209;land;false;plains;1
2216;199;233;31;land;false;plains;1
2217;122;243;219;land;false;plains;1
2218;238;140;69;land;false;plains;1
2219;158;249;153;land;true;plains;1
2220;43;244;99;land;true;plains;1
2221;252;255;252;land;false;plains;1
2222;254;237;211;land;false;plains;1
2223;172;247;67;land;false;plains;1
2224;240;210;254;land;false;plains;1
2225;84;222;191;land;false;plains;1
2226;139;251;140;land;false;plains;1
2227;216;254;209;land;false;plains;1
2228;114;116;237;land;false;plains;1
2229;97;235;185;land;false;plains;1
2230;94;231;100;land;false;plains;1
2231;249;42;85;land;false;plains;1
2232;251;209;153;land;false;plains;1
2233;239;255;249;land;false;plains;1
2234;182;250;208;land;false;plains;1
2235;60;202;90;land;false;plains;1
2236;255;252;251;land;false;plains;1
2237;196;133;247;land;false;plains;1
2238;138;237;28;land;false;plains;1
2239;238;194;253;land;false;plains;1
2240;230;254;239;land;false;plains;1
2241;243;251;63;land;false;plains;1
2242;120;251;115;land;false;plains;1
2243;160;249;223;land;false;plains;1
2244;242;201;93;land;false;plains;1
2245;255;245;240;land;false;plains;1
2246;224;77;168;land;false;plains;1
2247;225;254;251;land;false;plains;1
2248;121;235;136;land;false;plains;1
2249;255;243;250;land;false;plains;1
2250;224;80;78;land;false;plains;1
2251;102;170;227;land;false;plains;1
2252;254;151;209;land;true;plains;1
2253;236;107;133;land;false;plains;1
2254;231;127;107;land;false;plains;1
2255;246;254;207;land;false;plains;1
2256;173;242;145;land;false;plains;1
2257;245;231;131;land;false;plains;1
2258;132;242;118;land;false;plains;1
2259;50;124;255;land;true;plains;1
2260;255;215;225;land;false;plains;1
2261;252;167;152;land;false;plains;1
2262;255;250;242;land;false;plains;1
2263;168;202;252;land;false;plains;1
2264;234;255;234;land;false;plains;1
2265;220;53;157;land;false;plains;1
2266;126;35;235;land;true;plains;1
2267;231;52;61;land;false;plains;1
2268;226;255;247;land;false;plains;1
2269;255;232;254;land;false;plains;1
2270;244;255;214;land;false;plains;1
2271;127;240;244;land;false;plains;1
2272;253;205;234;land;false;plains;1
2273;191;221;76;land;false;plains;1
2274;156;235;90;land;true;plains;1
2275;110;217;242;land;false;plains;1
2276;70;54;210;land;false;plains;1
2277;246;174;81;land;false;plains;1
2278;253;199;11;land;false;plains;1
2279;137;158;247;land;true;plains;1
2280;252;85;129;land;false;plains;1
2281;22;247;58;land;false;plains;1
2282;205;204;253;land;false;plains;1
2283;209;105;254;land;false;plains;1
2284;220;246;156;land;false;plains;1
2285;210;255;251;land;false;plains;1
2286;255;255;253;land;false;plains;1
2287;115;245;146;land;false;plains;1
2288;191;169;250;land;false;plains;1
2289;241;255;238;land;true;plains;1
2290;207;195;253;land;false;plains;1
2291;205;65;82;land;false;plains;1
2292;251;186;202;land;false;plains;1
2293;44;17;249;land;true;plains;1
2294;243;39;84;land;false;plains;1
2295;254;247;231;land;false;plains;1
2296;250;165;99;land;false;plains;1
2297;110;254;150;land;false;plains;1
2298;108;239;183;land;false;plains;1
2299;240;254;202;land;true;plains;1
2300;35;26;253;land;false;plains;1
2301;248;239;139;land;true;plains;1
2302;230;243;56;land;false;plains;1
2303;255;252;247;land;false;plains;1
2304;154;131;244;land;false;plains;1
2305;248;255;212;land;false;plains;1
2306;78;250;59;land;false;plains;1
2307;142;239;201;land;false;plains;1
2308;198;250;118;land;false;plains;1
2309;123;253;190;land;false;plains;1
2310;158;78;253;land;false;plains;1
2311;147;253;28;land;false;plains;1
2312;255;245;252;land;false;plains;1
2313;171;115;247;land;false;plains;1
2314;135;166;239;land;false;plains;1
2315;255;155;125;land;false;plains;1
2316;221;254;234;land;false;plains;1
2317;200;227;35;land;false;plains;1
2318;106;193;235;land;false;plains;1
2319;243;217;87;land;false;plains;1
2320;252;246;186;land;true;plains;1
2321;254;200;208;land;false;plains;1
2322;234;236;255;land;false;plains;1
2323;255;222;233;land;false;plains;1
2324;193;229;104;land;false;plains;1
2325;179;253;198;land;false;plains;1
2326;240;190;136;land;false;plains;1
2327;240;72;161;land;false;plains;1
2328;244;68;40;land;false;plains;1
2329;121;95;228;land;false;plains;1
2330;184;92;248;land;false;plains;1
2331;244;158;134;land;false;plains;1
2332;253;201;206;land;false;plains;1
2333;175;250;249;land;false;plains;1
2334;178;255;114;land;false;plains;1
2335;155;129;246;land;false;plains;1
2336;187;252;212;land;false;plains;1
2337;133;239;224;land;false;plains;1
2338;39;219;150;land;false;plains;1
2339;250;95;123;land;false;plains;1
2340;217;241;78;land;false;plains;1
2341;116;84;243;land;false;plains;1
2342;187;118;245;land;false;plains;1
2343;251;228;171;land;true;plains;1
2344;167;244;123;land;false;plains;1
2345;117;230;169;land;false;plains;1
2346;211;254;247;land;false;plains;1
2347;196;214;253;land;false;plains;1
2348;248;162;239;land;false;plains;1
2349;8;254;79;land;true;plains;1
2350;146;251;206;land;false;plains;1
2351;216;114;236;land;true;plains;1
2352;254;217;241;land;false;plains;1
2353;244;75;203;land;false;plains;1
2354;144;127;240;land;false;plains;1
2355;254;188;238;land;false;plains;1
2356;252;191;169;land;false;plains;1
2357;65;250;166;land;false;plains;1
2358;247;213;255;land;false;plains;1
2359;205;254;219;land;false;plains;1
2360;234;226;22;land;false;plains;1
2361;225;204;253;land;false;plains;1
2362;211;191;253;land;false;plains;1
2363;138;248;253;land;false;plains;1
2364;187;73;242;land;false;plains;1
2365;215;254;249;land;false;plains;1
2366;245;206;255;land;false;plains;1
2367;178;69;238;land;false;plains;1
2368;223;35;110;land;false;plains;1
2369;253;210;252;land;false;plains;1
2370;181;249;195;land;false;plains;1
2371;207;253;180;land;false;plains;1
2372;148;140;252;land;false;plains;1
2373;241;205;255;land;false;plains;1
2374;115;232;238;land;false;plains;1
2375;250;240;63;land;false;plains;1
2376;246;203;253;land;false;plains;1
2377;174;170;254;land;false;plains;1
2378;241;162;53;land;false;plains;1
2379;122;85;254;land;false;plains;1
2380;255;252;227;land;false;plains;1
2381;246;166;214;land;true;plains;1
2382;218;215;254;land;false;plains;1
2383;247;117;112;land;false;plains;1
2384;68;181;242;land;false;plains;1
2385;146;243;130;land;false;plains;1
2386;181;120;241;land;false;plains;1
2387;121;228;76;land;false;plains;1
2388;230;30;127;land;false;plains;1
2389;234;194;95;land;true;plains;1
2390;255;245;232;land;false;plains;1
2391;243;238;146;land;false;plains;1
2392;36;161;231;land;false;plains;1
2393;125;45;232;land;false;plains;1
2394;254;221;219;land;false;plains;1
2395;118;90;242;land;false;plains;1
2396;217;255;240;land;false;plains;1
2397;251;250;168;land;false;plains;1
2398;223;107;53;land;false;plains;1
2399;255;243;210;land;false;plains;1
2400;251;241;100;land;false;plains;1
2401;249;108;176;land;true;plains;1
2402;215;228;254;land;false;plains;1
2403;127;171;242;land;false;plains;1
2404;196;254;242;land;false;plains;1
2405;223;235;255;land;false;plains;1
2406;225;35;121;land;false;plains;1
2407;229;238;254;land;false;plains;1
2408;203;243;253;land;true;plains;1
2409;254;183;103;land;false;plains;1
2410;192;109;228;land;false;plains;1
2411;165;140;243;land;false;plains;1
2412;73;114;208;land;false;plains;1
2413;237;254;255;land;false;plains;1
2414;236;96;217;land;false;plains;1
2415;255;250;234;land;false;plains;1
2416;219;254;243;land;false;plains;1
2417;155;65;207;land;false;plains;1
2418;152;80;251;land;false;plains;1
2419;138;237;255;land;true;plains;1
2420;158;252;163;land;false;plains;1
2421;56;40;234;land;false;plains;1
2422;161;250;224;land;false;plains;1
2423;217;245;255;land;false;plains;1
2424;152;73;240;land;false;plains;1
2425;241;222;76;land;false;plains;1
2426;215;67;98;land;false;plains;1
2427;136;255;129;land;true;plains;1
2428;64;71;205;land;false;plains;1
2429;64;238;134;land;false;plains;1
2430;193;175;248;land;false;plains;1
2431;158;249;253;land;false;plains;1
2432;113;194;229;land;false;plains;1
2433;247;207;121;land;false;plains;1
2434;67;124;210;land;false;plains;1
2435;142;227;104;land;false;plains;1
2436;117;242;104;land;false;plains;1
2437;44;217;227;land;false;plains;1
2438;251;141;194;land;false;plains;1
2439;109;250;131;land;false;plains;1
2440;153;249;179;land;false;plains;1
2441;220;255;244;land;false;plains;1
2442;254;247;207;land;false;plains;1
2443;254;191;193;land;false;plains;1
2444;252;222;188;land;false;plains;1
2445;107;88;223;land;false;plains;1
2446;190;99;232;land;false;plains;1
2447;172;245;159;land;false;plains;1
2448;175;171;247;land;true;plains;1
2449;253;199;170;land;false;plains;1
2450;206;133;249;land;false;plains;1
2451;115;231;184;land;false;plains;1
2452;227;228;70;land;false;plains;1
2453;232;116;216;land;false;plains;1
2454;247;169;227;land;true;plains;1
2455;105;211;237;land;false;plains;1
2456;252;233;77;land;true;plains;1
2457;112;241;103;land;false;plains;1
2458;191;176;248;land;false;plains;1
2459;239;105;110;land;false;plains;1
2460;212;105;244;land;false;plains;1
2461;254;4;131;land;false;plains;1
2462;243;106;55;land;false;plains;1
2463;249;255;248;land;false;plains;1
2464;102;245;137;land;false;plains;1
2465;245;166;59;land;false;plains;1
2466;246;90;181;land;false;plains;1
2467;202;71;253;land;false;plains;1
2468;67;65;202;land;false;plains;1
2469;240;255;234;land;false;plains;1
2470;193;128;247;land;false;plains;1
2471;98;61;253;land;false;plains;1
2472;239;90;71;land;true;plains;1
2473;104;208;57;land;false;plains;1
2474;232;255;244;land;false;plains;1
2475;255;251;251;land;false;plains;1
2476;232;245;115;land;false;plains;1
2477;254;231;239;land;false;plains;1
2478;224;254;144;land;false;plains;1
2479;246;115;170;land;false;plains;1
2480;144;243;234;land;false;plains;1
2481;101;217;237;land;false;plains;1
2482;180;249;159;land;false;plains;1
2483;233;255;248;land;false;plains;1
2484;255;233;232;land;false;plains;1
2485;194;255;152;land;false;plains;1
2486;244;91;187;land;false;plains;1
2487;194;219;70;land;false;plains;1
2488;161;100;232;land;false;plains;1
2489;253;238;255;land;false;plains;1
2490;255;226;227;land;false;plains;1
2491;240;194;16;land;false;plains;1
2492;132;247;46;land;false;plains;1
2493;246;255;3;land;false;plains;1
2494;125;245;120;land;false;plains;1
2495;200;232;253;land;false;plains;1
2496;46;179;243;land;false;plains;1
2497;239;33;31;land;false;plains;1
2498;253;171;139;land;false;plains;1
2499;95;217;175;land;false;plains;1
2500;215;225;42;land;false;plains;1
2501;153;218;244;land;false;plains;1
2502;220;205;44;land;false;plains;1
2503;65;176;253;land;false;plains;1
2504;255;254;182;land;false;plains;1
2505;247;255;234;land;true;plains;1
2506;224;235;255;land;false;plains;1
2507;47;221;129;land;false;plains;1
2508;104;229;106;land;false;plains;1
2509;252;182;236;land;false;plains;1
2510;172;224;249;land;true;plains;1
2511;212;250;255;land;false;plains;1
2512;115;241;163;land;false;plains;1
2513;236;253;63;land;false;plains;1
2514;245;255;251;land;false;plains;1
2515;252;216;43;land;false;plains;1
2516;187;253;216;land;false;plains;1
2517;144;242;146;land;false;plains;1
2518;168;234;96;land;false;plains;1
2519;241;137;224;land;false;plains;1
2520;156;251;139;land;false;plains;1
2521;247;219;128;land;true;plains;1
2522;241;145;199;land;false;plains;1
2523;88;242;246;land;false;plains;1
2524;140;73;249;land;false;plains;1
2525;232;104;184;land;false;plains;1
2526;254;206;242;land;false;plains;1
2527;215;211;253;land;false;plains;1
2528;212;75;233;land;false;plains;1
2529;189;196;250;land;false;plains;1
2530;138;184;242;land;false;plains;1
2531;224;245;94;land;true;plains;1
2532;220;255;248;land;false;plains;1
2533;97;198;235;land;false;plains;1
2534;232;151;82;land;false;plains;1
2535;245;233;81;land;false;plains;1
2536;189;254;185;land;false;plains;1
2537;144;246;100;land;false;plains;1
2538;254;162;219;land;false;plains;1
2539;30;112;245;land;false;plains;1
2540;225;255;198;land;false;plains;1
2541;255;228;238;land;false;plains;1
2542;248;255;248;land;true;plains;1
2543;246;241;156;land;false;plains;1
2544;235;194;127;land;false;plains;1
2545;253;209;231;land;false;plains;1
2546;111;214;245;land;false;plains;1
2547;192;253;243;land;false;plains;1
2548;233;114;101;land;false;plains;1
2549;161;246;253;land;false;plains;1
2550;227;108;237;land;true;plains;1
2551;230;51;101;land;false;plains;1
2552;255;245;192;land;true;plains;1
2553;242;128;245;land;false;plains;1
2554;191;242;38;land;false;plains;1
2555;245;187;252;land;true;plains;1
2556;225;252;197;land;false;plains;1
2557;250;159;63;land;false;plains;1
2558;240;255;254;land;false;plains;1
2559;86;54;208;land;false;plains;1
2560;247;135;218;land;false;plains;1
2561;214;127;254;land;false;plains;1
2562;144;158;255;land;false;plains;1
2563;232;255;248;land;false;plains;1
2564;255;251;239;land;false;plains;1
2565;248;236;255;land;false;plains;1
2566;238;238;255;land;false;plains;1
2567;111;151;251;land;false;plains;1
2568;212;95;50;land;false;plains;1
2569;255;233;228;land;false;plains;1
2570;237;219;254;land;false;plains;1
2571;248;223;135;land;false;plains;1
2572;252;251;255;land;false;plains;1
2573;254;169;208;land;false;plains;1
2574;251;203;253;land;false;plains;1
2575;228;47;166;land;false;plains;1
2576;250;254;255;land;false;plains;1
2577;179;210;73;land;false;plains;1
2578;250;149;186;land;false;plains;1
2579;248;245;255;land;false;plains;1
2580;216;245;107;land;false;plains;1
2581;78;225;255;land;false;plains;1
2582;251;253;140;land;false;plains;1
2583;239;196;252;land;false;plains;1
2584;203;72;159;land;false;plains;1
2585;246;44;147;land;false;plains;1
2586;188;203;255;land;false;plains;1
2587;66;189;242;land;false;plains;1
2588;182;241;142;land;false;plains;1
2589;180;254;233;land;false;plains;1
2590;122;241;127;land;false;plains;1
2591;240;249;255;land;false;plains;1
2592;135;185;239;land;false;plains;1
2593;127;33;240;land;true;plains;1
2594;198;104;241;land;false;plains;1
2595;175;236;252;land;false;plains;1
2596;138;201;241;land;false;plains;1
2597;255;241;232;land;false;plains;1
2598;246;123;251;land;false;plains;1
2599;245;255;239;land;false;plains;1
2600;162;241;104;land;true;plains;1
2601;246;175;141;land;false;plains;1
2602;229;248;170;land;false;plains;1
2603;227;161;245;land;false;plains;1
2604;254;153;234;land;false;plains;1
2605;39;235;83;land;false;plains;1
2606;221;255;218;land;false;plains;1
2607;255;231;245;land;false;plains;1
2608;126;188;237;land;false;plains;1
2609;224;215;254;land;false;plains;1
2610;49;222;206;land;false;plains;1
2611;231;255;250;land;true;plains;1
2612;254;10;97;land;false;plains;1
2613;174;182;254;land;false;plains;1
2614;210;50;147;land;false;plains;1
2615;174;126;240;land;false;plains;1
2616;124;250;157;land;false;plains;1
2617;166;229;39;land;false;plains;1
2618;218;211;254;land;false;plains;1
2619;180;251;204;land;false;plains;1
2620;209;226;255;land;false;plains;1
2621;249;244;136;land;false;plains;1
2622;158;250;192;land;false;plains;1
2623;251;247;176;land;true;plains;1
2624;255;246;230;land;false;plains;1
2625;124;251;120;land;false;plains;1
2626;224;248;72;land;false;plains;1
2627;251;116;225;land;false;plains;1
2628;208;72;110;land;false;plains;1
2629;206;163;253;land;false;plains;1
2630;193;236;251;land;false;plains;1
2631;175;255;239;land;false;plains;1
2632;223;255;197;land;false;plains;1
2633;62;250;8;land;false;plains;1
2634;253;187;203;land;false;plains;1
2635;254;108;221;land;false;plains;1
2636;255;253;246;land;false;plains;1
2637;207;254;252;land;false;plains;1
2638;242;198;253;land;false;plains;1
2639;205;248;158;land;false;plains;1
2640;137;249;225;land;false;plains;1
2641;227;101;245;land;false;plains;1
2642;255;251;227;land;false;plains;1
2643;247;242;255;land;false;plains;1
2644;199;223;64;land;false;plains;1
2645;212;154;254;land;false;plains;1
2646;39;241;237;land;false;plains;1
2647;77;107;212;land;true;plains;1
2648;249;254;220;land;false;plains;1
2649;246;255;235;land;false;plains;1
2650;223;66;183;land;false;plains;1
2651;228;134;63;land;false;plains;1
2652;249;178;96;land;false;plains;1
2653;254;223;218;land;false;plains;1
2654;220;98;132;land;false;plains;1
2655;152;231;246;land;false;plains;1
2656;86;242;111;land;false;plains;1
2657;100;59;197;land;false;plains;1
2658;197;255;200;land;false;plains;1
2659;227;242;254;land;false;plains;1
2660;195;217;68;land;false;plains;1
2661;152;65;251;land;false;plains;1
2662;130;127;239;land;false;plains;1
2663;227;140;251;land;false;plains;1
2664;210;49;195;land;true;plains;1
2665;146;254;218;land;false;plains;1
2666;253;83;149;land;false;plains;1
2667;222;253;187;land;true;plains;1
2668;242;205;116;land;false;plains;1
2669;194;90;218;land;false;plains;1
2670;245;118;201;land;true;plains;1
2671;247;119;232;land;false;plains;1
2672;82;222;76;land;false;plains;1
2673;172;179;250;land;false;plains;1
2674;251;255;250;land;false;plains;1
2675;226;78;144;land;true;plains;1
2676;191;250;142;land;false;plains;1
2677;50;86;218;land;false;plains;1
2678;112;240;109;land;false;plains;1
2679;245;102;108;land;false;plains;1
2680;177;247;116;land;false;plains;1
2681;196;253;255;land;false;plains;1
2682;179;172;248;land;false;plains;1
2683;219;253;139;land;false;plains;1
2684;255;253;194;land;false;plains;1
2685;130;121;238;land;false;plains;1
2686;253;179;187;land;false;plains;1
2687;187;177;249;land;true;plains;1
2688;73;229;168;land;false;plains;1
2689;73;235;168;land;false;plains;1
2690;243;112;176;land;false;plains;1
2691;209;253;212;land;false;plains;1
2692;157;101;231;land;false;plains;1
2693;68;246;196;land;false;plains;1
2694;254;255;247;land;false;plains;1
2695;254;100;46;land;false;plains;1
2696;219;225;106;land;false;plains;1
2697;139;128;242;land;false;plains;1
2698;179;189;249;land;false;plains;1
2699;140;59;231;land;false;plains;1
2700;204;254;212;land;true;plains;1
2701;237;254;143;land;false;plains;1
2702;99;238;98;land;false;plains;1
2703;143;251;210;land;false;plains;1
2704;231;181;252;land;false;plains;1
2705;176;62;198;land;true;plains;1
2706;249;152;197;land;true;plains;1
2707;255;234;203;land;false;plains;1
2708;244;231;120;land;false;plains;1
2709;57;220;120;land;false;plains;1
2710;238;255;250;land;false;plains;1
2711;247;165;201;land;false;plains;1
2712;211;76;211;land;false;plains;1
2713;237;135;76;land;false;plains;1
2714;16;59;244;land;false;plains;1
2715;53;76;248;land;false;plains;1
2716;40;225;100;land;false;plains;1
2717;45;229;236;land;true;plains;1
2718;236;101;204;land;false;plains;1
2719;184;254;224;land;false;plains;1
2720;196;137;67;land;true;plains;1
2721;131;241;148;land;false;plains;1
2722;230;231;121;land;false;plains;1
2723;230;237;255;land;false;plains;1
2724;250;163;167;land;false;plains;1
2725;86;218;138;land;false;plains;1
2726;52;255;57;land;false;plains;1
2727;249;160;208;land;false;plains;1
2728;254;204;203;land;false;plains;1
2729;235;255;238;land;false;plains;1
2730;240;122;249;land;false;plains;1
2731;51;207;131;land;false;plains;1
2732;218;254;223;land;false;plains;1
2733;250;39;43;land;false;plains;1
2734;134;208;244;land;false;plains;1
2735;254;253;220;land;false;plains;1
2736;209;101;79;land;false;plains;1
2737;61;226;98;land;false;plains;1
2738;180;251;180;land;false;plains;1
2739;218;48;218;land;false;plains;1
2740;226;136;243;land;false;plains;1
2741;150;251;118;land;false;plains;1
2742;254;249;125;land;false;plains;1
2743;30;227;104;land;false;plains;1
2744;239;79;102;land;false;plains;1
2745;254;242;221;land;false;plains;1
2746;253;209;131;land;false;plains;1
2747;253;246;204;land;false;plains;1
2748;166;235;110;land;false;plains;1
2749;195;244;103;land;false;plains;1
2750;112;251;161;land;false;plains;1
2751;207;177;71;land;false;plains;1
2752;242;246;21;land;false;plains;1
2753;222;196;67;land;false;plains;1
2754;14;242;111;land;false;plains;1
2755;254;246;231;land;false;plains;1
2756;123;213;238;land;false;plains;1
2757;93;245;206;land;false;plains;1
2758;106;199;233;land;false;plains;1
2759;128;195;236;land;false;plains;1
2760;204;253;237;land;false;plains;1
2761;243;253;176;land;false;plains;1
2762;242;160;107;land;true;plains;1
2763;255;104;113;land;true;plains;1
2764;237;109;133;land;false;plains;1
2765;152;243;85;land;false;plains;1
2766;142;244;249;land;false;plains;1
2767;58;197;120;land;false;plains;1
2768;72;238;116;land;false;plains;1
2769;253;255;246;land;false;plains;1
2770;170;167;251;land;false;plains;1
2771;97;208;220;land;false;plains;1
2772;240;128;164;land;false;plains;1
2773;237;246;255;land;false;plains;1
2774;253;238;207;land;true;plains;1
2775;137;176;249;land;false;plains;1
2776;246;255;243;land;false;plains;1
2777;235;231;255;land;false;plains;1
2778;152;227;250;land;false;plains;1
2779;113;241;172;land;false;plains;1
2780;238;255;230;land;false;plains;1
2781;205;253;221;land;false;plains;1
2782;248;94;235;land;true;plains;1
2783;241;250;255;land;true;plains;1
2784;122;250;179;land;false;plains;1
2785;254;174;206;land;false;plains;1
2786;255;216;250;land;false;plains;1
2787;235;248;36;land;false;plains;1
2788;255;192;191;land;false;plains;1
2789;239;138;202;land;false;plains;1
2790;217;188;72;land;false;plains;1
2791;227;239;255;land;false;plains;1
2792;245;216;152;land;false;plains;1
2793;141;174;252;land;false;plains;1
2794;232;252;112;land;false;plains;1
2795;252;219;188;land;false;plains;1
2796;235;222;254;land;false;plains;1
2797;217;136;243;land;false;plains;1
2798;181;38;227;land;false;plains;1
2799;234;195;253;land;false;plains;1
2800;220;87;211;land;false;plains;1
2801;252;228;205;land;false;plains;1
2802;70;66;253;land;false;plains;1
2803;252;203;227;land;false;plains;1
2804;58;233;166;land;false;plains;1
2805;113;246;112;land;false;plains;1
2806;255;239;250;land;false;plains;1
2807;105;22;234;land;false;plains;1
2808;255;242;235;land;false;plains;1
2809;68;250;143;land;false;plains;1
2810;255;250;215;land;false;plains;1
2811;42;250;8;land;false;plains;1
2812;52;243;174;land;false;plains;1
2813;242;118;209;land;false;plains;1
2814;228;72;252;land;false;plains;1
2815;77;206;167;land;false;plains;1
2816;233;251;255;land;false;plains;1
2817;180;251;168;land;false;plains;1
2818;193;253;212;land;false;plains;1
2819;112;44;246;land;true;plains;1
2820;87;198;245;land;false;plains;1
2821;194;253;233;land;false;plains;1
2822;244;255;241;land;false;plains;1
2823;70;137;244;land;false;plains;1
2824;230;252;172;land;false;plains;1
2825;214;252;185;land;false;plains;1
2826;255;254;253;land;false;plains;1
2827;128;238;127;land;false;plains;1
2828;252;206;197;land;false;plains;1
2829;255;182;244;land;false;plains;1
2830;220;90;164;land;false;plains;1
2831;167;252;204;land;false;plains;1
2832;252;198;229;land;false;plains;1
2833;254;242;209;land;false;plains;1
2834;250;159;205;land;false;plains;1
2835;250;99;171;land;false;plains;1
2836;128;247;139;land;false;plains;1
2837;112;243;253;land;false;plains;1
2838;241;156;128;land;false;plains;1
2839;159;41;251;land;false;plains;1
2840;241;138;190;land;false;plains;1
2841;255;247;249;land;false;plains;1
2842;140;201;250;land;false;plains;1
2843;82;113;219;land;false;plains;1
2844;125;233;41;land;false;plains;1
2845;241;49;242;land;false;plains;1
2846;64;79;200;land;false;plains;1
2847;157;146;241;land;false;plains;1
2848;154;79;218;land;false;plains;1
2849;241;66;249;land;true;plains;1
2850;247;190;169;land;false;plains;1
2851;137;249;197;land;false;plains;1
2852;254;149;203;land;false;plains;1
2853;91;201;247;land;false;plains;1
2854;253;237;158;land;false;plains;1
2855;97;241;127;land;true;plains;1
2856;254;173;247;land;false;plains;1
2857;95;251;121;land;false;plains;1
2858;229;94;211;land;false;plains;1
2859;253;255;250;land;false;plains;1
2860;253;170;178;land;false;plains;1
2861;69;127;201;land;true;plains;1
2862;106;171;234;land;false;plains;1
2863;158;248;210;land;false;plains;1
2864;220;74;122;land;false;plains;1
2865;232;199;113;land;false;plains;1
2866;222;255;210;land;false;plains;1
2867;246;182;252;land;false;plains;1
2868;152;249;185;land;false;plains;1
2869;236;221;79;land;false;plains;1
2870;255;244;252;land;false;plains;1
2871;224;249;144;land;false;plains;1
2872;233;127;230;land;false;plains;1
2873;187;242;136;land;true;plains;1
2874;117;250;231;land;false;plains;1
2875;253;190;245;land;false;plains;1
2876;153;253;154;land;false;plains;1
2877;69;181;219;land;false;plains;1
2878;220;251;254;land;false;plains;1
2879;243;143;234;land;false;plains;1
2880;198;228;252;land;false;plains;1
2881;119;254;196;land;false;plains;1
2882;166;73;203;land;false;plains;1
2883;112;170;247;land;false;plains;1
2884;148;249;170;land;false;plains;1
2885;195;251;201;land;false;plains;1
2886;169;32;225;land;false;plains;1
2887;243;99;113;land;false;plains;1
2888;131;125;245;land;false;plains;1
2889;232;136;242;land;false;plains;1
2890;127;229;67;land;true;plains;1
2891;115;231;123;land;true;plains;1
2892;229;62;127;land;false;plains;1
2893;230;69;72;land;false;plains;1
2894;210;190;85;land;false;plains;1
2895;185;252;238;land;false;plains;1
2896;246;61;227;land;false;plains;1
2897;86;131;247;land;true;plains;1
2898;247;124;174;land;false;plains;1
2899;63;210;235;land;false;plains;1
2900;119;250;252;land;true;plains;1
2901;136;136;242;land;false;plains;1
2902;115;249;163;land;false;plains;1
2903;105;227;152;land;false;plains;1
2904;169;252;232;land;false;plains;1
2905;242;253;214;land;false;plains;1
2906;166;196;250;land;false;plains;1
2907;222;98;66;land;false;plains;1
2908;106;227;109;land;false;plains;1
2909;185;253;141;land;false;plains;1
2910;131;114;228;land;false;plains;1
2911;248;117;252;land;false;plains;1
2912;254;1;206;land;false;plains;1
2913;67;83;242;land;false;plains;1
2914;243;90;109;land;false;plains;1
2915;235;152;125;land;false;plains;1
2916;252;200;194;land;false;plains;1
2917;197;74;213;land;false;plains;1
2918;188;99;228;land;true;plains;1
2919;250;164;186;land;false;plains;1
2920;155;176;245;land;false;plains;1
2921;212;254;154;land;false;plains;1
2922;245;254;215;land;false;plains;1
2923;205;114;234;land;false;plains;1
2924;72;209;140;land;false;plains;1
2925;90;215;106;land;false;plains;1
2926;251;182;66;land;false;plains;1
2927;153;55;201;land;false;plains;1
2928;239;136;243;land;false;plains;1
2929;239;116;96;land;true;plains;1
2930;230;219;96;land;false;plains;1
2931;202;254;243;land;false;plains;1
2932;174;254;229;land;false;plains;1
2933;154;210;243;land;false;plains;1
2934;242;85;61;land;false;plains;1
2935;244;159;181;land;false;plains;1
2936;214;232;255;land;false;plains;1
2937;71;241;163;land;false;plains;1
2938;252;255;233;land;false;plains;1
2939;163;63;216;land;false;plains;1
2940;173;248;188;land;false;plains;1
2941;240;140;167;land;false;plains;1
2942;130;86;239;land;false;plains;1
2943;114;89;234;land;false;plains;1
2944;249;170;156;land;false;plains;1
2945;250;147;120;land;false;plains;1
2946;189;199;59;land;false;plains;1
2947;207;253;239;land;false;plains;1
2948;186;252;247;land;false;plains;1
2949;95;254;206;land;false;plains;1
2950;250;230;255;land;false;plains;1
2951;40;232;215;land;false;plains;1
2952;246;255;219;land;true;plains;1
2953;167;248;156;land;false;plains;1
2954;68;120;252;land;false;plains;1
2955;137;248;205;land;false;plains;1
2956;230;254;250;land;false;plains;1
2957;193;207;252;land;false;plains;1
2958;158;78;212;land;false;plains;1
2959;253;232;170;land;false;plains;1
2960;210;76;228;land;true;plains;1
2961;209;243;116;land;false;plains;1
2962;221;254;241;land;false;plains;1
2963;204;181;255;land;false;plains;1
2964;249;236;64;land;false;plains;1
2965;90;222;162;land;false;plains;1
2966;144;246;167;land;false;plains;1
2967;241;200;252;land;false;plains;1
2968;241;112;35;land;false;plains;1
2969;181;250;227;land;false;plains;1
2970;222;40;161;land;false;plains;1
2971;244;89;113;land;false;plains;1
2972;56;118;243;land;false;plains;1
2973;94;153;226;land;false;plains;1
2974;157;253;248;land;false;plains;1
2975;253;191;181;land;false;plains;1
2976;246;254;220;land;false;plains;1
2977;168;246;138;land;false;plains;1
2978;154;251;219;land;false;plains;1
2979;243;255;235;land;false;plains;1
2980;171;245;70;land;false;plains;1
2981;247;227;140;land;false;plains;1
2982;217;254;228;land;false;plains;1
2983;70;254;65;land;false;plains;1
2984;217;239;126;land;false;plains;1
2985;130;241;167;land;false;plains;1
2986;246;116;189;land;false;plains;1
2987;245;147;131;land;true;plains;1
2988;218;94;82;land;false;plains;1
2989;238;113;122;land;false;plains;1
2990;132;254;161;land;false;plains;1
2991;15;130;246;land;false;plains;1
2992;166;247;218;land;false;plains;1
2993;174;234;99;land;false;plains;1
2994;244;183;255;land;false;plains;1
2995;248;171;216;land;false;plains;1
2996;101;231;236;land;false;plains;1
2997;241;54;187;land;false;plains;1
2998;232;88;68;land;false;plains;1
2999;242;74;158;land;false;plains;1
3000;141;253;134;land;false;plains;1
3001;42;241;77;land;false;plains;1
3002;225;46;163;land;true;plains;1
3003;59;40;220;land;false;plains;1
3004;157;115;236;land;false;plains;1
3005;225;111;97;land;false;plains;1
3006;220;231;87;land;false;plains;1
3007;249;198;161;land;false;plains;1
3008;254;114;191;land;true;plains;1
3009;234;195;92;land;true;plains;1
3010;98;253;62;land;false;plains;1
3011;102;254;152;land;false;plains;1
3012;49;150;222;land;false;plains;1
3013;171;211;247;land;false;plains;1
3014;214;189;254;land;false;plains;1
3015;249;73;65;land;false;plains;1
3016;112;111;238;land;true;plains;1
3017;252;255;253;land;false;plains;1
3018;255;213;162;land;true;plains;1
3019;233;208;253;land;false;plains;1
3020;254;173;239;land;false;plains;1
3021;254;198;191;land;false;plains;1
3022;247;222;52;land;false;plains;1
3023;210;242;43;land;false;plains;1
3024;249;180;234;land;false;plains;1
3025;123;244;174;land;false;plains;1
3026;244;189;254;land;true;plains;1
3027;32;45;243;land;false;plains;1
3028;253;143;197;land;false;plains;1
3029;247;202;161;land;false;plains;1
3030;216;117;249;land;false;plains;1
3031;117;106;250;land;false;plains;1
3032;150;160;243;land;true;plains;1
3033;249;174;192;land;false;plains;1
3034;102;250;102;land;false;plains;1
3035;251;230;255;land;false;plains;1
3036;255;252;250;land;false;plains;1
3037;157;203;244;land;false;plains;1
3038;242;223;87;land;false;plains;1
3039;249;128;213;land;false;plains;1
3040;230;254;238;land;false;plains;1
3041;189;245;99;land;false;plains;1
3042;245;51;153;land;false;plains;1
3043;255;245;241;land;false;plains;1
3044;121;254;160;land;false;plains;1
3045;253;248;255;land;false;plains;1
3046;66;195;132;land;false;plains;1
3047;244;73;144;land;false;plains;1
3048;75;95;222;land;true;plains;1
3049;225;134;244;land;true;plains;1
3050;244;204;158;land;false;plains;1
3051;195;247;58;land;false;plains;1
3052;248;124;187;land;false;plains;1
3053;80;210;224;land;false;plains;1
3054;170;248;223;land;false;plains;1
3055;250;255;239;land;false;plains;1
3056;57;230;196;land;false;plains;1
3057;234;164;251;land;false;plains;1
3058;47;222;104;land;false;plains;1
3059;247;252;159;land;false;plains;1
3060;233;255;221;land;false;plains;1
3061;255;233;179;land;false;plains;1
3062;253;255;157;land;false;plains;1
3063;239;216;85;land;false;plains;1
3064;59;228;159;land;false;plains;1
3065;248;61;235;land;false;plains;1
3066;243;255;255;land;false;plains;1
3067;221;170;81;land;false;plains;1
3068;244;83;253;land;false;plains;1
3069;245;170;139;land;false;plains;1
3070;255;221;213;land;false;plains;1
3071;85;237;209;land;false;plains;1
3072;156;240;137;land;false;plains;1
3073;195;93;237;land;false;plains;1
3074;247;88;192;land;false;plains;1
3075;246;135;55;land;false;plains;1
3076;206;234;255;land;false;plains;1
3077;199;242;78;land;false;plains;1
3078;250;186;254;land;false;plains;1
3079;253;226;254;land;false;plains;1
3080;228;251;194;land;false;plains;1
3081;208;190;53;land;false;plains;1
3082;232;145;241;land;false;plains;1
3083;183;240;129;land;false;plains;1
3084;80;253;239;land;false;plains;1
3085;228;208;102;land;false;plains;1
3086;130;242;228;land;false;plains;1
3087;255;255;252;land;false;plains;1
3088;194;254;185;land;false;plains;1
3089;105;177;229;land;true;plains;1
3090;225;73;212;land;false;plains;1
3091;232;104;149;land;false;plains;1
3092;156;64;197;land;false;plains;1
3093;205;254;206;land;false;plains;1
3094;214;88;138;land;false;plains;1
3095;244;156;217;land;false;plains;1
3096;56;87;254;land;true;plains;1
3097;76;177;236;land;false;plains;1
3098;253;253;213;land;false;plains;1
3099;255;235;242;land;false;plains;1
3100;36;74;233;land;true;plains;1
3101;251;252;163;land;false;plains;1
3102;238;254;224;land;false;plains;1
3103;226;254;191;land;false;plains;1
3104;135;239;127;land;false;plains;1
3105;168;254;254;land;false;plains;1
3106;202;154;250;land;false;plains;1
3107;213;254;247;land;false;plains;1
3108;173;127;240;land;false;plains;1
3109;255;246;217;land;false;plains;1
3110;170;255;169;land;false;plains;1
3111;233;241;103;land;false;plains;1
3112;226;121;39;land;false;plains;1
3113;245;152;125;land;false;plains;1
3114;215;93;189;land;false;plains;1
3115;207;204;253;land;true;plains;1
3116;203;253;168;land;false;plains;1
3117;230;254;210;land;false;plains;1
3118;199;209;253;land;false;plains;1
3119;207;243;108;land;false;plains;1
3120;205;253;141;land;false;plains;1
3121;221;83;161;land;false;plains;1
3122;183;248;115;land;false;plains;1
3123;180;101;223;land;false;plains;1
3124;102;93;223;land;false;plains;1
3125;141;239;128;land;false;plains;1
3126;184;50;223;land;true;plains;1
3127;240;226;254;land;false;plains;1
3128;80;177;236;land;false;plains;1
3129;248;251;255;land;false;plains;1
3130;120;252;238;land;false;plains;1
3131;247;215;151;land;false;plains;1
3132;244;250;255;land;false;plains;1
3133;96;246;231;land;false;plains;1
3134;252;230;254;land;false;plains;1
3135;125;212;236;land;false;plains;1
3136;98;123;222;land;false;plains;1
3137;105;224;251;land;true;plains;1
3138;250;237;255;land;false;plains;1
3139;113;129;244;land;true;plains;1
3140;73;235;105;land;false;plains;1
3141;235;171;125;land;false;plains;1
3142;74;229;127;land;false;plains;1
3143;188;237;25;land;false;plains;1
3144;223;165;252;land;true;plains;1
3145;238;242;255;land;false;plains;1
3146;249;29;29;land;false;plains;1
3147;29;244;34;land;false;plains;1
3148;252;239;177;land;false;plains;1
3149;176;249;224;land;false;plains;1
3150;172;249;238;land;false;plains;1
3151;224;107;202;land;true;plains;1
3152;177;252;221;land;false;plains;1
3153;249;218;171;land;false;plains;1
3154;242;238;255;land;false;plains;1
3155;251;154;248;land;false;plains;1
3156;249;201;254;land;false;plains;1
3157;250;251;80;land;false;plains;1
3158;206;87;73;land;false;plains;1
3159;170;181;249;land;false;plains;1
3160;252;227;179;land;true;plains;1
3161;53;148;206;land;false;plains;1
3162;79;58;241;land;false;plains;1
3163;33;164;238;land;false;plains;1
3164;200;250;163;land;false;plains;1
3165;248;129;167;land;true;plains;1
3166;176;244;143;land;false;plains;1
3167;77;212;252;land;false;plains;1
3168;225;215;254;land;false;plains;1
3169;243;186;254;land;false;plains;1
3170;216;224;57;land;false;plains;1
3171;248;186;120;land;false;plains;1
3172;177;205;249;land;false;plains;1
3173;56;252;150;land;false;plains;1
3174;185;218;250;land;false;plains;1
3175;254;237;186;land;false;plains;1
3176;199;247;131;land;false;plains;1
3177;241;255;225;land;false;plains;1
3178;255;173;152;land;false;plains;1
3179;203;114;66;land;true;plains;1
3180;238;113;153;land;false;plains;1
3181;254;208;248;land;false;plains;1
3182;155;254;229;land;true;plains;1
3183;115;250;243;land;false;plains;1
3184;253;193;167;land;false;plains;1
3185;247;220;255;land;false;plains;1
3186;251;127;113;land;false;plains;1
3187;218;215;255;land;false;plains;1
3188;120;120;255;land;false;plains;1
3189;250;179;196;land;false;plains;1
3190;245;246;64;land;false;plains;1
3191;149;140;244;land;false;plains;1
3192;247;254;103;land;true;plains;1
3193;229;215;254;land;false;plains;1
3194;136;66;211;land;false;plains;1
3195;145;249;200;land;false;plains;1
3196;192;249;165;land;false;plains;1
3197;247;207;255;land;false;plains;1
3198;148;244;254;land;false;plains;1
3199;143;209;246;land;false;plains;1
3200;219;121;234;land;false;plains;1
3201;187;253;180;land;false;plains;1
3202;38;238;140;land;true;plains;1
3203;148;219;241;land;false;plains;1
3204;176;253;212;land;false;plains;1
3205;251;217;254;land;false;plains;1
3206;233;255;245;land;false;plains;1
3207;207;237;89;land;false;plains;1
3208;250;136;174;land;false;plains;1
3209;253;201;219;land;false;plains;1
3210;164;93;223;land;true;plains;1
3211;197;254;217;land;false;plains;1
3212;170;76;231;land;false;plains;1
3213;62;216;198;land;false;plains;1
3214;234;141;243;land;false;plains;1
3215;235;239;255;land;true;plains;1
3216;246;116;193;land;false;plains;1
3217;215;245;123;land;false;plains;1
3218;157;151;243;land;false;plains;1
3219;212;254;202;land;false;plains;1
3220;134;242;253;land;true;plains;1
3221;254;248;224;land;false;plains;1
3222;177;242;132;land;false;plains;1
3223;193;224;254;land;false;plains;1
3224;254;223;255;land;false;plains;1
3225;117;232;133;land;false;plains;1
3226;232;119;101;land;false;plains;1
3227;248;154;166;land;false;plains;1
3228;33;201;224;land;false;plains;1
3229;36;37;255;land;false;plains;1
3230;233;189;74;land;false;plains;1
3231;235;215;119;land;false;plains;1
3232;230;218;99;land;false;plains;1
3233;26;243;214;land;false;plains;1
3234;233;164;246;land;false;plains;1
3235;144;249;220;land;true;plains;1
3236;251;192;182;land;false;plains;1
3237;130;242;252;land;false;plains;1
3238;119;180;254;land;true;plains;1
3239;242;104;238;land;false;plains;1
3240;254;194;145;land;false;plains;1
3241;70;213;90;land;false;plains;1
3242;233;105;177;land;false;plains;1
3243;236;96;99;land;false;plains;1
3244;205;254;230;land;false;plains;1
3245;184;250;192;land;false;plains;1
3246;241;255;245;land;false;plains;1
3247;50;26;245;land;false;plains;1
3248;253;229;157;land;false;plains;1
3249;100;219;240;land;false;plains;1
3250;160;250;150;land;false;plains;1
3251;224;185;59;land;false;plains;1
3252;254;117;116;land;false;plains;1
3253;249;197;136;land;false;plains;1
3254;80;224;142;land;false;plains;1
3255;150;239;254;land;false;plains;1
3256;176;250;188;land;false;plains;1
3257;225;255;245;land;false;plains;1
3258;109;224;104;land;false;plains;1
3259;174;233;254;land;false;plains;1
3260;55;233;83;land;true;plains;1
3261;86;244;206;land;true;plains;1
3262;203;254;202;land;true;plains;1
3263;53;205;245;land;false;plains;1
3264;253;206;185;land;false;plains;1
3265;249;255;249;land;false;plains;1
3266;235;47;195;land;false;plains;1
3267;215;240;130;land;false;plains;1
3268;186;152;244;land;false;plains;1
3269;229;250;255;land;false;plains;1
3270;198;254;254;land;true;plains;1
3271;232;255;245;land;false;plains;1
3272;255;251;252;land;false;plains;1
3273;253;194;227;land;false;plains;1
3274;161;247;175;land;false;plains;1
3275;67;208;73;land;false;plains;1
3276;250;237;23;land;false;plains;1
3277;237;193;109;land;false;plains;1
3278;141;205;246;land;false;plains;1
3279;214;42;130;land;false;plains;1
3280;254;225;235;land;false;plains;1
3281;248;223;136;land;true;plains;1
3282;148;237;246;land;false;plains;1
3283;47;234;160;land;false;plains;1
3284;192;254;226;land;false;plains;1
3285;254;251;194;land;false;plains;1
3286;222;245;254;land;false;plains;1
3287;219;254;232;land;false;plains;1
3288;157;244;170;land;false;plains;1
3289;126;253;143;land;false;plains;1
3290;251;253;255;land;true;plains;1
3291;140;253;117;land;false;plains;1
3292;251;56;218;land;false;plains;1
3293;207;91;220;land;false;plains;1
3294;182;233;254;land;false;plains;1
3295;182;161;245;land;false;plains;1
3296;237;143;83;land;true;plains;1
3297;51;242;85;land;false;plains;1
3298;163;235;247;land;false;plains;1
3299;118;251;236;land;false;plains;1
3300;211;254;238;land;false;plains;1
3301;62;100;206;land;false;plains;1
3302;221;250;139;land;false;plains;1
3303;252;254;210;land;false;plains;1
3304;151;136;246;land;false;plains;1
3305;167;229;118;land;false;plains;1
3306;129;116;239;land;true;plains;1
3307;216;50;219;land;true;plains;1
3308;234;84;99;land;false;plains;1
3309;46;82;227;land;false;plains;1
3310;255;241;251;land;false;plains;1
3311;254;151;187;land;false;plains;1
3312;135;162;240;land;false;plains;1
3313;239;88;116;land;true;plains;1
3314;241;251;195;land;false;plains;1
3315;246;113;207;land;false;plains;1
3316;255;255;216;land;false;plains;1
3317;249;151;222;land;true;plains;1
3318;221;94;186;land;false;plains;1
3319;185;253;206;land;false;plains;1
3320;224;226;255;land;false;plains;1
3321;228;89;65;land;false;plains;1
3322;88;238;103;land;false;plains;1
3323;251;178;204;land;false;plains;1
3324;249;180;186;land;false;plains;1
3325;94;249;196;land;false;plains;1
3326;220;255;255;land;false;plains;1
3327;238;175;128;land;false;plains;1
3328;251;244;170;land;false;plains;1
3329;223;67;230;land;false;plains;1
3330;109;238;21;land;false;plains;1
3331;243;156;192;land;false;plains;1
3332;201;112;233;land;true;plains;1
3333;188;183;252;land;false;plains;1
3334;179;229;254;land;false;plains;1
3335;242;135;193;land;false;plains;1
3336;250;176;211;land;false;plains;1
3337;183;253;212;land;false;plains;1
3338;250;151;220;land;false;plains;1
3339;214;227;255;land;false;plains;1
3340;248;255;249;land;false;plains;1
3341;132;247;162;land;false;plains;1
3342;81;240;142;land;false;plains;1
3343;74;224;152;land;false;plains;1
3344;195;253;215;land;false;plains;1
3345;247;164;52;land;false;plains;1
3346;222;82;231;land;false;plains;1
3347;130;167;245;land;false;plains;1
3348;162;246;213;land;false;plains;1
3349;237;212;254;land;false;plains;1
3350;161;248;186;land;false;plains;1
3351;254;254;255;land;true;plains;1
3352;214;253;16;land;false;plains;1
3353;71;202;241;land;false;plains;1
3354;207;254;235;land;false;plains;1
3355;249;178;212;land;false;plains;1
3356;216;212;255;land;false;plains;1
3357;198;254;234;land;false;plains;1
3358;58;237;218;land;false;plains;1
3359;243;254;210;land;false;plains;1
3360;199;255;231;land;true;plains;1
3361;119;248;247;land;false;plains;1
3362;203;250;253;land;false;plains;1
3363;249;196;144;land;false;plains;1
3364;47;238;231;land;false;plains;1
3365;235;253;174;land;false;plains;1
3366;49;76;244;land;false;plains;1
3367;241;24;170;land;false;plains;1
3368;105;234;228;land;false;plains;1
3369;254;129;92;land;false;plains;1
3370;202;54;59;land;false;plains;1
3371;253;220;198;land;false;plains;1
3372;54;251;249;land;true;plains;1
3373;246;253;61;land;false;plains;1
3374;226;245;154;land;false;plains;1
3375;210;238;134;land;false;plains;1
3376;44;245;212;land;false;plains;1
3377;234;148;63;land;false;plains;1
3378;107;247;148;land;false;plains;1
3379;247;56;21;land;true;plains;1
3380;219;96;236;land;false;plains;1
3381;187;71;240;land;false;plains;1
3382;236;121;144;land;false;plains;1
3383;253;208;158;land;false;plains;1
3384;56;243;104;land;false;plains;1
3385;87;253;85;land;false;plains;1
3386;218;145;249;land;false;plains;1
3387;243;232;129;land;true;plains;1
3388;221;221;254;land;false;plains;1
3389;255;226;232;land;false;plains;1
3390;236;203;119;land;false;plains;1
3391;255;235;75;land;false;plains;1
3392;248;171;148;land;false;plains;1
3393;92;218;233;land;false;plains;1
3394;255;208;235;land;false;plains;1
3395;216;185;252;land;true;plains;1
3396;219;27;231;land;false;plains;1
3397;236;102;118;land;false;plains;1
3398;217;84;196;land;false;plains;1
3399;132;235;155;land;false;plains;1
3400;96;171;228;land;false;plains;1
3401;91;36;240;land;false;plains;1
3402;173;233;251;land;false;plains;1
3403;223;228;255;land;false;plains;1
3404;252;254;222;land;false;plains;1
3405;197;255;197;land;false;plains;1
3406;227;249;182;land;false;plains;1
3407;178;249;209;land;false;plains;1
3408;226;195;253;land;false;plains;1
3409;85;226;102;land;false;plains;1
3410;209;236;120;land;false;plains;1
3411;159;36;233;land;false;plains;1
3412;109;236;233;land;false;plains;1
3413;219;218;53;land;false;plains;1
3414;80;249;81;land;false;plains;1
3415;197;252;253;land;false;plains;1
3416;162;243;142;land;false;plains;1
3417;217;149;81;land;false;plains;1
3418;122;252;94;land;true;plains;1
3419;254;54;236;land;false;plains;1
3420;246;99;123;land;false;plains;1
3421;136;235;124;land;false;plains;1
3422;254;232;222;land;true;plains;1
3423;251;245;73;land;false;plains;1
3424;255;246;233;land;false;plains;1
3425;151;43;250;land;false;plains;1
3426;246;145;119;land;false;plains;1
3427;176;111;249;land;false;plains;1
3428;255;228;245;land;false;plains;1
3429;127;252;243;land;false;plains;1
3430;83;218;130;land;true;plains;1
3431;254;201;242;land;false;plains;1
3432;237;73;234;land;false;plains;1
3433;250;133;205;land;true;plains;1
3434;251;152;181;land;false;plains;1
3435;177;253;249;land;false;plains;1
3436;250;7;43;land;false;plains;1
3437;214;181;253;land;false;plains;1
3438;254;219;254;land;false;plains;1
3439;174;254;180;land;false;plains;1
3440;209;189;250;land;false;plains;1
3441;132;243;250;land;true;plains;1
3442;46;218;80;land;true;plains;1
3443;44;246;210;land;false;plains;1
3444;240;255;241;land;false;plains;1
3445;160;252;220;land;true;plains;1
3446;160;218;87;land;false;plains;1
3447;161;71;237;land;false;plains;1
3448;217;63;232;land;false;plains;1
3449;223;241;254;land;false;plains;1
3450;252;139;116;land;false;plains;1
3451;226;239;105;land;false;plains;1
3452;159;136;250;land;false;plains;1
3453;118;246;146;land;false;plains;1
3454;206;254;177;land;false;plains;1
3455;218;183;90;land;false;plains;1
3456;144;239;58;land;false;plains;1
3457;208;149;246;land;false;plains;1
3458;232;250;104;land;false;plains;1
3459;248;225;139;land;false;plains;1
3460;255;244;217;land;false;plains;1
3461;239;131;87;land;false;plains;1
3462;229;109;135;land;false;plains;1
3463;83;203;59;land;true;plains;1
3464;247;163;195;land;false;plains;1
3465;207;174;77;land;false;plains;1
3466;52;202;235;land;false;plains;1
3467;243;144;198;land;false;plains;1
3468;151;132;240;land;false;plains;1
3469;55;247;167;land;false;plains;1
3470;103;236;182;land;false;plains;1
3471;253;182;179;land;false;plains;1
3472;220;140;59;land;false;plains;1
3473;96;239;109;land;false;plains;1
3474;244;154;115;land;false;plains;1
3475;197;250;67;land;true;plains;1
3476;255;168;246;land;false;plains;1
3477;242;254;192;land;false;plains;1
3478;247;255;243;land;false;plains;1
3479;66;234;142;land;false;plains;1
3480;108;244;193;land;false;plains;1
3481;254;215;228;land;true;plains;1
3482;230;255;233;land;false;plains;1
3483;251;186;9;land;false;plains;1
3484;254;137;136;land;false;plains;1
3485;160;112;234;land;false;plains;1
3486;239;187;42;land;false;plains;1
3487;134;212;82;land;false;plains;1
3488;237;89;200;land;true;plains;1
3489;247;244;255;land;false;plains;1
3490;253;185;226;land;false;plains;1
3491;240;134;184;land;false;plains;1
3492;254;209;235;land;false;plains;1
3493;235;243;114;land;false;plains;1
3494;255;231;254;land;true;plains;1
3495;251;78;244;land;false;plains;1
3496;167;177;250;land;false;plains;1
3497;195;236;110;land;false;plains;1
3498;115;236;246;land;false;plains;1
3499;93;133;246;land;true;plains;1
3500;231;255;247;land;false;plains;1
3501;66;72;226;land;false;plains;1
3502;205;117;238;land;false;plains;1
3503;134;104;246;land;false;plains;1
3504;250;112;74;land;false;plains;1
3505;127;251;146;land;false;plains;1
3506;255;248;251;land;false;plains;1
3507;220;253;216;land;false;plains;1
3508;250;130;182;land;false;plains;1
3509;247;46;9;land;false;plains;1
3510;252;150;152;land;false;plains;1
3511;69;235;87;land;false;plains;1
3512;145;195;249;land;false;plains;1
3513;251;255;251;land;true;plains;1
3514;52;224;91;land;false;plains;1
3515;253;199;201;land;false;plains;1
3516;161;250;138;land;false;plains;1
3517;234;254;202;land;false;plains;1
3518;254;201;230;land;false;plains;1
3519;249;46;214;land;false;plains;1
3520;248;160;242;land;false;plains;1
3521;254;123;107;land;false;plains;1
3522;173;252;113;land;false;plains;1
3523;198;98;237;land;false;plains;1
3524;254;228;229;land;false;plains;1
3525;169;218;252;land;false;plains;1
3526;73;214;79;land;false;plains;1
3527;254;219;242;land;false;plains;1
3528;255;253;253;land;true;plains;1
3529;63;207;97;land;true;plains;1
3530;195;200;254;land;false;plains;1
3531;222;240;254;land;false;plains;1
3532;253;240;210;land;false;plains;1
3533;241;181;93;land;false;plains;1
3534;127;235;184;land;false;plains;1
3535;63;255;194;land;false;plains;1
3536;254;192;246;land;false;plains;1
3537;253;7;177;land;false;plains;1
3538;68;166;239;land;false;plains;1
3539;142;244;234;land;false;plains;1
3540;107;251;250;land;false;plains;1
3541;57;102;214;land;false;plains;1
3542;168;254;163;land;false;plains;1
3543;182;213;254;land;false;plains;1
3544;190;192;255;land;false;plains;1
3545;145;244;147;land;false;plains;1
3546;56;177;227;land;false;plains;1
3547;197;206;252;land;false;plains;1
3548;217;38;148;land;false;plains;1
3549;252;186;240;land;false;plains;1
3550;90;238;251;land;false;plains;1
3551;238;255;245;land;true;plains;1
3552;254;238;231;land;false;plains;1
3553;138;96;228;land;false;plains;1
3554;212;254;250;land;false;plains;1
3555;56;239;188;land;false;plains;1
3556;237;106;238;land;true;plains;1
3557;129;219;40;land;false;plains;1
3558;190;250;199;land;false;plains;1
3559;171;193;248;land;false;plains;1
3560;200;97;225;land;false;plains;1
3561;242;254;220;land;false;plains;1
3562;159;101;251;land;false;plains;1
3563;237;123;100;land;false;plains;1
3564;134;252;143;land;false;plains;1
3565;248;243;255;land;false;plains;1
3566;222;139;253;land;false;plains;1
3567;247;255;207;land;false;plains;1
3568;247;249;141;land;false;plains;1
3569;225;254;201;land;false;plains;1
3570;148;230;82;land;false;plains;1
3571;224;133;47;land;true;plains;1
3572;236;245;255;land;false;plains;1
3573;209;220;254;land;false;plains;1
3574;163;253;117;land;false;plains;1
3575;100;220;236;land;false;plains;1
3576;92;248;177;land;false;plains;1
3577;255;212;45;land;false;plains;1
3578;202;117;67;land;false;plains;1
3579;244;248;255;land;false;plains;1
3580;235;151;114;land;false;plains;1
3581;252;91;241;land;false;plains;1
3582;110;205;235;land;true;plains;1
3583;57;154;206;land;false;plains;1
3584;108;233;120;land;false;plains;1
3585;240;253;188;land;false;plains;1
3586;77;118;252;land;false;plains;1
3587;238;250;255;land;false;plains;1
3588;149;227;250;land;false;plains;1
3589;254;227;250;land;false;plains;1
3590;235;255;239;land;false;plains;1
3591;120;247;105;land;false;plains;1
3592;74;166;236;land;false;plains;1
3593;209;247;101;land;false;plains;1
3594;187;254;197;land;false;plains;1
3595;242;73;58;land;false;plains;1
3596;250;180;228;land;false;plains;1
3597;100;248;191;land;false;plains;1
3598;218;147;241;land;false;plains;1
3599;236;92;224;land;false;plains;1
3600;67;207;247;land;false;plains;1
3601;225;105;67;land;true;plains;1
3602;49;209;240;land;false;plains;1
3603;238;100;250;land;false;plains;1
3604;240;244;255;land;false;plains;1
3605;250;69;92;land;false;plains;1
3606;222;94;129;land;false;plains;1
3607;190;229;105;land;false;plains;1
3608;193;251;222;land;false;plains;1
3609;255;254;232;land;false;plains;1
3610;252;213;173;land;false;plains;1
3611;254;250;226;land;false;plains;1
3612;155;245;97;land;false;plains;1
3613;216;251;178;land;false;plains;1
3614;96;76;253;land;false;plains;1
3615;234;254;222;land;false;plains;1
3616;119;252;225;land;false;plains;1
3617;214;206;254;land;false;plains;1
3618;216;204;69;land;true;plains;1
3619;76;205;231;land;false;plains;1
3620;98;252;250;land;false;plains;1
3621;255;247;236;land;false;plains;1
3622;124;71;201;land;true;plains;1
3623;236;103;232;land;false;plains;1
3624;179;228;252;land;false;plains;1
3625;102;230;250;land;false;plains;1
3626;222;221;255;land;false;plains;1
3627;251;136;240;land;true;plains;1
3628;195;228;57;land;false;plains;1
3629;210;247;77;land;false;plains;1
3630;151;237;86;land;false;plains;1
3631;193;252;189;land;false;plains;1
3632;66;101;224;land;false;plains;1
3633;255;229;240;land;false;plains;1
3634;209;247;28;land;false;plains;1
3635;92;160;215;land;false;plains;1
3636;226;247;105;land;false;plains;1
3637;246;254;188;land;false;plains;1
3638;71;222;215;land;true;plains;1
3639;51;76;228;land;false;plains;1
3640;252;91;110;land;false;plains;1
3641;242;122;238;land;false;plains;1
3642;251;209;255;land;false;plains;1
3643;172;253;234;land;false;plains;1
3644;222;95;117;land;false;plains;1
3645;225;87;123;land;false;plains;1
3646;246;201;253;land;false;plains;1
3647;75;253;106;land;false;plains;1
3648;223;254;248;land;false;plains;1
3649;209;246;159;land;false;plains;1
3650;211;213;253;land;false;plains;1
3651;198;82;249;land;false;plains;1
3652;246;255;242;land;false;plains;1
3653;238;255;225;land;false;plains;1
3654;239;179;251;land;false;plains;1
3655;65;84;220;land;false;plains;1
3656;240;162;252;land;false;plains;1
3657;241;136;230;land;false;plains;1
3658;255;216;251;land;false;plains;1
3659;154;245;116;land;false;plains;1
3660;244;125;126;land;false;plains;1
3661;123;221;90;land;false;plains;1
3662;229;91;73;land;false;plains;1
3663;229;46;229;land;false;plains;1
3664;118;123;251;land;false;plains;1
3665;251;87;112;land;false;plains;1
3666;98;211;252;land;false;plains;1
3667;239;254;219;land;false;plains;1
3668;109;153;246;land;true;plains;1
3669;255;239;251;land;false;plains;1
3670;247;155;237;land;false;plains;1
3671;226;180;250;land;false;plains;1
3672;239;192;52;land;false;plains;1
3673;111;155;239;land;false;plains;1
3674;61;233;124;land;false;plains;1
3675;244;191;251;land;false;plains;1
3676;255;224;231;land;false;plains;1
3677;241;240;255;land;false;plains;1
3678;216;88;175;land;false;plains;1
3679;46;48;230;land;false;plains;1
3680;255;254;252;land;false;plains;1
3681;195;249;152;land;false;plains;1
3682;229;249;255;land;false;plains;1
3683;247;117;57;land;false;plains;1
3684;211;254;165;land;false;plains;1
3685;245;191;138;land;false;plains;1
3686;72;186;232;land;false;plains;1
3687;192;158;247;land;true;plains;1
3688;255;236;249;land;false;plains;1
3689;25;109;244;land;false;plains;1
3690;158;252;99;land;false;plains;1
3691;121;84;219;land;false;plains;1
3692;245;255;177;land;false;plains;1
3693;235;75;113;land;true;plains;1
3694;233;244;255;land;false;plains;1
3695;230;106;104;land;false;plains;1
3696;214;142;247;land;false;plains;1
3697;203;68;64;land;false;plains;1
3698;247;112;130;land;false;plains;1
3699;129;223;94;land;false;plains;1
3700;159;228;105;land;false;plains;1
3701;255;227;250;land;false;plains;1
3702;229;139;112;land;false;plains;1
3703;253;255;253;land;false;plains;1
3704;120;201;252;land;false;plains;1
3705;235;123;247;land;false;plains;1
3706;186;98;246;land;false;plains;1
3707;115;217;245;land;false;plains;1
3708;255;244;253;land;false;plains;1
3709;201;114;249;land;false;plains;1
3710;27;242;137;land;false;plains;1
3711;255;199;243;land;false;plains;1
3712;193;248;14;land;false;plains;1
3713;189;250;244;land;false;plains;1
3714;208;254;231;land;false;plains;1
3715;82;74;202;land;false;plains;1
3716;97;82;240;land;false;plains;1
3717;189;233;106;land;false;plains;1
3718;238;255;237;land;false;plains;1
3719;247;165;176;land;true;plains;1
3720;247;128;84;land;false;plains;1
3721;237;183;250;land;false;plains;1
3722;242;254;228;land;false;plains;1
3723;207;254;162;land;false;plains;1
3724;202;252;211;land;false;plains;1
3725;52;246;149;land;true;plains;1
3726;226;160;252;land;false;plains;1
3727;91;255;125;land;false;plains;1
3728;143;217;250;land;true;plains;1
3729;210;253;225;land;false;plains;1
3730;99;249;98;land;false;plains;1
3731;229;254;197;land;false;plains;1
3732;125;65;229;land;false;plains;1
3733;255;231;218;land;true;plains;1
3734;250;200;172;land;false;plains;1
3735;255;204;202;land;false;plains;1
3736;250;158;162;land;false;plains;1
3737;159;249;243;land;true;plains;1
3738;200;253;249;land;false;plains;1
3739;51;224;237;land;false;plains;1
3740;19;190;252;land;true;plains;1
3741;243;128;196;land;false;plains;1
3742;255;242;254;land;false;plains;1
3743;254;163;253;land;false;plains;1
3744;227;154;31;land;false;plains;1
3745;131;64;241;land;false;plains;1
3746;254;187;186;land;false;plains;1
3747;254;222;238;land;false;plains;1
3748;249;180;118;land;true;plains;1
3749;242;46;232;land;false;plains;1
3750;227;42;44;land;false;plains;1
3751;96;43;248;land;false;plains;1
3752;226;255;209;land;false;plains;1
3753;206;115;68;land;false;plains;1
3754;255;102;140;land;false;plains;1
3755;221;164;254;land;false;plains;1
3756;206;207;253;land;false;plains;1
3757;52;220;107;land;false;plains;1
3758;174;218;250;land;false;plains;1
3759;223;202;71;land;false;plains;1
3760;251;61;86;land;false;plains;1
3761;171;250;246;land;false;plains;1
3762;224;232;60;land;false;plains;1
3763;200;178;253;land;false;plains;1
3764;60;35;246;land;false;plains;1
3765;255;247;244;land;false;plains;1
3766;119;236;58;land;true;plains;1
3767;242;210;41;land;true;plains;1
3768;219;101;244;land;false;plains;1
3769;248;157;212;land;false;plains;1
3770;242;51;235;land;false;plains;1
3771;226;242;255;land;false;plains;1
3772;70;206;148;land;false;plains;1
3773;204;244;115;land;true;plains;1
3774;231;240;17;land;true;plains;1
3775;254;229;245;land;false;plains;1
3776;238;186;107;land;false;plains;1
3777;253;43;26;land;false;plains;1
3778;245;40;231;land;false;plains;1
3779;142;219;246;land;false;plains;1
3780;121;203;67;land;false;plains;1
3781;250;201;84;land;false;plains;1
3782;171;111;238;land;false;plains;1
3783;57;251;244;land;false;plains;1
3784;236;129;89;land;false;plains;1
3785;208;53;177;land;false;plains;1
3786;97;24;254;land;false;plains;1
3787;203;84;247;land;false;plains;1
3788;202;251;178;land;false;plains;1
3789;52;39;225;land;false;plains;1
3790;117;153;247;land;true;plains;1
3791;144;244;84;land;false;plains;1
3792;208;254;211;land;false;plains;1
3793;132;247;101;land;false;plains;1
3794;164;237;108;land;false;plains;1
3795;80;67;253;land;false;plains;1
3796;55;233;128;land;false;plains;1
3797;219;206;253;land;false;plains;1
3798;102;246;228;land;false;plains;1
3799;239;204;255;land;false;plains;1
3800;97;250;170;land;false;plains;1
3801;249;178;145;land;false;plains;1
3802;237;133;234;land;false;plains;1
3803;253;213;223;land;false;plains;1
3804;161;112;243;land;false;plains;1
3805;251;44;113;land;false;plains;1
3806;44;102;254;land;false;plains;1
3807;138;254;198;land;false;plains;1
3808;186;220;63;land;false;plains;1
3809;232;51;51;land;false;plains;1
3810;248;110;87;land;false;plains;1
3811;243;255;234;land;false;plains;1
3812;253;174;144;land;false;plains;1
3813;247;141;102;land;false;plains;1
3814;187;252;254;land;false;plains;1
3815;133;88;251;land;false;plains;1
3816;214;213;254;land;true;plains;1
3817;132;238;245;land;false;plains;1
3818;250;252;255;land;false;plains;1
3819;233;222;255;land;false;plains;1
3820;230;241;117;land;false;plains;1
3821;12;191;244;land;false;plains;1
3822;217;143;254;land;false;plains;1
3823;22;154;245;land;false;plains;1
3824;244;255;232;land;false;plains;1
3825;255;219;221;land;false;plains;1
3826;123;229;110;land;false;plains;1
3827;187;251;223;land;false;plains;1
3828;247;210;253;land;false;plains;1
3829;241;254;180;land;false;plains;1
3830;254;143;252;land;false;plains;1
3831;252;123;117;land;true;plains;1
3832;98;235;182;land;false;plains;1
3833;170;241;134;land;false;plains;1
3834;116;125;250;land;false;plains;1
3835;120;32;241;land;false;plains;1
3836;212;129;247;land;false;plains;1
3837;241;212;254;land;false;plains;1
3838;145;194;242;land;false;plains;1
3839;221;242;254;land;false;plains;1
3840;146;224;59;land;false;plains;1
3841;247;145;111;land;false;plains;1
3842;139;255;104;land;false;plains;1
3843;224;69;235;land;false;plains;1
3844;178;156;244;land;false;plains;1
3845;32;231;69;land;false;plains;1
3846;252;255;254;land;false;plains;1
3847;173;248;183;land;false;plains;1
3848;204;133;247;land;true;plains;1
3849;168;83;239;land;false;plains;1
3850;193;237;253;land;false;plains;1
3851;248;193;121;land;false;plains;1
3852;255;248;178;land;false;plains;1
3853;240;38;244;land;false;plains;1
3854;122;154;247;land;false;plains;1
3855;33;244;69;land;false;plains;1
3856;249;14;74;land;false;plains;1
3857;237;80;201;land;false;plains;1
3858;64;238;110;land;false;plains;1
3859;249;98;96;land;false;plains;1
3860;208;223;254;land;false;plains;1
3861;240;102;129;land;false;plains;1
3862;189;77;246;land;false;plains;1
3863;215;231;254;land;false;plains;1
3864;55;222;142;land;false;plains;1
3865;163;197;251;land;false;plains;1
3866;86;18;248;land;false;plains;1
3867;17;253;68;land;false;plains;1
3868;251;152;242;land;false;plains;1
3869;171;104;251;land;false;plains;1
3870;247;165;152;land;false;plains;1
3871;254;230;234;land;false;plains;1
3872;246;202;254;land;false;plains;1
3873;211;114;245;land;false;plains;1
3874;253;235;211;land;false;plains;1
3875;251;181;131;land;false;plains;1
3876;95;255;180;land;false;plains;1
3877;238;206;127;land;false;plains;1
3878;169;171;252;land;false;plains;1
3879;195;40;238;land;true;plains;1
3880;225;254;249;land;false;plains;1
3881;163;57;241;land;false;plains;1
3882;192;250;133;land;false;plains;1
3883;250;255;236;land;false;plains;1
3884;219;247;166;land;false;plains;1
3885;44;173;224;land;false;plains;1
3886;127;249;246;land;false;plains;1
3887;212;247;171;land;false;plains;1
3888;111;231;116;land;false;plains;1
3889;108;65;225;land;false;plains;1
3890;224;90;181;land;false;plains;1
3891;230;80;188;land;false;plains;1
3892;172;132;245;land;false;plains;1
3893;255;250;240;land;false;plains;1
3894;227;254;59;land;false;plains;1
3895;254;189;184;land;false;plains;1
3896;244;190;86;land;false;plains;1
3897;68;228;163;land;false;plains;1
3898;194;251;158;land;false;plains;1
3899;117;77;239;land;false;plains;1
3900;204;42;230;land;false;plains;1
3901;125;178;239;land;false;plains;1
3902;71;176;239;land;false;plains;1
3903;56;192;236;land;false;plains;1
3904;232;213;108;land;false;plains;1
3905;123;238;121;land;false;plains;1
3906;181;252;239;land;false;plains;1
3907;249;243;255;land;false;plains;1
3908;102;232;237;land;false;plains;1
3909;176;244;152;land;false;plains;1
3910;244;40;242;land;false;plains;1
3911;251;150;215;land;false;plains;1
3912;96;180;248;land;true;plains;1
3913;178;108;254;land;false;plains;1
3914;254;252;225;land;false;plains;1
3915;255;255;255;land;false;plains;1
3916;255;202;237;land;false;plains;1
3917;237;207;129;land;false;plains;1
3918;126;108;249;land;true;plains;1
3919;207;255;118;land;false;plains;1
3920;253;251;255;land;false;plains;1
3921;222;42;251;land;false;plains;1
3922;81;208;204;land;true;plains;1
3923;255;189;210;land;false;plains;1
3924;211;255;246;land;true;plains;1
3925;82;92;229;land;false;plains;1
3926;255;237;250;land;false;plains;1
3927;196;250;188;land;false;plains;1
3928;241;255;236;land;false;plains;1
3929;169;72;229;land;false;plains;1
3930;244;106;101;land;false;plains;1
3931;197;196;66;land;false;plains;1
3932;69;90;249;land;false;plains;1
3933;233;253;147;land;true;plains;1
3934;255;235;241;land;false;plains;1
3935;205;255;172;land;true;plains;1
3936;238;96;169;land;false;plains;1
3937;231;207;111;land;false;plains;1
3938;168;184;251;land;false;plains;1
3939;254;162;189;land;true;plains;1
3940;90;151;229;land;false;plains;1
3941;82;229;97;land;false;plains;1
3942;253;254;229;land;false;plains;1
3943;146;131;236;land;false;plains;1
3944;246;65;132;land;false;plains;1
3945;233;113;188;land;false;plains;1
3946;176;201;250;land;false;plains;1
3947;249;255;226;land;false;plains;1
3948;134;176;241;land;true;plains;1
3949;93;239;69;land;false;plains;1
3950;255;245;254;land;true;plains;1
3951;253;176;224;land;false;plains;1
3952;123;202;237;land;false;plains;1
3953;99;252;198;land;false;plains;1
3954;188;252;219;land;false;plains;1
3955;254;240;183;land;false;plains;1
3956;211;78;82;land;false;plains;1
3957;250;55;165;land;true;plains;1
3958;252;120;209;land;false;plains;1
3959;152;106;245;land;false;plains;1
3960;217;255;238;land;false;plains;1
3961;151;242;219;land;false;plains;1
3962;210;227;255;land;false;plains;1
3963;249;75;105;land;false;plains;1
3964;255;243;228;land;false;plains;1
3965;180;245;36;land;false;plains;1
3966;59;237;79;land;false;plains;1
3967;248;170;181;land;false;plains;1
3968;224;205;100;land;false;plains;1
3969;254;200;214;land;false;plains;1
3970;54;48;252;land;false;plains;1
3971;147;250;218;land;false;plains;1
3972;109;251;137;land;false;plains;1
3973;225;235;109;land;false;plains;1
3974;242;255;254;land;false;plains;1
3975;246;254;197;land;false;plains;1
3976;204;238;255;land;false;plains;1
3977;228;63;113;land;false;plains;1
3978;245;215;104;land;false;plains;1
3979;249;168;222;land;false;plains;1
3980;99;229;211;land;false;plains;1
3981;106;242;122;land;false;plains;1
3982;159;245;92;land;false;plains;1
3983;238;252;190;land;false;plains;1
3984;226;255;253;land;false;plains;1
3985;255;232;240;land;false;plains;1
3986;49;209;60;land;false;plains;1
3987;223;170;248;land;false;plains;1
3988;135;139;247;land;false;plains;1
3989;255;142;121;land;false;plains;1
3990;248;169;79;land;true;plains;1
3991;115;248;142;land;false;plains;1
3992;70;255;163;land;false;plains;1
3993;176;184;252;land;false;plains;1
3994;251;183;232;land;false;plains;1
3995;131;236;221;land;true;plains;1
3996;101;161;248;land;false;plains;1
3997;160;146;242;land;false;plains;1
3998;116;197;243;land;false;plains;1
3999;100;57;241;land;false;plains;1
4000;255;212;242;land;false;plains;1
4001;246;65;15;land;true;plains;1
4002;182;101;222;land;false;plains;1
4003;123;235;206;land;false;plains;1
4004;174;254;192;land;false;plains;1
4005;235;253;206;land;false;plains;1
4006;255;240;231;land;false;plains;1
4007;198;127;69;land;false;plains;1
4008;204;197;252;land;false;plains;1
4009;249;234;140;land;false;plains;1
4010;98;216;238;land;false;plains;1
4011;124;238;250;land;false;plains;1
4012;226;253;192;land;false;plains;1
4013;106;163;240;land;false;plains;1
4014;226;51;254;land;false;plains;1
4015;254;63;132;land;false;plains;1
4016;161;28;243;land;false;plains;1
4017;254;220;184;land;false;plains;1
4018;253;209;221;land;false;plains;1
4019;102;72;239;land;false;plains;1
4020;246;17;208;land;true;plains;1
4021;237;148;244;land;false;plains;1
4022;183;249;159;land;false;plains;1
4023;111;225;109;land;false;plains;1
4024;207;233;255;land;false;plains;1
4025;113;226;194;land;false;plains;1
4026;40;223;145;land;false;plains;1
4027;253;163;216;land;false;plains;1
4028;195;251;186;land;false;plains;1
4029;253;235;203;land;true;plains;1
4030;248;187;129;land;false;plains;1
4031;41;253;158;land;false;plains;1
4032;221;254;220;land;true;plains;1
4033;253;248;198;land;false;plains;1
4034;224;168;248;land;false;plains;1
4035;211;31;250;land;false;plains;1
4036;254;213;249;land;false;plains;1
4037;129;201;244;land;false;plains;1
4038;242;153;51;land;false;plains;1
4039;247;207;254;land;false;plains;1
4040;66;124;199;land;false;plains;1
4041;130;248;153;land;false;plains;1
4042;221;82;207;land;true;plains;1
4043;250;255;244;land;false;plains;1
4044;210;253;209;land;false;plains;1
4045;212;183;252;land;false;plains;1
4046;253;231;197;land;false;plains;1
4047;117;231;207;land;false;plains;1
4048;123;97;243;land;false;plains;1
4049;180;231;85;land;true;plains;1
4050;178;71;203;land;false;plains;1
4051;168;98;220;land;false;plains;1
4052;122;252;254;land;false;plains;1
4053;254;238;182;land;false;plains;1
4054;122;235;125;land;true;plains;1
4055;255;208;194;land;false;plains;1
4056;241;248;255;land;true;plains;1
4057;246;237;165;land;false;plains;1
4058;232;221;59;land;false;plains;1
4059;250;177;176;land;false;plains;1
4060;251;175;219;land;false;plains;1
4061;98;157;220;land;false;plains;1
4062;192;251;209;land;false;plains;1
4063;195;140;251;land;false;plains;1
4064;126;114;246;land;false;plains;1
4065;195;255;209;land;true;plains;1
4066;236;255;239;land;false;plains;1
4067;243;242;255;land;false;plains;1
4068;233;252;255;land;false;plains;1
4069;130;242;253;land;false;plains;1
4070;255;156;173;land;false;plains;1
4071;125;241;43;land;false;plains;1
4072;235;149;73;land;false;plains;1
4073;116;227;91;land;false;plains;1
4074;142;240;252;land;false;plains;1
4075;249;215;254;land;false;plains;1
4076;38;185;224;land;false;plains;1
4077;67;202;181;land;false;plains;1
4078;41;90;233;land;false;plains;1
4079;232;253;207;land;false;plains;1
4080;88;230;84;land;false;plains;1
4081;253;192;213;land;false;plains;1
4082;169;45;213;land;false;plains;1
4083;169;248;203;land;true;plains;1
4084;228;254;239;land;false;plains;1
4085;139;251;242;land;false;plains;1
4086;201;254;196;land;false;plains;1
4087;252;208;254;land;false;plains;1
4088;197;225;255;land;false;plains;1
4089;113;254;138;land;false;plains;1
4090;233;229;255;land;false;plains;1
4091;242;122;166;land;false;plains;1
4092;91;243;80;land;false;plains;1
4093;119;241;214;land;false;plains;1
4094;254;226;230;land;false;plains;1
4095;177;175;250;land;false;plains;1
4096;175;249;241;land;true;plains;1
4097;147;10;252;land;false;plains;1
4098;201;255;187;land;false;plains;1
4099;56;251;131;land;false;plains;1
4100;237;235;255;land;false;plains;1
4101;185;170;254;land;false;plains;1
4102;255;218;217;land;false;plains;1
4103;249;255;250;land;true;plains;1
4104;216;108;252;land;false;plains;1
4105;164;75;226;land;false;plains;1
4106;169;252;43;land;false;plains;1
4107;238;127;247;land;false;plains;1
4108;130;200;62;land;true;plains;1
4109;243;254;229;land;false;plains;1
4110;188;244;254;land;false;plains;1
4111;119;248;248;land;false;plains;1
4112;245;129;26;land;false;plains;1
4113;195;254;201;land;true;plains;1
4114;161;247;174;land;false;plains;1
4115;103;229;124;land;false;plains;1
4116;114;250;134;land;false;plains;1
4117;129;253;147;land;false;plains;1
4118;49;248;174;land;false;plains;1
4119;73;105;245;land;false;plains;1
4120;236;136;95;land;false;plains;1
4121;253;77;82;land;false;plains;1
4122;182;219;250;land;false;plains;1
4123;106;149;231;land;false;plains;1
4124;194;253;162;land;false;plains;1
4125;247;192;170;land;false;plains;1
4126;180;242;120;land;false;plains;1
4127;82;239;53;land;false;plains;1
4128;200;246;255;land;false;plains;1
4129;162;244;157;land;false;plains;1
4130;195;158;252;land;false;plains;1
4131;246;251;179;land;false;plains;1
4132;128;98;228;land;false;plains;1
4133;141;246;215;land;false;plains;1
4134;255;241;250;land;false;plains;1
4135;245;255;249;land;false;plains;1
4136;251;177;194;land;false;plains;1
4137;253;239;146;land;false;plains;1
4138;212;58;210;land;false;plains;1
4139;169;252;174;land;false;plains;1
4140;255;231;231;land;false;plains;1
4141;254;180;193;land;false;plains;1
4142;247;205;172;land;false;plains;1
4143;117;241;248;land;false;plains;1
4144;234;224;255;land;false;plains;1
4145;231;255;232;land;true;plains;1
4146;214;240;254;land;true;plains;1
4147;95;241;67;land;false;plains;1
4148;188;251;194;land;false;plains;1
4149;187;254;232;land;false;plains;1
4150;37;8;248;land;false;plains;1
4151;102;220;243;land;false;plains;1
4152;254;216;168;land;false;plains;1
4153;253;210;214;land;true;plains;1
4154;254;208;239;land;false;plains;1
4155;8;250;198;land;false;plains;1
4156;24;146;237;land;false;plains;1
4157;205;57;172;land;true;plains;1
4158;254;158;158;land;false;plains;1
4159;11;245;253;land;true;plains;1
4160;252;149;191;land;false;plains;1
4161;245;60;59;land;false;plains;1
4162;197;167;247;land;false;plains;1
4163;229;185;253;land;false;plains;1
4164;113;46;232;land;false;plains;1
4165;148;253;161;land;false;plains;1
4166;98;124;249;land;true;plains;1
4167;246;80;102;land;false;plains;1
4168;248;255;250;land;false;plains;1
4169;250;174;234;land;false;plains;1
4170;227;214;68;land;false;plains;1
4171;238;130;210;land;false;plains;1
4172;181;240;253;land;false;plains;1
4173;224;235;124;land;true;plains;1
4174;82;218;137;land;false;plains;1
4175;244;207;161;land;false;plains;1
4176;150;92;241;land;true;plains;1
4177;248;249;124;land;false;plains;1
4178;240;255;252;land;false;plains;1
4179;243;211;255;land;false;plains;1
4180;226;251;57;land;false;plains;1
4181;223;248;79;land;false;plains;1
4182;94;235;50;land;false;plains;1
4183;74;188;205;land;false;plains;1
4184;204;251;182;land;false;plains;1
4185;116;165;241;land;false;plains;1
4186;223;204;253;land;false;plains;1
4187;194;239;253;land;true;plains;1
4188;228;255;62;land;false;plains;1
4189;64;139;204;land;false;plains;1
4190;141;223;86;land;false;plains;1
4191;255;233;226;land;false;plains;1
4192;187;250;144;land;false;plains;1
4193;223;254;211;land;false;plains;1
4194;255;223;246;land;false;plains;1
4195;143;243;134;land;false;plains;1
4196;193;255;219;land;false;plains;1
4197;135;246;216;land;false;plains;1
4198;239;196;254;land;true;plains;1
4199;62;39;225;land;false;plains;1
4200;215;171;249;land;true;plains;1
4201;38;227;200;land;false;plains;1
4202;225;145;100;land;false;plains;1
4203;244;146;169;land;false;plains;1
4204;248;225;120;land;false;plains;1
4205;222;254;241;land;false;plains;1
4206;124;134;253;land;false;plains;1
4207;254;248;255;land;false;plains;1
4208;199;200;254;land;false;plains;1
4209;206;208;60;land;false;plains;1
4210;95;129;226;land;true;plains;1
4211;10;246;238;land;false;plains;1
4212;90;205;254;land;false;plains;1
4213;160;253;199;land;false;plains;1
4214;153;232;249;land;false;plains;1
4215;160;133;251;land;false;plains;1
4216;255;241;238;land;false;plains;1
4217;151;248;150;land;false;plains;1
4218;195;252;160;land;false;plains;1
4219;247;219;254;land;false;plains;1
4220;67;208;55;land;true;plains;1
4221;156;243;182;land;false;plains;1
4222;217;131;91;land;false;plains;1
4223;243;154;111;land;false;plains;1
4224;112;114;228;land;false;plains;1
4225;255;213;231;land;false;plains;1
4226;229;100;181;land;false;plains;1
4227;176;168;246;land;false;plains;1
4228;217;72;125;land;false;plains;1
4229;255;246;232;land;false;plains;1
4230;252;221;164;land;false;plains;1
4231;103;224;173;land;false;plains;1
4232;210;254;205;land;false;plains;1
4233;254;250;219;land;false;plains;1
4234;186;180;254;land;false;plains;1
4235;111;235;111;land;false;plains;1
4236;241;204;254;land;false;plains;1
4237;254;228;208;land;false;plains;1
4238;244;254;231;land;false;plains;1
4239;58;231;200;land;false;plains;1
4240;217;225;254;land;false;plains;1
4241;255;253;240;land;false;plains;1
4242;115;236;112;land;false;plains;1
4243;243;254;221;land;false;plains;1
4244;220;21;239;land;false;plains;1
4245;244;186;161;land;false;plains;1
4246;240;255;240;land;false;plains;1
4247;249;242;172;land;false;plains;1
4248;232;183;252;land;false;plains;1
4249;251;196;166;land;false;plains;1
4250;79;234;217;land;false;plains;1
4251;127;134;242;land;false;plains;1
4252;153;79;237;land;false;plains;1
4253;128;234;121;land;false;plains;1
4254;94;70;201;land;false;plains;1
4255;253;255;208;land;false;plains;1
4256;254;210;216;land;false;plains;1
4257;181;251;242;land;false;plains;1
4258;224;47;194;land;false;plains;1
4259;236;157;90;land;false;plains;1
4260;253;247;190;land;false;plains;1
4261;133;209;253;land;false;plains;1
4262;178;174;252;land;false;plains;1
4263;178;254;212;land;false;plains;1
4264;255;223;226;land;false;plains;1
4265;253;193;221;land;false;plains;1
4266;254;220;229;land;false;plains;1
4267;85;228;187;land;false;plains;1
4268;101;245;168;land;false;plains;1
4269;255;180;165;land;false;plains;1
4270;235;192;73;land;false;plains;1
4271;212;254;239;land;false;plains;1
4272;154;244;160;land;false;plains;1
4273;102;252;232;land;false;plains;1
4274;229;141;93;land;false;plains;1
4275;148;250;131;land;false;plains;1
4276;238;147;97;land;false;plains;1
4277;229;127;89;land;false;plains;1
4278;163;253;106;land;false;plains;1
4279;255;214;215;land;false;plains;1
4280;54;211;136;land;true;plains;1
4281;57;54;238;land;false;plains;1
4282;230;255;234;land;false;plains;1
4283;234;96;177;land;false;plains;1
4284;245;247;157;land;true;plains;1
4285;253;148;93;land;false;plains;1
4286;241;145;221;land;false;plains;1
4287;166;161;247;land;false;plains;1
4288;72;96;210;land;true;plains;1
4289;127;235;32;land;false;plains;1
4290;235;255;248;land;false;plains;1
4291;116;241;179;land;false;plains;1
4292;220;120;237;land;false;plains;1
4293;81;197;234;land;false;plains;1
4294;176;67;243;land;false;plains;1
4295;255;248;250;land;false;plains;1
4296;204;149;244;land;false;plains;1
4297;110;172;250;land;false;plains;1
4298;239;255;191;land;false;plains;1
4299;151;253;137;land;false;plains;1
4300;104;25;247;land;false;plains;1
4301;246;110;239;land;false;plains;1
4302;194;249;252;land;false;plains;1
4303;255;228;248;land;false;plains;1
4304;249;245;255;land;true;plains;1
4305;205;171;249;land;false;plains;1
4306;247;237;67;land;false;plains;1
4307;206;235;254;land;true;plains;1
4308;254;228;228;land;false;plains;1
4309;211;232;73;land;false;plains;1
4310;247;208;108;land;true;plains;1
4311;239;133;155;land;false;plains;1
4312;219;150;253;land;false;plains;1
4313;255;253;252;land;false;plains;1
4314;83;227;134;land;false;plains;1
4315;212;101;73;land;false;plains;1
4316;225;65;199;land;false;plains;1
4317;244;234;115;land;false;plains;1
4318;243;254;201;land;false;plains;1
4319;126;110;245;land;true;plains;1
4320;187;121;246;land;false;plains;1
4321;65;250;235;land;false;plains;1
4322;177;233;111;land;true;plains;1
4323;252;255;207;land;false;plains;1
4324;76;237;86;land;false;plains;1
4325;255;200;238;land;false;plains;1
4326;209;109;249;land;false;plains;1
4327;18;136;249;land;false;plains;1
4328;88;193;226;land;false;plains;1
4329;73;240;243;land;false;plains;1
4330;254;216;203;land;false;plains;1
4331;254;255;245;land;false;plains;1
4332;229;131;45;land;false;plains;1
4333;254;210;236;land;false;plains;1
4334;232;111;32;land;false;plains;1
4335;213;246;18;land;false;plains;1
4336;212;225;255;land;false;plains;1
4337;220;199;80;land;false;plains;1
4338;248;70;147;land;false;plains;1
4339;215;253;142;land;false;plains;1
4340;132;247;64;land;false;plains;1
4341;142;231;96;land;false;plains;1
4342;235;228;110;land;false;plains;1
4343;61;236;194;land;false;plains;1
4344;229;77;126;land;false;plains;1
4345;79;134;227;land;false;plains;1
4346;187;222;254;land;false;plains;1
4347;77;245;46;land;true;plains;1
4348;203;135;244;land;false;plains;1
4349;120;124;230;land;false;plains;1
4350;251;60;65;land;false;plains;1
4351;220;42;129;land;false;plains;1
4352;252;95;56;land;false;plains;1
4353;226;108;116;land;true;plains;1
4354;179;232;251;land;false;plains;1
4355;57;166;231;land;false;plains;1
4356;171;244;157;land;true;plains;1
4357;51;187;254;land;false;plains;1
4358;146;249;205;land;false;plains;1
4359;252;76;71;land;false;plains;1
4360;196;253;112;land;false;plains;1
4361;42;151;251;land;false;plains;1
4362;220;254;248;land;false;plains;1
4363;148;54;208;land;false;plains;1
4364;134;227;238;land;false;plains;1
4365;226;245;56;land;false;plains;1
4366;187;207;254;land;true;plains;1
4367;213;255;193;land;false;plains;1
4368;254;235;199;land;false;plains;1
4369;248;126;161;land;false;plains;1
4370;254;204;201;land;false;plains;1
4371;236;130;100;land;false;plains;1
4372;254;253;210;land;false;plains;1
4373;227;254;234;land;false;plains;1
4374;253;195;172;land;false;plains;1
4375;230;213;69;land;false;plains;1
4376;86;198;232;land;true;plains;1
4377;244;231;255;land;false;plains;1
4378;105;242;236;land;false;plains;1
4379;171;247;217;land;false;plains;1
4380;254;224;208;land;true;plains;1
4381;254;250;227;land;false;plains;1
4382;246;164;78;land;false;plains;1
4383;200;199;255;land;false;plains;1
4384;74;248;221;land;false;plains;1
4385;234;51;34;land;false;plains;1
4386;226;122;238;land;false;plains;1
4387;102;230;249;land;false;plains;1
4388;75;54;227;land;false;plains;1
4389;89;243;33;land;false;plains;1
4390;236;80;104;land;false;plains;1
4391;125;192;234;land;false;plains;1
4392;77;47;228;land;false;plains;1
4393;117;253;202;land;false;plains;1
4394;250;37;96;land;false;plains;1
4395;248;178;129;land;false;plains;1
4396;216;203;82;land;false;plains;1
4397;178;245;137;land;false;plains;1
4398;48;42;230;land;false;plains;1
4399;34;169;226;land;false;plains;1
4400;241;94;217;land;false;plains;1
4401;222;212;254;land;false;plains;1
4402;212;249;182;land;false;plains;1
4403;240;254;255;land;false;plains;1
4404;250;136;245;land;false;plains;1
4405;248;126;44;land;false;plains;1
4406;186;98;251;land;false;plains;1
4407;128;239;145;land;false;plains;1
4408;214;254;238;land;false;plains;1
4409;208;254;232;land;false;plains;1
4410;246;164;215;land;false;plains;1
4411;239;220;63;land;false;plains;1
4412;246;255;253;land;false;plains;1
4413;52;242;216;land;false;plains;1
4414;252;186;235;land;false;plains;1
4415;45;234;148;land;false;plains;1
4416;244;94;236;land;false;plains;1
4417;152;254;101;land;true;plains;1
4418;238;130;167;land;false;plains;1
4419;189;252;250;land;false;plains;1
4420;236;171;251;land;false;plains;1
4421;254;197;225;land;false;plains;1
4422;156;91;230;land;false;plains;1
4423;134;109;251;land;false;plains;1
4424;150;25;244;land;false;plains;1
4425;137;114;231;land;false;plains;1
4426;238;235;122;land;false;plains;1
4427;252;182;178;land;false;plains;1
4428;225;254;220;land;false;plains;1
4429;248;81;166;land;false;plains;1
4430;230;255;242;land;false;plains;1
4431;242;219;57;land;true;plains;1
4432;216;149;245;land;false;plains;1
4433;196;62;68;land;false;plains;1
4434;255;231;215;land;true;plains;1
4435;53;224;99;land;false;plains;1
4436;76;210;97;land;false;plains;1
4437;240;182;125;land;false;plains;1
4438;115;49;246;land;false;plains;1
4439;221;93;206;land;false;plains;1
4440;247;141;143;land;false;plains;1
4441;225;58;239;land;false;plains;1
4442;119;207;64;land;false;plains;1
4443;178;253;70;land;false;plains;1
4444;176;249;222;land;false;plains;1
4445;251;133;193;land;false;plains;1
4446;220;253;193;land;false;plains;1
4447;252;186;98;land;false;plains;1
4448;253;245;255;land;false;plains;1
4449;218;138;77;land;false;plains;1
4450;134;90;239;land;false;plains;1
4451;251;236;161;land;false;plains;1
4452;111;130;232;land;false;plains;1
4453;245;254;197;land;false;plains;1
4454;212;238;41;land;false;plains;1
4455;82;174;244;land;false;plains;1
4456;251;172;212;land;false;plains;1
4457;247;249;255;land;false;plains;1
4458;94;218;89;land;false;plains;1
4459;255;236;254;land;false;plains;1
4460;248;86;83;land;false;plains;1
4461;183;240;251;land;false;plains;1
4462;230;254;129;land;false;plains;1
4463;238;27;228;land;false;plains;1
4464;82;200;222;land;false;plains;1
4465;254;202;155;land;false;plains;1
4466;96;151;238;land;false;plains;1
4467;254;252;206;land;false;plains;1
4468;245;194;105;land;false;plains;1
4469;145;196;252;land;false;plains;1
4470;129;238;128;land;false;plains;1
4471;165;190;253;land;false;plains;1
4472;239;252;255;land;false;plains;1
4473;237;250;255;land;true;plains;1
4474;117;253;182;land;false;plains;1
4475;238;148;246;land;false;plains;1
4476;252;187;188;land;false;plains;1
4477;243;125;100;land;false;plains;1
4478;253;255;252;land;false;plains;1
4479;241;238;255;land;false;plains;1
4480;255;209;249;land;false;plains;1
4481;192;61;226;land;true;plains;1
4482;51;133;222;land;false;plains;1
4483;60;44;218;land;false;plains;1
4484;240;186;125;land;false;plains;1
4485;83;219;73;land;false;plains;1
4486;252;186;223;land;false;plains;1
4487;55;233;149;land;false;plains;1
4488;255;234;253;land;false;plains;1
4489;177;231;108;land;false;plains;1
4490;173;244;43;land;false;plains;1
4491;143;106;250;land;false;plains;1
4492;122;235;197;land;false;plains;1
4493;81;242;123;land;false;plains;1
4494;247;237;160;land;false;plains;1
4495;79;134;251;land;false;plains;1
4496;237;255;244;land;false;plains;1
4497;249;177;200;land;false;plains;1
4498;179;250;206;land;false;plains;1
4499;246;139;85;land;true;plains;1
4500;71;231;255;land;false;plains;1
4501;246;167;98;land;false;plains;1
4502;220;220;96;land;true;plains;1
4503;45;200;239;land;false;plains;1
4504;226;29;249;land;false;plains;1
4505;72;119;242;land;true;plains;1
4506;210;253;224;land;true;plains;1
4507;78;232;180;land;false;plains;1
4508;255;249;252;land;true;plains;1
4509;213;52;216;land;false;plains;1
4510;177;55;252;land;false;plains;1
4511;246;49;55;land;false;plains;1
4512;94;228;78;land;false;plains;1
4513;243;255;217;land;false;plains;1
4514;167;134;237;land;false;plains;1
4515;229;117;233;land;false;plains;1
4516;140;232;81;land;true;plains;1
4517;255;242;241;land;false;plains;1
4518;218;254;193;land;false;plains;1
4519;48;118;245;land;false;plains;1
4520;101;154;224;land;false;plains;1
4521;146;214;67;land;false;plains;1
4522;255;254;247;land;false;plains;1
4523;107;240;188;land;false;plains;1
4524;235;254;179;land;false;plains;1
4525;136;59;224;land;false;plains;1
4526;121;245;192;land;false;plains;1
4527;255;230;203;land;false;plains;1
4528;88;243;212;land;false;plains;1
4529;186;193;255;land;false;plains;1
4530;254;193;236;land;false;plains;1
4531;190;149;250;land;false;plains;1
4532;255;247;243;land;false;plains;1
4533;239;142;196;land;false;plains;1
4534;249;175;222;land;false;plains;1
4535;47;104;219;land;false;plains;1
4536;219;173;251;land;false;plains;1
4537;192;232;254;land;false;plains;1
4538;247;112;149;land;false;plains;1
4539;217;70;201;land;false;plains;1
4540;217;42;62;land;false;plains;1
4541;31;227;128;land;false;plains;1
4542;93;253;178;land;false;plains;1
4543;90;72;217;land;false;plains;1
4544;254;83;161;land;false;plains;1
4545;71;199;200;land;false;plains;1
4546;195;248;151;land;false;plains;1
4547;182;252;208;land;false;plains;1
4548;232;247;255;land;true;plains;1
4549;243;180;19;land;true;plains;1
4550;246;168;245;land;false;plains;1
4551;204;224;253;land;false;plains;1
4552;142;219;241;land;false;plains;1
4553;207;253;237;land;false;plains;1
4554;133;254;230;land;false;plains;1
4555;213;190;254;land;false;plains;1
4556;243;132;252;land;true;plains;1
4557;251;188;230;land;false;plains;1
4558;166;78;233;land;false;plains;1
4559;158;243;168;land;false;plains;1
4560;200;252;179;land;false;plains;1
4561;223;254;239;land;false;plains;1
4562;214;219;254;land;false;plains;1
4563;139;250;254;land;false;plains;1
4564;247;171;201;land;false;plains;1
4565;207;249;171;land;false;plains;1
4566;253;141;119;land;false;plains;1
4567;240;79;80;land;false;plains;1
4568;150;169;249;land;false;plains;1
4569;253;171;213;land;false;plains;1
4570;220;86;168;land;true;plains;1
4571;246;156;191;land;false;plains;1
4572;158;244;238;land;false;plains;1
4573;244;245;93;land;false;plains;1
4574;146;103;241;land;false;plains;1
4575;226;232;255;land;false;plains;1
4576;197;239;121;land;false;plains;1
4577;254;215;213;land;true;plains;1
4578;166;182;255;land;true;plains;1
4579;241;139;224;land;false;plains;1
4580;101;211;48;land;false;plains;1
4581;247;170;189;land;false;plains;1
4582;203;233;89;land;false;plains;1
4583;178;214;249;land;false;plains;1
4584;245;105;188;land;false;plains;1
4585;253;214;219;land;false;plains;1
4586;234;80;225;land;false;plains;1
4587;152;179;243;land;false;plains;1
4588;192;80;210;land;true;plains;1
4589;247;149;160;land;false;plains;1
4590;152;243;206;land;false;plains;1
4591;204;199;255;land;false;plains;1
4592;244;167;148;land;false;plains;1
4593;39;232;215;land;false;plains;1
4594;242;110;130;land;false;plains;1
4595;96;255;92;land;false;plains;1
4596;241;81;180;land;true;plains;1
4597;194;253;243;land;false;plains;1
4598;193;253;194;land;false;plains;1
4599;221;240;49;land;false;plains;1
4600;96;238;85;land;false;plains;1
4601;138;128;244;land;false;plains;1
4602;250;241;186;land;false;plains;1
4603;183;253;157;land;false;plains;1
4604;71;126;210;land;false;plains;1
4605;127;131;251;land;false;plains;1
4606;253;209;189;land;false;plains;1
4607;242;126;41;land;false;plains;1
4608;48;244;107;land;false;plains;1
4609;203;252;222;land;false;plains;1
4610;240;78;162;land;false;plains;1
4611;122;237;220;land;true;plains;1
4612;107;89;236;land;false;plains;1
4613;243;159;146;land;false;plains;1
4614;48;238;72;land;false;plains;1
4615;249;200;254;land;false;plains;1
4616;51;64;225;land;false;plains;1
4617;254;244;203;land;false;plains;1
4618;206;252;140;land;false;plains;1
4619;84;232;35;land;false;plains;1
4620;243;166;155;land;false;plains;1
4621;60;117;229;land;false;plains;1
4622;255;165;248;land;false;plains;1
4623;249;225;165;land;true;plains;1
4624;240;124;235;land;false;plains;1
4625;220;194;252;land;false;plains;1
4626;215;254;220;land;false;plains;1
4627;90;237;137;land;false;plains;1
4628;132;88;236;land;false;plains;1
4629;252;200;177;land;false;plains;1
4630;159;218;87;land;false;plains;1
4631;252;150;226;land;false;plains;1
4632;174;178;252;land;false;plains;1
4633;185;65;237;land;false;plains;1
4634;254;249;210;land;false;plains;1
4635;148;245;184;land;false;plains;1
4636;24;54;243;land;false;plains;1
4637;131;236;111;land;false;plains;1
4638;175;249;212;land;false;plains;1
4639;222;252;129;land;false;plains;1
4640;255;252;248;land;false;plains;1
4641;61;248;94;land;false;plains;1
4642;208;81;113;land;false;plains;1
4643;124;247;188;land;false;plains;1
4644;51;255;248;land;false;plains;1
4645;231;252;185;land;false;plains;1
4646;248;235;176;land;true;plains;1
4647;255;245;243;land;false;plains;1
4648;254;219;188;land;false;plains;1
4649;63;199;147;land;false;plains;1
4650;201;253;191;land;false;plains;1
4651;252;198;66;land;false;plains;1
4652;59;195;228;land;false;plains;1
4653;176;90;225;land;false;plains;1
4654;251;140;213;land;false;plains;1
4655;173;239;143;land;false;plains;1
4656;151;248;238;land;false;plains;1
4657;248;153;157;land;false;plains;1
4658;234;214;254;land;false;plains;1
4659;168;254;121;land;false;plains;1
4660;159;146;247;land;false;plains;1
4661;243;255;241;land;false;plains;1
4662;130;207;50;land;false;plains;1
4663;249;72;191;land;false;plains;1
4664;197;254;243;land;false;plains;1
4665;243;144;152;land;false;plains;1
4666;127;72;253;land;false;plains;1
4667;167;248;237;land;false;plains;1
4668;166;247;208;land;false;plains;1
4669;75;238;93;land;false;plains;1
4670;193;141;250;land;true;plains;1
4671;254;214;213;land;false;plains;1
4672;144;232;252;land;false;plains;1
4673;225;251;197;land;false;plains;1
4674;251;236;157;land;false;plains;1
4675;49;52;232;land;false;plains;1
4676;67;224;241;land;false;plains;1
4677;255;230;243;land;false;plains;1
4678;64;242;109;land;false;plains;1
4679;97;238;161;land;true;plains;1
4680;177;255;200;land;false;plains;1
4681;160;251;184;land;false;plains;1
4682;218;255;244;land;false;plains;1
4683;40;222;111;land;false;plains;1
4684;248;176;154;land;false;plains;1
4685;255;255;254;land;false;plains;1
4686;136;249;226;land;false;plains;1
4687;87;221;175;land;false;plains;1
4688;246;252;173;land;false;plains;1
4689;91;117;248;land;false;plains;1
4690;243;192;147;land;false;plains;1
4691;234;151;51;land;false;plains;1
4692;231;88;49;land;false;plains;1
4693;60;224;137;land;false;plains;1
4694;249;162;212;land;false;plains;1
4695;184;250;254;land;false;plains;1
4696;251;242;255;land;true;plains;1
4697;248;195;166;land;false;plains;1
4698;130;249;250;land;false;plains;1
4699;255;240;250;land;false;plains;1
4700;215;254;232;land;false;plains;1
4701;138;248;238;land;false;plains;1
4702;107;106;223;land;false;plains;1
4703;181;52;243;land;false;plains;1
4704;166;253;215;land;false;plains;1
4705;79;109;207;land;false;plains;1
4706;62;187;194;land;false;plains;1
4707;247;92;183;land;false;plains;1
4708;239;255;242;land;false;plains;1
4709;226;253;181;land;false;plains;1
4710;236;254;157;land;false;plains;1
4711;254;226;207;land;false;plains;1
4712;253;236;255;land;false;plains;1
4713;222;247;254;land;false;plains;1
4714;231;35;121;land;false;plains;1
4715;184;227;254;land;true;plains;1
4716;125;238;194;land;false;plains;1
4717;198;250;115;land;false;plains;1
4718;247;230;255;land;false;plains;1
4719;119;244;126;land;false;plains;1
4720;254;59;192;land;false;plains;1
4721;197;60;174;land;false;plains;1
4722;121;46;246;land;true;plains;1
4723;161;143;248;land;false;plains;1
4724;252;206;44;land;false;plains;1
4725;133;235;50;land;false;plains;1
4726;206;255;188;land;false;plains;1
4727;214;255;255;land;false;plains;1
4728;252;86;56;land;false;plains;1
4729;253;202;225;land;false;plains;1
4730;98;224;164;land;false;plains;1
4731;252;253;207;land;false;plains;1
4732;233;153;54;land;false;plains;1
4733;215;76;191;land;false;plains;1
4734;218;245;255;land;false;plains;1
4735;210;253;220;land;false;plains;1
4736;224;254;251;land;false;plains;1
4737;71;207;85;land;false;plains;1
4738;212;234;26;land;false;plains;1
4739;235;40;171;land;false;plains;1
4740;72;236;113;land;false;plains;1
4741;212;249;255;land;false;plains;1
4742;62;173;229;land;false;plains;1
4743;251;190;224;land;false;plains;1
4744;255;215;238;land;false;plains;1
4745;81;65;215;land;false;plains;1
4746;237;254;204;land;true;plains;1
4747;179;171;251;land;false;plains;1
4748;120;239;104;land;false;plains;1
4749;160;177;255;land;false;plains;1
4750;216;246;123;land;false;plains;1
4751;149;201;241;land;false;plains;1
4752;200;182;249;land;false;plains;1
4753;247;126;40;land;false;plains;1
4754;97;107;241;land;false;plains;1
4755;155;56;240;land;false;plains;1
4756;242;136;61;land;false;plains;1
4757;105;114;242;land;false;plains;1
4758;241;120;171;land;false;plains;1
4759;254;201;175;land;false;plains;1
4760;247;68;58;land;true;plains;1
4761;252;236;255;land;false;plains;1
4762;220;254;181;land;false;plains;1
4763;176;57;207;land;false;plains;1
4764;250;235;255;land;false;plains;1
4765;165;217;247;land;false;plains;1
4766;191;227;94;land;false;plains;1
4767;135;237;212;land;false;plains;1
4768;80;241;92;land;false;plains;1
4769;147;243;217;land;false;plains;1
4770;253;192;230;land;false;plains;1
4771;229;38;65;land;false;plains;1
4772;181;154;252;land;false;plains;1
4773;253;189;248;land;false;plains;1
4774;84;240;177;land;false;plains;1
4775;223;240;108;land;false;plains;1
4776;201;254;215;land;false;plains;1
4777;251;85;206;land;false;plains;1
4778;217;215;254;land;false;plains;1
4779;226;99;85;land;true;plains;1
4780;201;62;164;land;false;plains;1
4781;226;96;70;land;false;plains;1
4782;250;167;160;land;false;plains;1
4783;144;131;243;land;false;plains;1
4784;246;155;216;land;false;plains;1
4785;190;171;250;land;false;plains;1
4786;204;254;146;land;false;plains;1
4787;247;212;133;land;false;plains;1
4788;231;246;112;land;false;plains;1
4789;234;126;215;land;false;plains;1
4790;192;171;255;land;false;plains;1
4791;235;254;232;land;false;plains;1
4792;255;252;224;land;false;plains;1
4793;246;249;255;land;false;plains;1
4794;131;65;218;land;false;plains;1
4795;181;149;252;land;true;plains;1
4796;255;188;221;land;false;plains;1
4797;250;205;185;land;false;plains;1
4798;145;230;88;land;false;plains;1
4799;249;167;230;land;false;plains;1
4800;182;249;202;land;false;plains;1
4801;133;85;252;land;false;plains;1
4802;253;227;172;land;false;plains;1
4803;181;242;56;land;false;plains;1
4804;207;254;149;land;false;plains;1
4805;232;106;247;land;false;plains;1
4806;253;154;132;land;false;plains;1
4807;250;245;127;land;false;plains;1
4808;244;248;54;land;false;plains;1
4809;232;247;164;land;false;plains;1
4810;248;97;139;land;false;plains;1
4811;246;142;146;land;false;plains;1
4812;254;218;247;land;true;plains;1
4813;233;255;235;land;false;plains;1
4814;255;233;153;land;false;plains;1
4815;123;246;195;land;false;plains;1
4816;229;51;164;land;false;plains;1
4817;208;71;79;land;false;plains;1
4818;239;253;203;land;true;plains;1
4819;47;26;250;land;true;plains;1
4820;129;42;220;land;false;plains;1
4821;253;201;217;land;false;plains;1
4822;173;248;83;land;false;plains;1
4823;160;248;210;land;false;plains;1
4824;37;250;161;land;false;plains;1
4825;84;237;98;land;true;plains;1
4826;166;130;244;land;false;plains;1
4827;83;217;90;land;false;plains;1
4828;218;96;196;land;false;plains;1
4829;241;127;182;land;false;plains;1
4830;192;247;136;land;false;plains;1
4831;248;133;115;land;false;plains;1
4832;248;171;250;land;false;plains;1
4833;155;246;175;land;false;plains;1
4834;132;237;227;land;false;plains;1
4835;58;229;97;land;true;plains;1
4836;237;113;97;land;false;plains;1
4837;228;220;255;land;false;plains;1
4838;167;172;248;land;false;plains;1
4839;189;243;152;land;false;plains;1
4840;65;209;232;land;false;plains;1
4841;214;253;171;land;false;plains;1
4842;243;145;132;land;false;plains;1
4843;245;14;125;land;false;plains;1
4844;74;211;220;land;false;plains;1
4845;254;211;219;land;false;plains;1
4846;252;226;204;land;false;plains;1
4847;186;112;252;land;false;plains;1
4848;252;193;209;land;false;plains;1
4849;253;216;232;land;false;plains;1
4850;244;105;191;land;true;plains;1
4851;251;132;113;land;false;plains;1
4852;254;165;240;land;false;plains;1
4853;229;255;246;land;false;plains;1
4854;253;253;255;land;true;plains;1
4855;247;82;237;land;false;plains;1
4856;207;253;189;land;false;plains;1
4857;243;227;255;land;false;plains;1
4858;133;254;214;land;false;plains;1
4859;212;255;204;land;false;plains;1
4860;52;113;209;land;false;plains;1
4861;66;199;153;land;false;plains;1
4862;209;81;209;land;false;plains;1
4863;252;252;147;land;false;plains;1
4864;220;131;251;land;false;plains;1
4865;166;129;243;land;true;plains;1
4866;90;247;137;land;false;plains;1
4867;245;172;151;land;false;plains;1
4868;241;250;185;land;false;plains;1
4869;249;255;251;land;false;plains;1
4870;254;221;210;land;false;plains;1
4871;119;112;227;land;false;plains;1
4872;252;152;136;land;false;plains;1
4873;97;116;234;land;true;plains;1
4874;33;96;255;land;false;plains;1
4875;250;169;184;land;false;plains;1
4876;127;86;233;land;false;plains;1
4877;44;211;237;land;false;plains;1
4878;255;251;254;land;false;plains;1
4879;245;245;255;land;false;plains;1
4880;214;212;78;land;false;plains;1
4881;252;203;169;land;false;plains;1
4882;233;255;255;land;false;plains;1
4883;254;191;189;land;false;plains;1
4884;254;225;237;land;false;plains;1
4885;153;206;253;land;false;plains;1
4886;247;194;131;land;false;plains;1
4887;250;173;224;land;false;plains;1
4888;152;249;254;land;false;plains;1
4889;197;254;207;land;false;plains;1
4890;214;254;223;land;false;plains;1
4891;131;209;64;land;false;plains;1
4892;95;254;147;land;false;plains;1
4893;235;246;82;land;false;plains;1
4894;251;118;179;land;false;plains;1
4895;248;107;179;land;false;plains;1
4896;235;200;105;land;false;plains;1
4897;110;239;242;land;true;plains;1
4898;79;107;242;land;false;plains;1
4899;61;242;97;land;false;plains;1
4900;167;184;254;land;false;plains;1
4901;91;156;226;land;false;plains;1
4902;252;176;250;land;false;plains;1
4903;247;255;233;land;false;plains;1
4904;97;246;253;land;false;plains;1
4905;185;226;36;land;false;plains;1
4906;199;70;249;land;false;plains;1
4907;114;164;249;land;false;plains;1
4908;237;232;255;land;false;plains;1
4909;103;248;215;land;false;plains;1
4910;141;244;102;land;false;plains;1
4911;249;245;159;land;false;plains;1
4912;160;252;41;land;false;plains;1
4913;40;243;51;land;false;plains;1
4914;73;242;187;land;false;plains;1
4915;126;246;111;land;true;plains;1
4916;163;230;90;land;true;plains;1
4917;236;249;255;land;false;plains;1
4918;209;73;105;land;false;plains;1
4919;198;225;254;land;false;plains;1
4920;184;170;254;land;false;plains;1
4921;100;238;174;land;false;plains;1
4922;222;251;254;land;false;plains;1
4923;132;232;241;land;false;plains;1
4924;125;219;45;land;false;plains;1
4925;238;246;255;land;true;plains;1
4926;87;127;234;land;false;plains;1
4927;228;236;254;land;false;plains;1
4928;64;156;244;land;false;plains;1
4929;233;133;99;land;false;plains;1
4930;184;251;189;land;false;plains;1
4931;184;222;250;land;false;plains;1
4932;145;154;245;land;false;plains;1
4933;193;248;69;land;false;plains;1
4934;241;140;224;land;false;plains;1
4935;231;111;235;land;true;plains;1
4936;208;253;219;land;false;plains;1
4937;191;131;239;land;false;plains;1
4938;218;76;60;land;false;plains;1
4939;237;137;181;land;true;plains;1
4940;255;218;238;land;false;plains;1
4941;233;43;60;land;false;plains;1
4942;221;254;203;land;false;plains;1
4943;115;158;252;land;true;plains;1
4944;207;254;237;land;false;plains;1
4945;250;196;173;land;false;plains;1
4946;254;213;224;land;false;plains;1
4947;244;132;187;land;false;plains;1
4948;212;251;18;land;false;plains;1
4949;254;200;243;land;false;plains;1
4950;242;241;255;land;false;plains;1
4951;245;173;252;land;false;plains;1
4952;250;208;105;land;false;plains;1
4953;254;218;239;land;false;plains;1
4954;254;210;203;land;false;plains;1
4955;119;212;238;land;false;plains;1
4956;230;119;246;land;false;plains;1
4957;220;179;248;land;false;plains;1
4958;110;221;233;land;false;plains;1
4959;234;245;255;land;false;plains;1
4960;215;255;102;land;false;plains;1
4961;157;246;125;land;false;plains;1
4962;216;255;250;land;false;plains;1
4963;220;251;179;land;false;plains;1
4964;232;238;255;land;true;plains;1
4965;141;247;165;land;false;plains;1
4966;100;246;191;land;false;plains;1
4967;251;200;124;land;false;plains;1
4968;184;255;238;land;false;plains;1
4969;226;224;255;land;false;plains;1
4970;250;199;153;land;false;plains;1
4971;255;241;237;land;false;plains;1
4972;237;221;127;land;false;plains;1
4973;240;90;66;land;false;plains;1
4974;71;204;223;land;false;plains;1
4975;131;248;44;land;false;plains;1
4976;156;243;183;land;false;plains;1
4977;255;231;232;land;false;plains;1
4978;252;17;19;land;false;plains;1
4979;249;133;107;land;false;plains;1
4980;254;235;222;land;false;plains;1
4981;180;253;202;land;false;plains;1
4982;59;201;191;land;true;plains;1
4983;235;255;245;land;false;plains;1
4984;225;58;196;land;false;plains;1
4985;255;242;192;land;false;plains;1
4986;187;254;223;land;false;plains;1
4987;84;237;195;land;false;plains;1
4988;206;249;117;land;true;plains;1
4989;159;252;64;land;false;plains;1
4990;148;107;225;land;false;plains;1
4991;251;127;151;land;true;plains;1
4992;207;71;161;land;false;plains;1
4993;248;255;231;land;false;plains;1
4994;255;26;143;land;true;plains;1
4995;117;244;76;land;false;plains;1
4996;242;203;114;land;false;plains;1
4997;201;231;49;land;false;plains;1
4998;155;241;129;land;false;plains;1
4999;107;248;75;land;false;plains;1
5000;237;115;53;land;false;plains;1
5001;202;132;55;land;false;plains;1
5002;243;228;68;land;false;plains;1
5003;215;238;254;land;false;plains;1
5004;190;137;245;land;false;plains;1
5005;212;72;92;land;false;plains;1
5006;246;115;145;land;true;plains;1
5007;174;250;196;land;false;plains;1
5008;190;75;208;land;false;plains;1
5009;250;189;75;land;false;plains;1
5010;204;247;35;land;false;plains;1
5011;206;166;254;land;false;plains;1
5012;252;212;255;land;false;plains;1
5013;252;204;131;land;true;plains;1
5014;202;248;110;land;false;plains;1
5015;255;226;246;land;false;plains;1
5016;198;148;251;land;false;plains;1
5017;73;205;171;land;true;plains;1
5018;254;205;192;land;true;plains;1
5019;167;208;51;land;false;plains;1
5020;252;190;189;land;false;plains;1
5021;247;255;241;land;true;plains;1
5022;109;67;201;land;true;plains;1
5023;255;238;240;land;false;plains;1
5024;248;162;194;land;false;plains;1
5025;237;150;83;land;true;plains;1
5026;214;243;53;land;false;plains;1
5027;246;214;133;land;false;plains;1
5028;255;241;225;land;false;plains;1
5029;187;253;239;land;false;plains;1
5030;109;251;223;land;false;plains;1
5031;244;56;222;land;false;plains;1
5032;136;248;95;land;false;plains;1
5033;245;150;124;land;false;plains;1
5034;231;255;241;land;true;plains;1
5035;236;159;126;land;false;plains;1
5036;235;84;222;land;false;plains;1
5037;140;57;202;land;false;plains;1
5038;119;240;85;land;false;plains;1
5039;250;218;120;land;false;plains;1
5040;184;63;242;land;true;plains;1
5041;255;248;249;land;false;plains;1
5042;146;56;211;land;false;plains;1
5043;136;242;219;land;false;plains;1
5044;116;228;153;land;false;plains;1
5045;77;217;72;land;false;plains;1
5046;73;232;248;land;false;plains;1
5047;122;233;116;land;false;plains;1
5048;221;129;244;land;false;plains;1
5049;108;225;177;land;false;plains;1
5050;175;251;210;land;false;plains;1
5051;238;120;139;land;false;plains;1
5052;253;217;181;land;false;plains;1
5053;253;252;24;land;false;plains;1
5054;237;233;96;land;false;plains;1
5055;93;250;38;land;false;plains;1
5056;99;80;245;land;false;plains;1
5057;208;67;158;land;false;plains;1
5058;255;218;246;land;false;plains;1
5059;187;249;173;land;false;plains;1
5060;182;251;224;land;false;plains;1
5061;154;245;217;land;false;plains;1
5062;255;253;255;land;false;plains;1
5063;196;239;253;land;false;plains;1
5064;218;61;107;land;false;plains;1
5065;185;255;202;land;false;plains;1
5066;183;195;254;land;false;plains;1
5067;214;55;222;land;false;plains;1
5068;122;236;114;land;false;plains;1
5069;198;227;253;land;false;plains;1
5070;223;250;179;land;false;plains;1
5071;57;201;250;land;false;plains;1
5072;254;255;242;land;false;plains;1
5073;86;253;149;land;false;plains;1
5074;70;226;243;land;false;plains;1
5075;246;49;87;land;false;plains;1
5076;101;59;254;land;false;plains;1
5077;149;206;62;land;false;plains;1
5078;138;242;110;land;false;plains;1
5079;45;221;150;land;false;plains;1
5080;194;94;253;land;false;plains;1
5081;76;200;238;land;true;plains;1
5082;126;169;242;land;false;plains;1
5083;170;255;106;land;false;plains;1
5084;102;63;202;land;false;plains;1
5085;252;161;239;land;false;plains;1
5086;254;220;238;land;false;plains;1
5087;244;51;38;land;false;plains;1
5088;181;254;134;land;false;plains;1
5089;115;227;253;land;false;plains;1
5090;142;216;253;land;false;plains;1
5091;214;83;175;land;false;plains;1
5092;207;251;74;land;false;plains;1
5093;79;243;85;land;false;plains;1
5094;255;155;189;land;false;plains;1
5095;195;179;251;land;false;plains;1
5096;201;253;232;land;false;plains;1
5097;52;204;117;land;false;plains;1
5098;81;183;216;land;false;plains;1
5099;251;167;192;land;false;plains;1
5100;83;255;139;land;false;plains;1
5101;247;164;175;land;false;plains;1
5102;23;131;234;land;false;plains;1
5103;153;246;189;land;true;plains;1
5104;243;145;212;land;true;plains;1
5105;63;181;228;land;false;plains;1
5106;190;205;252;land;false;plains;1
5107;120;160;242;land;false;plains;1
5108;224;244;255;land;false;plains;1
5109;228;137;115;land;false;plains;1
5110;177;197;254;land;false;plains;1
5111;225;130;240;land;false;plains;1
5112;215;239;112;land;false;plains;1
5113;250;100;240;land;false;plains;1
5114;85;255;237;land;false;plains;1
5115;218;254;218;land;false;plains;1
5116;226;145;249;land;false;plains;1
5117;248;181;174;land;false;plains;1
5118;253;208;243;land;false;plains;1
5119;220;253;210;land;false;plains;1
5120;252;200;237;land;false;plains;1
5121;137;244;189;land;false;plains;1
5122;241;184;150;land;false;plains;1
5123;183;214;61;land;false;plains;1
5124;240;252;197;land;false;plains;1
5125;147;247;91;land;false;plains;1
5126;146;113;246;land;false;plains;1
5127;219;98;169;land;false;plains;1
5128;129;253;123;land;false;plains;1
5129;132;183;247;land;false;plains;1
5130;253;228;194;land;false;plains;1
5131;211;246;139;land;false;plains;1
5132;175;156;245;land;false;plains;1
5133;246;241;255;land;false;plains;1
5134;204;243;116;land;false;plains;1
5135;170;249;202;land;false;plains;1
5136;227;220;255;land;false;plains;1
5137;81;249;106;land;true;plains;1
5138;255;247;234;land;false;plains;1
5139;243;71;143;land;false;plains;1
5140;143;253;167;land;false;plains;1
5141;78;238;127;land;false;plains;1
5142;254;219;232;land;false;plains;1
5143;253;198;166;land;false;plains;1
5144;252;234;255;land;false;plains;1
5145;164;67;245;land;false;plains;1
5146;213;226;253;land;false;plains;1
5147;206;252;87;land;false;plains;1
5148;252;182;74;land;false;plains;1
5149;253;128;236;land;false;plains;1
5150;181;250;61;land;false;plains;1
5151;221;253;168;land;false;plains;1
5152;244;178;131;land;false;plains;1
5153;233;126;130;land;false;plains;1
5154;109;251;78;land;false;plains;1
5155;213;54;238;land;false;plains;1
5156;255;227;232;land;false;plains;1
5157;254;255;254;land;false;plains;1
5158;83;193;253;land;false;plains;1
5159;201;215;252;land;false;plains;1
5160;253;183;232;land;false;plains;1
5161;143;233;249;land;true;plains;1
5162;192;163;254;land;false;plains;1
5163;249;166;210;land;false;plains;1
5164;212;249;183;land;true;plains;1
5165;255;244;239;land;false;plains;1
5166;250;254;222;land;false;plains;1
5167;219;248;128;land;false;plains;1
5168;246;193;159;land;false;plains;1
5169;251;182;222;land;false;plains;1
5170;99;210;223;land;false;plains;1
5171;246;255;252;land;false;plains;1
5172;107;228;175;land;false;plains;1
5173;253;98;86;land;false;plains;1
5174;161;94;246;land;false;plains;1
5175;249;201;180;land;true;plains;1
5176;160;231;108;land;false;plains;1
5177;148;249;189;land;true;plains;1
5178;195;251;248;land;false;plains;1
5179;179;250;193;land;false;plains;1
5180;202;252;173;land;false;plains;1
5181;145;187;254;land;true;plains;1
5182;96;248;191;land;true;plains;1
5183;70;204;192;land;false;plains;1
5184;168;134;249;land;false;plains;1
5185;146;249;192;land;false;plains;1
5186;243;250;135;land;false;plains;1
5187;244;176;254;land;false;plains;1
5188;255;249;225;land;true;plains;1
5189;252;211;153;land;false;plains;1
5190;174;111;236;land;false;plains;1
5191;79;217;179;land;false;plains;1
5192;209;238;128;land;false;plains;1
5193;225;48;205;land;false;plains;1
5194;170;239;112;land;false;plains;1
5195;114;165;238;land;false;plains;1
5196;58;130;236;land;true;plains;1
5197;254;204;220;land;false;plains;1
5198;208;243;142;land;false;plains;1
5199;78;246;111;land;false;plains;1
5200;78;164;208;land;false;plains;1
5201;247;206;253;land;false;plains;1
5202;38;34;236;land;false;plains;1
5203;242;100;109;land;false;plains;1
5204;156;254;149;land;false;plains;1
5205;229;253;192;land;false;plains;1
5206;211;242;93;land;true;plains;1
5207;255;224;233;land;false;plains;1
5208;179;245;121;land;false;plains;1
5209;134;53;208;land;false;plains;1
5210;242;201;254;land;false;plains;1
5211;143;240;45;land;true;plains;1
5212;61;239;59;land;false;plains;1
5213;155;246;210;land;true;plains;1
5214;251;172;213;land;false;plains;1
5215;254;177;186;land;false;plains;1
5216;121;236;206;land;false;plains;1
5217;222;63;199;land;false;plains;1
5218;192;77;243;land;false;plains;1
5219;152;254;249;land;false;plains;1
5220;182;251;248;land;false;plains;1
5221;255;189;248;land;false;plains;1
5222;177;251;239;land;true;plains;1
5223;111;252;147;land;true;plains;1
5224;44;248;135;land;false;plains;1
5225;194;253;101;land;false;plains;1
5226;253;255;255;land;false;plains;1
5227;49;215;143;land;false;plains;1
5228;249;254;255;land;false;plains;1
5229;195;250;171;land;false;plains;1
5230;70;133;247;land;false;plains;1
5231;247;243;255;land;false;plains;1
5232;250;149;207;land;false;plains;1
5233;237;233;255;land;false;plains;1
5234;179;252;198;land;false;plains;1
5235;122;234;81;land;false;plains;1
5236;238;255;239;land;false;plains;1
5237;87;235;161;land;false;plains;1
5238;238;100;117;land;true;plains;1
5239;64;231;247;land;false;plains;1
5240;146;197;252;land;false;plains;1
5241;255;216;241;land;false;plains;1
5242;235;205;129;land;false;plains;1
5243;229;205;76;land;false;plains;1
5244;179;240;46;land;false;plains;1
5245;208;255;172;land;false;plains;1
5246;200;156;251;land;false;plains;1
5247;113;198;235;land;false;plains;1
5248;144;250;39;land;false;plains;1
5249;194;237;85;land;false;plains;1
5250;224;254;208;land;false;plains;1
5251;255;249;253;land;false;plains;1
5252;91;237;91;land;false;plains;1
5253;241;107;184;land;false;plains;1
5254;187;189;254;land;false;plains;1
5255;179;251;162;land;false;plains;1
5256;19;248;139;land;false;plains;1
5257;78;254;39;land;false;plains;1
5258;253;241;192;land;false;plains;1
5259;132;250;47;land;true;plains;1
5260;227;143;51;land;false;plains;1
5261;255;242;240;land;false;plains;1
5262;174;248;158;land;false;plains;1
5263;149;248;80;land;false;plains;1
5264;215;97;44;land;false;plains;1
5265;227;154;29;land;true;plains;1
5266;249;12;127;land;false;plains;1
5267;252;159;57;land;false;plains;1
5268;226;255;211;land;true;plains;1
5269;144;118;245;land;false;plains;1
5270;244;255;250;land;false;plains;1
5271;95;208;74;land;false;plains;1
5272;148;156;251;land;false;plains;1
5273;223;252;161;land;false;plains;1
5274;209;215;253;land;false;plains;1
5275;186;211;250;land;false;plains;1
5276;137;171;238;land;false;plains;1
5277;209;50;190;land;false;plains;1
5278;216;104;254;land;false;plains;1
5279;100;43;216;land;false;plains;1
5280;187;176;249;land;true;plains;1
5281;154;254;238;land;false;plains;1
5282;206;253;220;land;false;plains;1
5283;113;242;24;land;false;plains;1
5284;110;163;248;land;false;plains;1
5285;136;246;169;land;false;plains;1
5286;237;156;104;land;false;plains;1
5287;245;49;245;land;false;plains;1
5288;228;154;246;land;false;plains;1
5289;52;76;204;land;false;plains;1
5290;255;247;242;land;true;plains;1
5291;68;130;214;land;false;plains;1
5292;248;167;86;land;false;plains;1
5293;79;247;69;land;false;plains;1
5294;133;226;63;land;false;plains;1
5295;248;117;112;land;false;plains;1
5296;252;255;236;land;false;plains;1
5297;47;246;142;land;false;plains;1
5298;228;37;227;land;false;plains;1
5299;159;245;255;land;false;plains;1
5300;135;252;155;land;false;plains;1
5301;136;176;255;land;false;plains;1
5302;231;209;90;land;false;plains;1
5303;138;250;117;land;false;plains;1
5304;96;241;128;land;false;plains;1
5305;71;195;231;land;false;plains;1
5306;244;243;255;land;false;plains;1
5307;109;253;44;land;false;plains;1
5308;150;159;243;land;false;plains;1
5309;217;238;131;land;true;plains;1
5310;234;253;255;land;false;plains;1
5311;231;250;138;land;false;plains;1
5312;166;247;172;land;false;plains;1
5313;173;128;242;land;false;plains;1
5314;231;252;172;land;false;plains;1
5315;236;155;99;land;false;plains;1
5316;253;171;212;land;false;plains;1
5317;239;204;253;land;false;plains;1
5318;115;27;231;land;false;plains;1
5319;239;132;198;land;false;plains;1
5320;217;196;251;land;false;plains;1
5321;166;207;248;land;false;plains;1
5322;81;251;113;land;false;plains;1
5323;211;234;88;land;false;plains;1
5324;179;250;217;land;false;plains;1
5325;248;177;109;land;false;plains;1
5326;254;254;190;land;false;plains;1
5327;235;205;253;land;false;plains;1
5328;102;228;253;land;false;plains;1
5329;236;235;255;land;false;plains;1
5330;233;205;253;land;false;plains;1
5331;144;187;245;land;true;plains;1
5332;159;192;245;land;false;plains;1
5333;207;184;252;land;false;plains;1
5334;148;244;215;land;false;plains;1
5335;217;252;66;land;false;plains;1
5336;167;213;65;land;false;plains;1
5337;142;252;172;land;false;plains;1
5338;246;115;230;land;false;plains;1
5339;87;143;219;land;false;plains;1
5340;230;247;255;land;false;plains;1
5341;212;114;59;land;true;plains;1
5342;158;251;232;land;false;plains;1
5343;236;88;205;land;false;plains;1
5344;128;250;196;land;false;plains;1
5345;118;252;244;land;false;plains;1
5346;243;255;236;land;false;plains;1
5347;254;227;216;land;false;plains;1
5348;116;243;93;land;false;plains;1
5349;202;56;88;land;false;plains;1
5350;252;233;154;land;false;plains;1
5351;253;208;223;land;false;plains;1
5352;254;222;224;land;false;plains;1
5353;215;165;90;land;false;plains;1
5354;184;223;99;land;false;plains;1
5355;169;248;56;land;false;plains;1
5356;118;245;232;land;false;plains;1
5357;116;154;241;land;false;plains;1
5358;79;227;167;land;false;plains;1
5359;34;156;238;land;false;plains;1
5360;249;179;224;land;false;plains;1
5361;187;237;255;land;false;plains;1
5362;98;91;248;land;true;plains;1
5363;204;206;252;land;false;plains;1
5364;173;138;248;land;true;plains;1
5365;130;229;253;land;false;plains;1
5366;197;245;28;land;false;plains;1
5367;160;75;237;land;false;plains;1
5368;244;254;152;land;false;plains;1
5369;73;212;191;land;false;plains;1
5370;130;242;155;land;false;plains;1
5371;220;203;254;land;false;plains;1
5372;252;124;240;land;false;plains;1
5373;55;81;235;land;false;plains;1
5374;252;201;221;land;false;plains;1
5375;137;247;237;land;false;plains;1
5376;216;223;254;land;false;plains;1
5377;211;183;253;land;false;plains;1
5378;223;58;246;land;false;plains;1
5379;209;253;249;land;false;plains;1
5380;247;135;103;land;false;plains;1
5381;83;241;100;land;false;plains;1
5382;226;82;106;land;false;plains;1
5383;241;255;222;land;false;plains;1
5384;235;252;8;land;false;plains;1
5385;76;249;244;land;true;plains;1
5386;144;243;187;land;true;plains;1
5387;253;210;224;land;false;plains;1
5388;252;220;22;land;false;plains;1
5389;254;249;213;land;false;plains;1
5390;217;248;254;land;false;plains;1
5391;193;177;251;land;false;plains;1
5392;254;220;158;land;true;plains;1
5393;115;81;209;land;false;plains;1
5394;108;105;250;land;true;plains;1
5395;224;220;254;land;false;plains;1
5396;153;139;246;land;false;plains;1
5397;242;141;199;land;false;plains;1
5398;73;81;211;land;false;plains;1
5399;244;137;205;land;true;plains;1
5400;254;236;215;land;false;plains;1
5401;251;208;253;land;false;plains;1
5402;150;169;242;land;false;plains;1
5403;192;255;193;land;false;plains;1
5404;88;233;177;land;false;plains;1
5405;237;247;255;land;false;plains;1
5406;254;221;255;land;false;plains;1
5407;182;177;252;land;false;plains;1
5408;230;40;35;land;false;plains;1
5409;155;152;252;land;false;plains;1
5410;249;39;87;land;false;plains;1
5411;238;63;174;land;false;plains;1
5412;83;107;236;land;false;plains;1
5413;69;236;127;land;false;plains;1
5414;219;255;230;land;false;plains;1
5415;229;254;219;land;false;plains;1
5416;219;224;255;land;false;plains;1
5417;114;96;239;land;false;plains;1
5418;252;177;255;land;false;plains;1
5419;243;255;240;land;true;plains;1
5420;99;237;225;land;false;plains;1
5421;112;253;183;land;false;plains;1
5422;97;254;23;land;false;plains;1
5423;155;250;238;land;false;plains;1
5424;224;255;13;land;false;plains;1
5425;162;253;191;land;false;plains;1
5426;248;245;171;land;false;plains;1
5427;231;228;255;land;false;plains;1
5428;249;95;242;land;false;plains;1
5429;96;231;110;land;false;plains;1
5430;254;214;214;land;false;plains;1
5431;136;242;159;land;false;plains;1
5432;93;251;144;land;false;plains;1
5433;155;230;111;land;false;plains;1
5434;120;179;249;land;false;plains;1
5435;250;138;138;land;false;plains;1
5436;229;193;96;land;false;plains;1
5437;75;225;147;land;false;plains;1
5438;238;129;176;land;false;plains;1
5439;234;53;30;land;false;plains;1
5440;228;93;221;land;false;plains;1
5441;54;224;117;land;false;plains;1
5442;224;248;141;land;false;plains;1
5443;221;252;135;land;false;plains;1
5444;164;96;217;land;false;plains;1
5445;252;172;249;land;true;plains;1
5446;69;157;255;land;false;plains;1
5447;170;251;81;land;false;plains;1
5448;165;247;232;land;false;plains;1
5449;210;55;142;land;false;plains;1
5450;232;218;118;land;false;plains;1
5451;75;212;107;land;true;plains;1
5452;255;220;170;land;false;plains;1
5453;224;100;130;land;true;plains;1
5454;252;124;228;land;false;plains;1
5455;254;211;242;land;false;plains;1
5456;243;192;148;land;false;plains;1
5457;255;229;222;land;true;plains;1
5458;225;250;170;land;false;plains;1
5459;231;249;178;land;true;plains;1
5460;139;236;252;land;false;plains;1
5461;99;122;248;land;false;plains;1
5462;150;252;212;land;true;plains;1
5463;253;237;191;land;false;plains;1
5464;255;240;245;land;false;plains;1
5465;215;254;233;land;false;plains;1
5466;252;210;87;land;true;plains;1
5467;253;189;229;land;false;plains;1
5468;69;228;128;land;false;plains;1
5469;175;254;211;land;false;plains;1
5470;226;88;182;land;false;plains;1
5471;229;255;223;land;false;plains;1
5472;150;235;115;land;false;plains;1
5473;198;253;189;land;false;plains;1
5474;71;141;231;land;false;plains;1
5475;240;254;206;land;false;plains;1
5476;204;254;157;land;true;plains;1
5477;254;226;204;land;true;plains;1
5478;169;214;92;land;false;plains;1
5479;218;172;247;land;false;plains;1
5480;254;236;203;land;true;plains;1
5481;208;246;253;land;true;plains;1
5482;230;254;215;land;false;plains;1
5483;254;202;53;land;false;plains;1
5484;147;57;255;land;false;plains;1
5485;155;247;210;land;false;plains;1
5486;219;178;54;land;false;plains;1
5487;221;254;238;land;false;plains;1
5488;254;254;214;land;true;plains;1
5489;126;248;175;land;false;plains;1
5490;108;243;44;land;false;plains;1
5491;249;124;125;land;true;plains;1
5492;138;238;183;land;false;plains;1
5493;231;90;124;land;false;plains;1
5494;210;30;235;land;false;plains;1
5495;140;238;207;land;false;plains;1
5496;105;235;94;land;false;plains;1
5497;66;236;210;land;false;plains;1
5498;251;85;72;land;false;plains;1
5499;180;193;254;land;false;plains;1
5500;242;255;240;land;false;plains;1
5501;216;248;254;land;false;plains;1
5502;234;70;212;land;false;plains;1
5503;206;254;254;land;false;plains;1
5504;248;209;169;land;false;plains;1
5505;251;254;218;land;false;plains;1
5506;234;78;186;land;true;plains;1
5507;197;70;223;land;true;plains;1
5508;144;137;239;land;false;plains;1
5509;123;57;247;land;false;plains;1
5510;150;226;242;land;false;plains;1
5511;255;140;211;land;false;plains;1
5512;220;81;206;land;false;plains;1
5513;62;230;83;land;false;plains;1
5514;255;250;250;land;false;plains;1
5515;133;167;238;land;false;plains;1
5516;247;142;250;land;true;plains;1
5517;155;200;253;land;false;plains;1
5518;186;254;155;land;false;plains;1
5519;114;246;230;land;false;plains;1
5520;97;217;76;land;false;plains;1
5521;167;234;253;land;false;plains;1
5522;125;227;94;land;false;plains;1
5523;220;186;100;land;false;plains;1
5524;220;90;137;land;false;plains;1
5525;186;203;253;land;false;plains;1
5526;108;111;237;land;false;plains;1
5527;247;185;251;land;false;plains;1
5528;80;165;239;land;false;plains;1
5529;157;251;228;land;false;plains;1
5530;254;217;245;land;false;plains;1
5531;237;102;217;land;false;plains;1
5532;217;115;248;land;false;plains;1
5533;230;180;82;land;false;plains;1
5534;160;246;225;land;false;plains;1
5535;248;251;125;land;false;plains;1
5536;148;31;233;land;false;plains;1
5537;255;237;240;land;false;plains;1
5538;152;250;107;land;false;plains;1
5539;253;192;231;land;false;plains;1
5540;148;244;116;land;false;plains;1
5541;248;195;169;land;false;plains;1
5542;92;235;94;land;false;plains;1
5543;224;102;174;land;false;plains;1
5544;250;112;25;land;false;plains;1
5545;46;149;246;land;false;plains;1
5546;144;131;240;land;false;plains;1
5547;226;253;194;land;false;plains;1
5548;252;248;115;land;false;plains;1
5549;253;153;139;land;false;plains;1
5550;254;170;251;land;true;plains;1
5551;126;207;73;land;false;plains;1
5552;64;150;239;land;true;plains;1
5553;225;255;226;land;false;plains;1
5554;65;164;224;land;false;plains;1
5555;218;249;254;land;false;plains;1
5556;232;254;246;land;false;plains;1
5557;129;240;198;land;false;plains;1
5558;166;65;219;land;false;plains;1
5559;183;250;196;land;false;plains;1
5560;67;84;220;land;false;plains;1
5561;119;85;255;land;false;plains;1
5562;221;254;210;land;false;plains;1
5563;212;240;71;land;false;plains;1
5564;212;221;254;land;false;plains;1
5565;255;243;238;land;false;plains;1
5566;127;86;218;land;false;plains;1
5567;254;239;220;land;true;plains;1
5568;48;243;170;land;true;plains;1
5569;81;247;231;land;false;plains;1
5570;255;222;241;land;false;plains;1
5571;250;255;250;land;false;plains;1
5572;120;242;184;land;false;plains;1
5573;88;53;223;land;false;plains;1
5574;251;227;119;land;false;plains;1
5575;97;152;232;land;false;plains;1
5576;248;159;172;land;false;plains;1
5577;233;255;232;land;false;plains;1
5578;184;238;18;land;true;plains;1
5579;228;186;253;land;false;plains;1
5580;250;246;255;land;false;plains;1
5581;229;117;152;land;true;plains;1
5582;147;105;248;land;false;plains;1
5583;171;251;245;land;false;plains;1
5584;140;255;154;land;false;plains;1
5585;145;247;148;land;false;plains;1
5586;168;252;173;land;true;plains;1
5587;252;119;166;land;false;plains;1
5588;255;232;234;land;false;plains;1
5589;232;63;164;land;false;plains;1
5590;36;247;138;land;false;plains;1
5591;89;139;234;land;false;plains;1
5592;220;242;65;land;false;plains;1
5593;165;189;254;land;true;plains;1
5594;243;123;234;land;true;plains;1
5595;216;168;249;land;false;plains;1
5596;236;93;211;land;true;plains;1
5597;156;236;105;land;false;plains;1
5598;88;85;224;land;false;plains;1
5599;228;33;245;land;false;plains;1
5600;249;253;198;land;false;plains;1
5601;210;255;239;land;false;plains;1
5602;203;124;60;land;false;plains;1
5603;251;227;254;land;false;plains;1
5604;166;169;254;land;false;plains;1
5605;137;208;253;land;false;plains;1
5606;60;99;211;land;false;plains;1
5607;206;107;227;land;true;plains;1
5608;246;167;214;land;true;plains;1
5609;211;253;222;land;false;plains;1
5610;208;60;232;land;false;plains;1
5611;142;184;249;land;false;plains;1
5612;230;166;255;land;false;plains;1
5613;136;212;244;land;true;plains;1
5614;243;190;145;land;false;plains;1
5615;80;249;42;land;false;plains;1
5616;51;234;187;land;false;plains;1
5617;254;192;164;land;false;plains;1
5618;174;251;147;land;false;plains;1
5619;93;213;83;land;false;plains;1
5620;104;224;217;land;false;plains;1
5621;229;255;247;land;false;plains;1
5622;236;195;252;land;false;plains;1
5623;243;197;123;land;false;plains;1
5624;207;253;188;land;false;plains;1
5625;229;59;103;land;false;plains;1
5626;153;208;251;land;false;plains;1
5627;254;249;177;land;true;plains;1
5628;252;163;246;land;false;plains;1
5629;132;231;251;land;false;plains;1
5630;151;206;251;land;true;plains;1
5631;147;228;241;land;false;plains;1
5632;74;43;225;land;false;plains;1
5633;128;177;251;land;false;plains;1
5634;234;254;163;land;false;plains;1
5635;253;254;219;land;false;plains;1
5636;236;208;116;land;false;plains;1
5637;94;154;226;land;false;plains;1
5638;162;102;247;land;true;plains;1
5639;249;255;244;land;false;plains;1
5640;155;246;19;land;false;plains;1
5641;251;229;255;land;false;plains;1
5642;226;95;234;land;false;plains;1
5643;242;113;209;land;false;plains;1
5644;199;255;214;land;false;plains;1
5645;217;255;248;land;false;plains;1
5646;182;247;158;land;false;plains;1
5647;251;196;192;land;false;plains;1
5648;255;251;255;land;false;plains;1
5649;102;241;203;land;false;plains;1
5650;236;253;202;land;false;plains;1
5651;188;250;184;land;false;plains;1
5652;192;236;252;land;false;plains;1
5653;253;231;255;land;false;plains;1
5654;253;220;213;land;false;plains;1
5655;243;233;255;land;false;plains;1
5656;206;72;147;land;false;plains;1
5657;227;135;67;land;false;plains;1
5658;255;161;237;land;false;plains;1
5659;190;253;253;land;false;plains;1
5660;231;154;51;land;false;plains;1
5661;75;179;232;land;false;plains;1
5662;158;248;146;land;false;plains;1
5663;192;254;225;land;false;plains;1
5664;247;48;54;land;true;plains;1
5665;162;208;245;land;false;plains;1
5666;60;205;164;land;false;plains;1
5667;25;115;243;land;false;plains;1
5668;253;168;203;land;false;plains;1
5669;53;222;46;land;false;plains;1
5670;249;130;223;land;true;plains;1
5671;107;127;246;land;false;plains;1
5672;87;65;242;land;false;plains;1
5673;192;121;235;land;false;plains;1
5674;253;197;225;land;false;plains;1
5675;233;123;254;land;true;plains;1
5676;252;240;143;land;false;plains;1
5677;220;186;76;land;false;plains;1
5678;111;146;244;land;false;plains;1
5679;249;156;212;land;false;plains;1
5680;198;240;254;land;false;plains;1
5681;161;153;244;land;false;plains;1
5682;141;253;105;land;false;plains;1
5683;76;242;224;land;false;plains;1
5684;252;196;115;land;false;plains;1
5685;208;255;233;land;false;plains;1
5686;140;195;254;land;false;plains;1
5687;245;255;255;land;false;plains;1
5688;92;240;81;land;false;plains;1
5689;107;137;245;land;false;plains;1
5690;135;217;88;land;true;plains;1
5691;113;252;188;land;false;plains;1
5692;254;180;199;land;false;plains;1
5693;236;127;162;land;false;plains;1
5694;180;253;249;land;false;plains;1
5695;248;230;144;land;false;plains;1
5696;232;251;163;land;false;plains;1
5697;134;253;207;land;false;plains;1
5698;227;254;208;land;false;plains;1
5699;250;252;178;land;false;plains;1
5700;222;83;172;land;true;plains;1
5701;153;251;81;land;false;plains;1
5702;157;247;154;land;false;plains;1
5703;196;244;255;land;true;plains;1
5704;253;181;254;land;false;plains;1
5705;167;149;247;land;false;plains;1
5706;143;113;228;land;false;plains;1
5707;62;237;54;land;false;plains;1
5708;137;252;220;land;false;plains;1
5709;255;246;246;land;false;plains;1
5710;154;193;255;land;true;plains;1
5711;125;180;240;land;false;plains;1
5712;146;236;129;land;false;plains;1
5713;43;205;245;land;false;plains;1
5714;248;255;244;land;false;plains;1
5715;92;118;233;land;true;plains;1
5716;80;51;229;land;false;plains;1
5717;181;157;251;land;false;plains;1
5718;229;40;35;land;false;plains;1
5719;254;228;194;land;false;plains;1
5720;213;60;71;land;false;plains;1
5721;222;144;90;land;false;plains;1
5722;249;167;241;land;false;plains;1
5723;228;153;38;land;true;plains;1
5724;66;187;239;land;false;plains;1
5725;90;224;66;land;false;plains;1
5726;87;213;69;land;false;plains;1
5727;223;244;40;land;false;plains;1
5728;255;253;230;land;false;plains;1
5729;112;146;248;land;false;plains;1
5730;249;156;81;land;false;plains;1
5731;190;201;255;land;false;plains;1
5732;171;244;252;land;false;plains;1
5733;195;217;253;land;false;plains;1
5734;254;136;198;land;false;plains;1
5735;92;213;79;land;false;plains;1
5736;223;83;131;land;true;plains;1
5737;202;253;252;land;false;plains;1
5738;237;165;113;land;true;plains;1
5739;248;250;255;land;false;plains;1
5740;228;179;81;land;false;plains;1
5741;238;248;255;land;false;plains;1
5742;234;251;177;land;false;plains;1
5743;86;189;214;land;false;plains;1
5744;235;227;101;land;false;plains;1
5745;86;210;211;land;false;plains;1
5746;81;46;246;land;false;plains;1
5747;181;244;88;land;true;plains;1
5748;235;252;197;land;false;plains;1
5749;214;221;254;land;true;plains;1
5750;219;254;231;land;false;plains;1
5751;130;247;245;land;false;plains;1
5752;255;226;235;land;false;plains;1
5753;35;113;236;land;false;plains;1
5754;171;248;125;land;false;plains;1
5755;223;199;255;land;false;plains;1
5756;215;171;255;land;false;plains;1
5757;221;125;64;land;false;plains;1
5758;101;76;218;land;false;plains;1
5759;129;17;246;land;false;plains;1
5760;213;80;138;land;false;plains;1
5761;241;142;162;land;false;plains;1
5762;254;223;234;land;false;plains;1
5763;238;91;110;land;false;plains;1
5764;220;113;94;land;false;plains;1
5765;245;255;227;land;false;plains;1
5766;182;253;234;land;false;plains;1
5767;242;247;59;land;false;plains;1
5768;254;217;209;land;false;plains;1
5769;243;151;181;land;false;plains;1
5770;180;181;254;land;false;plains;1
5771;70;225;118;land;false;plains;1
5772;251;211;185;land;false;plains;1
5773;168;130;252;land;false;plains;1
5774;242;163;146;land;false;plains;1
5775;53;208;248;land;false;plains;1
5776;186;222;88;land;false;plains;1
5777;133;61;251;land;false;plains;1
5778;227;78;28;land;false;plains;1
5779;248;236;120;land;false;plains;1
5780;228;248;167;land;true;plains;1
5781;242;133;114;land;false;plains;1
5782;88;246;19;land;false;plains;1
5783;232;232;255;land;false;plains;1
5784;125;239;106;land;false;plains;1
5785;255;235;199;land;false;plains;1
5786;241;127;212;land;false;plains;1
5787;225;172;83;land;false;plains;1
5788;255;160;185;land;false;plains;1
5789;213;254;170;land;false;plains;1
5790;146;250;230;land;false;plains;1
5791;248;196;151;land;false;plains;1
5792;108;196;244;land;false;plains;1
5793;80;234;99;land;false;plains;1
5794;251;25;185;land;false;plains;1
5795;179;254;208;land;true;plains;1
5796;160;245;129;land;false;plains;1
5797;245;137;196;land;false;plains;1
5798;255;236;208;land;false;plains;1
5799;254;228;214;land;false;plains;1
5800;49;255;125;land;false;plains;1
5801;184;244;141;land;false;plains;1
5802;96;243;31;land;false;plains;1
5803;241;76;182;land;false;plains;1
5804;71;202;248;land;false;plains;1
5805;165;166;248;land;false;plains;1
5806;247;197;255;land;false;plains;1
5807;212;141;255;land;false;plains;1
5808;110;250;48;land;false;plains;1
5809;65;229;164;land;false;plains;1
5810;251;186;191;land;false;plains;1
5811;243;147;246;land;false;plains;1
5812;241;253;255;land;false;plains;1
5813;68;252;76;land;false;plains;1
5814;249;234;35;land;false;plains;1
5815;122;247;198;land;false;plains;1
5816;29;117;246;land;true;plains;1
5817;255;233;252;land;false;plains;1
5818;226;252;14;land;false;plains;1
5819;172;216;78;land;false;plains;1
5820;234;135;112;land;false;plains;1
5821;254;220;227;land;false;plains;1
5822;247;243;154;land;false;plains;1
5823;255;226;247;land;false;plains;1
5824;252;194;243;land;false;plains;1
5825;83;229;176;land;false;plains;1
5826;215;84;71;land;false;plains;1
5827;231;252;255;land;false;plains;1
5828;174;179;249;land;false;plains;1
5829;241;128;199;land;false;plains;1
5830;229;231;255;land;true;plains;1
5831;214;172;60;land;false;plains;1
5832;242;254;195;land;false;plains;1
5833;226;154;32;land;false;plains;1
5834;243;13;194;land;false;plains;1
5835;234;108;196;land;false;plains;1
5836;237;245;255;land;false;plains;1
5837;234;25;23;land;false;plains;1
5838;255;238;241;land;false;plains;1
5839;233;226;255;land;false;plains;1
5840;252;253;129;land;false;plains;1
5841;102;122;254;land;false;plains;1
5842;136;237;116;land;true;plains;1
5843;254;151;174;land;false;plains;1
5844;223;251;255;land;false;plains;1
5845;117;138;233;land;false;plains;1
5846;80;238;139;land;false;plains;1
5847;170;178;246;land;true;plains;1
5848;112;233;115;land;true;plains;1
5849;79;108;238;land;false;plains;1
5850;197;182;252;land;false;plains;1
5851;190;241;138;land;false;plains;1
5852;126;163;236;land;false;plains;1
5853;204;252;153;land;false;plains;1
5854;120;253;216;land;true;plains;1
5855;210;100;254;land;false;plains;1
5856;129;198;254;land;false;plains;1
5857;60;40;253;land;false;plains;1
5858;104;168;242;land;false;plains;1
5859;246;141;233;land;false;plains;1
5860;94;216;139;land;false;plains;1
5861;56;175;201;land;false;plains;1
5862;226;96;183;land;false;plains;1
5863;196;52;248;land;false;plains;1
5864;244;202;153;land;false;plains;1
5865;203;146;252;land;false;plains;1
5866;237;144;254;land;true;plains;1
5867;252;168;101;land;false;plains;1
5868;54;198;227;land;false;plains;1
5869;251;183;149;land;false;plains;1
5870;52;204;243;land;false;plains;1
5871;204;243;97;land;false;plains;1
5872;233;92;164;land;false;plains;1
5873;137;70;203;land;false;plains;1
5874;104;238;66;land;false;plains;1
5875;170;249;247;land;false;plains;1
5876;254;228;234;land;false;plains;1
5877;54;209;239;land;false;plains;1
5878;167;64;213;land;false;plains;1
5879;74;206;237;land;false;plains;1
5880;96;69;238;land;false;plains;1
5881;255;253;254;land;false;plains;1
5882;251;171;140;land;false;plains;1
5883;222;77;195;land;false;plains;1
5884;199;249;145;land;false;plains;1
5885;249;249;163;land;false;plains;1
5886;238;105;75;land;false;plains;1
5887;236;131;158;land;false;plains;1
5888;228;101;179;land;false;plains;1
5889;43;188;255;land;false;plains;1
5890;222;243;127;land;false;plains;1
5891;124;240;237;land;false;plains;1
5892;227;143;83;land;false;plains;1
5893;167;102;254;land;false;plains;1
5894;255;223;236;land;false;plains;1
5895;129;253;253;land;false;plains;1
5896;252;161;236;land;false;plains;1
5897;253;147;251;land;false;plains;1
5898;167;219;254;land;false;plains;1
5899;252;202;171;land;false;plains;1
5900;247;202;111;land;false;plains;1
5901;254;51;184;land;false;plains;1
5902;244;143;249;land;false;plains;1
5903;147;224;243;land;false;plains;1
5904;157;241;119;land;false;plains;1
5905;91;225;246;land;false;plains;1
5906;194;87;241;land;true;plains;1
5907;77;122;238;land;true;plains;1
5908;99;244;75;land;false;plains;1
5909;251;212;194;land;true;plains;1
5910;179;241;84;land;false;plains;1
5911;254;215;239;land;false;plains;1
5912;237;251;173;land;false;plains;1
5913;91;239;237;land;false;plains;1
5914;157;251;160;land;true;plains;1
5915;200;239;253;land;false;plains;1
5916;202;72;159;land;false;plains;1
5917;129;224;36;land;false;plains;1
5918;255;122;237;land;false;plains;1
5919;217;254;204;land;false;plains;1
5920;212;251;254;land;false;plains;1
5921;184;250;183;land;false;plains;1
5922;243;111;220;land;false;plains;1
5923;247;134;250;land;false;plains;1
5924;123;35;227;land;false;plains;1
5925;178;98;236;land;false;plains;1
5926;75;254;100;land;false;plains;1
5927;253;229;178;land;true;plains;1
5928;116;231;171;land;false;plains;1
5929;250;87;70;land;false;plains;1
5930;208;81;220;land;false;plains;1
5931;130;14;250;land;false;plains;1
5932;33;245;124;land;false;plains;1
5933;252;38;74;land;false;plains;1
5934;203;241;149;land;false;plains;1
5935;216;209;254;land;false;plains;1
5936;226;254;64;land;false;plains;1
5937;224;251;255;land;false;plains;1
5938;254;207;232;land;false;plains;1
5939;60;153;232;land;false;plains;1
5940;43;191;241;land;false;plains;1
5941;255;254;237;land;false;plains;1
5942;56;251;189;land;false;plains;1
5943;253;57;200;land;false;plains;1
5944;199;166;248;land;false;plains;1
5945;145;253;223;land;false;plains;1
5946;220;230;254;land;false;plains;1
5947;182;50;235;land;false;plains;1
5948;239;89;89;land;false;plains;1
5949;153;188;248;land;false;plains;1
5950;93;78;253;land;false;plains;1
5951;142;221;251;land;false;plains;1
5952;93;216;122;land;false;plains;1
5953;237;214;62;land;false;plains;1
5954;220;239;254;land;false;plains;1
5955;250;183;181;land;false;plains;1
5956;253;195;39;land;false;plains;1
5957;255;227;235;land;false;plains;1
5958;226;166;105;land;false;plains;1
5959;254;255;255;land;false;plains;1
5960;194;252;173;land;false;plains;1
5961;208;112;233;land;false;plains;1
5962;232;115;110;land;false;plains;1
5963;186;171;253;land;false;plains;1
5964;220;110;91;land;false;plains;1
5965;114;252;176;land;false;plains;1
5966;248;167;169;land;false;plains;1
5967;166;187;250;land;false;plains;1
5968;247;188;161;land;true;plains;1
5969;124;243;36;land;false;plains;1
5970;224;193;254;land;false;plains;1
5971;237;57;224;land;false;plains;1
5972;255;244;236;land;false;plains;1
5973;250;254;223;land;false;plains;1
5974;105;96;252;land;false;plains;1
5975;255;223;216;land;false;plains;1
5976;224;255;217;land;false;plains;1
5977;242;133;223;land;false;plains;1
5978;213;151;246;land;false;plains;1
5979;194;198;251;land;false;plains;1
5980;117;234;140;land;false;plains;1
5981;217;47;40;land;false;plains;1
5982;246;255;255;land;false;plains;1
5983;206;75;251;land;false;plains;1
5984;255;234;243;land;false;plains;1
5985;236;122;253;land;true;plains;1
5986;125;254;79;land;true;plains;1
5987;203;72;191;land;false;plains;1
5988;246;100;189;land;false;plains;1
5989;237;255;230;land;false;plains;1
5990;252;240;255;land;false;plains;1
5991;206;255;238;land;false;plains;1
5992;221;244;254;land;false;plains;1
5993;241;214;253;land;false;plains;1
5994;209;74;146;land;false;plains;1
5995;239;159;245;land;false;plains;1
5996;229;225;255;land;false;plains;1
5997;251;185;191;land;false;plains;1
5998;168;227;85;land;false;plains;1
5999;159;90;254;land;false;plains;1
6000;197;224;253;land;false;plains;1
6001;192;195;251;land;false;plains;1
6002;174;252;224;land;false;plains;1
6003;230;70;36;land;false;plains;1
6004;173;186;250;land;false;plains;1
6005;92;231;135;land;false;plains;1
6006;231;173;248;land;true;plains;1
6007;233;116;175;land;false;plains;1
6008;252;220;180;land;true;plains;1
6009;251;203;162;land;false;plains;1
6010;151;250;104;land;false;plains;1
6011;221;85;175;land;true;plains;1
6012;235;105;106;land;false;plains;1
6013;154;162;254;land;false;plains;1
6014;217;47;175;land;false;plains;1
6015;179;252;124;land;false;plains;1
6016;176;131;248;land;true;plains;1
6017;177;252;233;land;false;plains;1
6018;20;49;243;land;false;plains;1
6019;214;252;181;land;false;plains;1
6020;237;253;147;land;false;plains;1
6021;251;239;183;land;true;plains;1
6022;225;102;176;land;false;plains;1
6023;251;144;173;land;false;plains;1
6024;155;249;205;land;false;plains;1
6025;214;253;229;land;false;plains;1
6026;212;139;254;land;false;plains;1
6027;215;248;255;land;false;plains;1
6028;244;127;90;land;false;plains;1
6029;229;204;80;land;false;plains;1
6030;88;215;223;land;true;plains;1
6031;211;255;223;land;false;plains;1
6032;204;253;213;land;false;plains;1
6033;180;245;86;land;false;plains;1
6034;218;163;252;land;false;plains;1
6035;194;157;247;land;false;plains;1
6036;251;186;227;land;false;plains;1
6037;66;55;211;land;false;plains;1
6038;154;140;248;land;false;plains;1
6039;214;187;90;land;false;plains;1
6040;253;255;254;land;false;plains;1
6041;152;207;248;land;false;plains;1
6042;164;133;244;land;true;plains;1
6043;192;252;223;land;false;plains;1
6044;255;209;251;land;false;plains;1
6045;239;144;238;land;false;plains;1
6046;245;143;188;land;true;plains;1
6047;143;240;151;land;false;plains;1
6048;248;88;238;land;false;plains;1
6049;215;69;165;land;false;plains;1
6050;245;224;91;land;false;plains;1
6051;200;133;253;land;false;plains;1
6052;252;202;179;land;false;plains;1
6053;180;250;244;land;false;plains;1
6054;115;124;235;land;false;plains;1
6055;247;195;89;land;false;plains;1
6056;244;230;33;land;false;plains;1
6057;244;182;119;land;false;plains;1
6058;248;216;164;land;false;plains;1
6059;182;223;87;land;false;plains;1
6060;210;244;254;land;false;plains;1
6061;159;134;254;land;false;plains;1
6062;157;241;111;land;true;plains;1
6063;170;120;245;land;false;plains;1
6064;32;244;199;land;false;plains;1
6065;214;232;68;land;false;plains;1
6066;171;252;203;land;false;plains;1
6067;46;231;59;land;false;plains;1
6068;237;251;133;land;false;plains;1
6069;238;214;140;land;false;plains;1
6070;165;122;250;land;false;plains;1
6071;255;249;254;land;false;plains;1
6072;245;247;255;land;false;plains;1
6073;153;248;162;land;false;plains;1
6074;233;255;185;land;false;plains;1
6075;251;254;255;land;false;plains;1
6076;251;246;187;land;false;plains;1
6077;200;253;254;land;true;plains;1
6078;115;244;221;land;false;plains;1
6079;244;118;172;land;false;plains;1
6080;63;65;217;land;false;plains;1
6081;249;248;255;land;false;plains;1
6082;235;134;127;land;false;plains;1
6083;255;242;243;land;true;plains;1
6084;224;59;141;land;false;plains;1
6085;120;22;248;land;false;plains;1
6086;136;159;239;land;true;plains;1
6087;148;218;252;land;false;plains;1
6088;254;189;223;land;false;plains;1
6089;251;244;99;land;false;plains;1
6090;85;240;211;land;false;plains;1
6091;123;236;218;land;false;plains;1
6092;241;254;197;land;true;plains;1
6093;255;254;245;land;false;plains;1
6094;107;231;59;land;false;plains;1
6095;217;245;130;land;false;plains;1
6096;163;253;209;land;false;plains;1
6097;101;83;227;land;false;plains;1
6098;204;241;255;land;false;plains;1
6099;163;189;252;land;false;plains;1
6100;255;247;241;land;false;plains;1
6101;253;206;242;land;false;plains;1
6102;187;255;246;land;false;plains;1
6103;198;252;232;land;false;plains;1
6104;254;211;237;land;false;plains;1
6105;152;176;255;land;false;plains;1
6106;211;255;235;land;false;plains;1
6107;231;255;175;land;false;plains;1
6108;253;243;180;land;false;plains;1
6109;251;196;136;land;false;plains;1
6110;253;154;215;land;true;plains;1
6111;90;112;252;land;false;plains;1
6112;148;161;255;land;false;plains;1
6113;235;58;142;land;false;plains;1
6114;227;135;251;land;true;plains;1
6115;52;225;128;land;false;plains;1
6116;232;250;187;land;false;plains;1
6117;136;190;243;land;true;plains;1
6118;255;244;244;land;false;plains;1
6119;156;250;205;land;false;plains;1
6120;254;241;255;land;false;plains;1
6121;176;250;112;land;false;plains;1
6122;255;186;177;land;false;plains;1
6123;74;248;114;land;false;plains;1
6124;141;138;253;land;false;plains;1
6125;131;224;254;land;true;plains;1
6126;232;254;221;land;false;plains;1
6127;163;249;166;land;false;plains;1
6128;195;216;253;land;false;plains;1
6129;182;214;254;land;false;plains;1
6130;129;254;252;land;true;plains;1
6131;131;238;194;land;false;plains;1
6132;249;177;222;land;false;plains;1
6133;247;166;173;land;false;plains;1
6134;250;220;174;land;false;plains;1
6135;239;73;151;land;true;plains;1
6136;250;162;170;land;false;plains;1
6137;252;197;234;land;false;plains;1
6138;251;157;124;land;false;plains;1
6139;205;60;82;land;false;plains;1
6140;250;255;223;land;false;plains;1
6141;253;167;217;land;false;plains;1
6142;242;247;255;land;false;plains;1
6143;184;213;252;land;false;plains;1
6144;119;234;171;land;false;plains;1
6145;219;255;251;land;false;plains;1
6146;240;227;255;land;false;plains;1
6147;192;203;255;land;false;plains;1
6148;226;172;45;land;false;plains;1
6149;243;138;224;land;false;plains;1
6150;38;96;219;land;false;plains;1
6151;255;239;238;land;false;plains;1
6152;239;115;230;land;false;plains;1
6153;181;32;230;land;false;plains;1
6154;65;175;196;land;false;plains;1
6155;158;102;239;land;false;plains;1
6156;118;159;242;land;false;plains;1
6157;172;185;247;land;false;plains;1
6158;243;80;183;land;true;plains;1
6159;142;236;118;land;false;plains;1
6160;252;159;194;land;false;plains;1
6161;233;200;253;land;false;plains;1
6162;253;205;249;land;false;plains;1
6163;137;98;253;land;false;plains;1
6164;105;130;230;land;false;plains;1
6165;238;209;254;land;false;plains;1
6166;210;254;243;land;false;plains;1
6167;89;248;48;land;false;plains;1
6168;69;210;252;land;false;plains;1
6169;107;240;194;land;false;plains;1
6170;246;193;123;land;false;plains;1
6171;233;99;141;land;false;plains;1
6172;228;74;40;land;false;plains;1
6173;101;142;233;land;false;plains;1
6174;239;77;224;land;false;plains;1
6175;206;253;235;land;false;plains;1
6176;244;232;254;land;false;plains;1
6177;73;203;93;land;true;plains;1
6178;234;254;255;land;false;plains;1
6179;233;145;81;land;false;plains;1
6180;228;232;86;land;false;plains;1
6181;173;231;249;land;false;plains;1
6182;251;200;188;land;false;plains;1
6183;180;68;227;land;false;plains;1
6184;137;229;247;land;false;plains;1
6185;183;82;235;land;false;plains;1
6186;226;52;152;land;false;plains;1
6187;240;133;168;land;false;plains;1
6188;189;252;93;land;false;plains;1
6189;184;254;79;land;false;plains;1
6190;242;253;167;land;false;plains;1
6191;94;248;7;land;false;plains;1
6192;220;96;179;land;false;plains;1
6193;255;239;87;land;false;plains;1
6194;252;255;241;land;false;plains;1
6195;189;97;236;land;false;plains;1
6196;72;223;60;land;false;plains;1
6197;188;177;249;land;true;plains;1
6198;81;172;214;land;false;plains;1
6199;167;250;164;land;false;plains;1
6200;255;142;237;land;false;plains;1
6201;232;108;175;land;false;plains;1
6202;74;231;75;land;false;plains;1
6203;252;177;103;land;false;plains;1
6204;129;130;236;land;false;plains;1
6205;125;228;235;land;false;plains;1
6206;249;144;142;land;false;plains;1
6207;169;249;123;land;false;plains;1
6208;163;234;105;land;false;plains;1
6209;53;230;191;land;false;plains;1
6210;230;254;226;land;false;plains;1
6211;222;205;254;land;false;plains;1
6212;248;93;118;land;true;plains;1
6213;253;235;172;land;false;plains;1
6214;247;253;255;land;false;plains;1
6215;93;229;172;land;false;plains;1
6216;228;104;225;land;false;plains;1
6217;252;160;254;land;true;plains;1
6218;167;168;246;land;false;plains;1
6219;114;139;246;land;false;plains;1
6220;198;174;254;land;false;plains;1
6221;93;244;38;land;false;plains;1
6222;196;255;238;land;false;plains;1
6223;234;252;183;land;false;plains;1
6224;255;243;247;land;false;plains;1
6225;234;92;38;land;false;plains;1
6226;183;254;231;land;false;plains;1
6227;106;188;233;land;false;plains;1
6228;224;79;138;land;false;plains;1
6229;83;207;217;land;false;plains;1
6230;236;86;159;land;false;plains;1
6231;204;247;101;land;false;plains;1
6232;48;159;245;land;false;plains;1
6233;237;230;255;land;false;plains;1
6234;245;233;255;land;false;plains;1
6235;150;217;246;land;false;plains;1
6236;235;253;120;land;false;plains;1
6237;241;252;125;land;false;plains;1
6238;94;216;215;land;false;plains;1
6239;253;186;232;land;false;plains;1
6240;111;96;240;land;false;plains;1
6241;123;212;255;land;false;plains;1
6242;39;230;89;land;false;plains;1
6243;234;72;99;land;false;plains;1
6244;207;240;103;land;false;plains;1
6245;156;189;247;land;false;plains;1
6246;250;208;188;land;false;plains;1
6247;110;64;210;land;false;plains;1
6248;255;255;240;land;false;plains;1
6249;212;201;45;land;false;plains;1
6250;95;253;240;land;true;plains;1
6251;249;157;126;land;false;plains;1
6252;40;202;233;land;false;plains;1
6253;22;237;242;land;false;plains;1
6254;213;253;219;land;false;plains;1
6255;255;237;253;land;false;plains;1
6256;254;227;174;land;false;plains;1
6257;172;247;90;land;false;plains;1
6258;254;229;224;land;false;plains;1
6259;250;218;134;land;false;plains;1
6260;191;252;249;land;false;plains;1
6261;215;254;234;land;true;plains;1
6262;90;254;79;land;false;plains;1
6263;223;250;254;land;false;plains;1
6264;254;216;241;land;false;plains;1
6265;249;234;155;land;false;plains;1
6266;132;240;48;land;false;plains;1
6267;253;210;239;land;false;plains;1
6268;249;123;119;land;false;plains;1
6269;99;70;216;land;false;plains;1
6270;74;146;232;land;false;plains;1
6271;45;243;141;land;false;plains;1
6272;253;209;206;land;false;plains;1
6273;176;180;249;land;false;plains;1
6274;223;141;255;land;false;plains;1
6275;41;224;76;land;false;plains;1
6276;189;183;250;land;false;plains;1
6277;119;236;94;land;false;plains;1
6278;3;184;255;land;false;plains;1
6279;223;103;169;land;false;plains;1
6280;255;245;249;land;false;plains;1
6281;248;158;250;land;true;plains;1
6282;228;253;193;land;false;plains;1
6283;248;67;232;land;false;plains;1
6284;90;187;227;land;false;plains;1
6285;191;255;239;land;false;plains;1
6286;172;219;252;land;false;plains;1
6287;250;255;231;land;false;plains;1
6288;237;214;119;land;true;plains;1
6289;253;196;205;land;false;plains;1
6290;231;38;121;land;false;plains;1
6291;36;248;191;land;true;plains;1
6292;200;231;253;land;false;plains;1
6293;237;80;89;land;false;plains;1
6294;162;15;245;land;false;plains;1
6295;151;223;91;land;false;plains;1
6296;166;241;247;land;false;plains;1
6297;252;154;154;land;false;plains;1
6298;255;250;251;land;true;plains;1
6299;221;148;77;land;false;plains;1
6300;255;226;192;land;false;plains;1
6301;218;238;254;land;false;plains;1
6302;216;255;208;land;false;plains;1
6303;250;188;253;land;false;plains;1
6304;154;250;168;land;true;plains;1
6305;234;249;164;land;true;plains;1
6306;216;121;235;land;true;plains;1
6307;236;244;255;land;false;plains;1
6308;255;211;143;land;false;plains;1
6309;243;80;175;land;false;plains;1
6310;228;85;240;land;false;plains;1
6311;254;224;234;land;false;plains;1
6312;206;233;123;land;false;plains;1
6313;80;217;209;land;false;plains;1
6314;47;227;139;land;false;plains;1
6315;253;188;154;land;false;plains;1
6316;238;118;214;land;false;plains;1
6317;135;235;92;land;false;plains;1
6318;194;44;246;land;true;plains;1
6319;185;254;224;land;false;plains;1
6320;253;97;141;land;false;plains;1
6321;153;88;248;land;false;plains;1
6322;59;210;217;land;false;plains;1
6323;161;76;249;land;true;plains;1
6324;247;97;114;land;true;plains;1
6325;255;255;228;land;false;plains;1
6326;247;181;101;land;false;plains;1
6327;113;217;232;land;false;plains;1
6328;218;116;66;land;false;plains;1
6329;167;251;250;land;false;plains;1
6330;195;66;220;land;false;plains;1
6331;248;72;121;land;true;plains;1
6332;255;237;241;land;false;plains;1
6333;65;146;207;land;false;plains;1
6334;61;206;103;land;false;plains;1
6335;184;240;112;land;false;plains;1
6336;241;255;229;land;false;plains;1
6337;181;154;254;land;false;plains;1
6338;83;96;220;land;false;plains;1
6339;218;115;73;land;false;plains;1
6340;255;235;234;land;false;plains;1
6341;156;244;206;land;false;plains;1
6342;226;35;170;land;false;plains;1
6343;149;157;248;land;false;plains;1
6344;241;219;131;land;true;plains;1
6345;246;145;31;land;false;plains;1
6346;254;241;219;land;false;plains;1
6347;173;154;249;land;false;plains;1
6348;190;238;137;land;false;plains;1
6349;223;125;244;land;false;plains;1
6350;184;140;246;land;false;plains;1
6351;86;74;238;land;false;plains;1
6352;73;228;136;land;false;plains;1
6353;182;192;253;land;false;plains;1
6354;230;149;254;land;false;plains;1
6355;253;121;96;land;false;plains;1
6356;198;85;64;land;false;plains;1
6357;255;245;229;land;false;plains;1
6358;171;230;248;land;false;plains;1
6359;58;238;139;land;false;plains;1
6360;153;252;64;land;false;plains;1
6361;180;139;241;land;false;plains;1
6362;212;221;255;land;true;plains;1
6363;248;172;245;land;false;plains;1
6364;255;243;239;land;true;plains;1
6365;242;20;238;land;false;plains;1
6366;59;123;238;land;false;plains;1
6367;250;255;251;land;false;plains;1
6368;228;167;28;land;false;plains;1
6369;240;126;246;land;false;plains;1
6370;242;255;231;land;false;plains;1
6371;109;248;207;land;false;plains;1
6372;166;251;200;land;false;plains;1
6373;214;203;254;land;false;plains;1
6374;234;127;33;land;false;plains;1
6375;191;65;203;land;true;plains;1
6376;129;243;132;land;false;plains;1
6377;236;57;135;land;false;plains;1
6378;255;83;93;land;false;plains;1
6379;221;197;252;land;false;plains;1
6380;254;243;232;land;true;plains;1
6381;70;245;103;land;false;plains;1
6382;242;64;184;land;false;plains;1
6383;145;164;241;land;false;plains;1
6384;238;122;254;land;false;plains;1
6385;236;201;252;land;false;plains;1
6386;227;238;255;land;false;plains;1
6387;254;214;255;land;false;plains;1
6388;252;248;255;land;false;plains;1
6389;104;248;196;land;false;plains;1
6390;37;251;222;land;false;plains;1
6391;254;248;228;land;false;plains;1
6392;31;243;29;land;false;plains;1
6393;165;189;255;land;false;plains;1
6394;255;230;229;land;false;plains;1
6395;254;16;152;land;false;plains;1
6396;211;254;254;land;true;plains;1
6397;245;119;252;land;false;plains;1
6398;185;254;252;land;false;plains;1
6399;66;242;96;land;false;plains;1
6400;249;189;176;land;false;plains;1
6401;247;228;160;land;false;plains;1
6402;174;183;250;land;false;plains;1
6403;75;139;207;land;true;plains;1
6404;172;250;213;land;false;plains;1
6405;147;252;239;land;false;plains;1
6406;210;255;236;land;false;plains;1
6407;179;214;80;land;true;plains;1
6408;247;254;230;land;false;plains;1
6409;231;255;223;land;false;plains;1
6410;250;100;174;land;false;plains;1
6411;150;252;251;land;false;plains;1
6412;46;237;112;land;true;plains;1
6413;243;190;144;land;false;plains;1
6414;40;100;231;land;false;plains;1
6415;202;236;50;land;false;plains;1
6416;116;233;157;land;false;plains;1
6417;116;242;121;land;false;plains;1
6418;250;252;167;land;false;plains;1
6419;223;25;243;land;false;plains;1
6420;161;80;215;land;false;plains;1
6421;66;194;224;land;false;plains;1
6422;145;78;213;land;false;plains;1
6423;98;86;214;land;false;plains;1
6424;148;187;247;land;false;plains;1
6425;122;232;63;land;false;plains;1
6426;226;253;207;land;false;plains;1
6427;78;135;205;land;false;plains;1
6428;196;240;129;land;false;plains;1
6429;235;254;230;land;false;plains;1
6430;27;147;252;land;false;plains;1
6431;178;246;248;land;true;plains;1
6432;221;226;255;land;false;plains;1
6433;65;212;66;land;false;plains;1
6434;196;224;252;land;false;plains;1
6435;253;254;216;land;false;plains;1
6436;137;242;107;land;false;plains;1
6437;252;4;130;land;true;plains;1
6438;49;245;210;land;false;plains;1
6439;249;255;245;land;false;plains;1
6440;251;88;228;land;false;plains;1
6441;242;254;163;land;false;plains;1
6442;249;231;153;land;false;plains;1
6443;211;244;146;land;false;plains;1
6444;254;155;173;land;false;plains;1
6445;117;101;240;land;true;plains;1
6446;141;166;247;land;false;plains;1
6447;230;106;170;land;false;plains;1
6448;97;232;188;land;true;plains;1
6449;193;254;161;land;false;plains;1
6450;206;254;213;land;false;plains;1
6451;233;255;253;land;false;plains;1
6452;202;253;139;land;false;plains;1
6453;250;240;173;land;false;plains;1
6454;251;246;255;land;false;plains;1
6455;254;169;225;land;false;plains;1
6456;241;188;148;land;false;plains;1
6457;250;211;188;land;false;plains;1
6458;243;206;87;land;false;plains;1
6459;249;224;255;land;false;plains;1
6460;224;255;238;land;false;plains;1
6461;188;150;244;land;false;plains;1
6462;150;204;242;land;false;plains;1
6463;250;172;184;land;false;plains;1
6464;251;228;148;land;false;plains;1
6465;251;239;255;land;false;plains;1
6466;189;254;205;land;false;plains;1
6467;237;246;54;land;false;plains;1
6468;208;226;253;land;false;plains;1
6469;254;223;231;land;false;plains;1
6470;165;245;219;land;false;plains;1
6471;255;241;255;land;false;plains;1
6472;245;255;252;land;false;plains;1
6473;234;96;156;land;false;plains;1
6474;253;225;255;land;false;plains;1
6475;117;185;234;land;false;plains;1
6476;253;61;92;land;false;plains;1
6477;80;52;239;land;true;plains;1
6478;255;237;217;land;false;plains;1
6479;190;241;147;land;false;plains;1
6480;119;251;67;land;false;plains;1
6481;225;89;239;land;false;plains;1
6482;247;240;145;land;false;plains;1
6483;229;255;252;land;true;plains;1
6484;191;167;250;land;false;plains;1
6485;3;254;96;land;false;plains;1
6486;182;242;151;land;false;plains;1
6487;248;239;170;land;false;plains;1
6488;192;226;33;land;false;plains;1
6489;151;187;249;land;false;plains;1
6490;188;74;232;land;false;plains;1
6491;198;162;246;land;false;plains;1
6492;28;50;244;land;false;plains;1
6493;45;116;217;land;false;plains;1
6494;253;209;234;land;true;plains;1
6495;248;255;245;land;false;plains;1
6496;153;109;235;land;false;plains;1
6497;248;134;89;land;true;plains;1
6498;167;238;253;land;false;plains;1
6499;194;214;254;land;false;plains;1
6500;184;204;249;land;false;plains;1
6501;213;207;253;land;false;plains;1
6502;236;65;97;land;false;plains;1
6503;244;254;214;land;false;plains;1
6504;121;209;47;land;false;plains;1
6505;250;179;248;land;false;plains;1
6506;186;239;37;land;false;plains;1
6507;182;249;212;land;false;plains;1
6508;48;193;222;land;false;plains;1
6509;62;242;213;land;false;plains;1
6510;252;191;215;land;true;plains;1
6511;147;38;226;land;false;plains;1
6512;254;213;226;land;false;plains;1
6513;255;200;195;land;false;plains;1
6514;25;248;77;land;false;plains;1
6515;248;172;205;land;false;plains;1
6516;235;133;132;land;false;plains;1
6517;232;255;253;land;false;plains;1
6518;252;98;103;land;false;plains;1
6519;131;235;223;land;false;plains;1
6520;91;236;104;land;false;plains;1
6521;242;255;223;land;false;plains;1
6522;206;246;158;land;false;plains;1
6523;187;205;253;land;false;plains;1
6524;249;213;174;land;false;plains;1
6525;251;71;78;land;true;plains;1
6526;169;124;234;land;false;plains;1
6527;74;139;231;land;false;plains;1
6528;253;190;190;land;false;plains;1
6529;219;254;224;land;false;plains;1
6530;93;223;97;land;false;plains;1
6531;213;141;245;land;true;plains;1
6532;249;130;212;land;false;plains;1
6533;20;242;216;land;true;plains;1
6534;254;150;218;land;false;plains;1
6535;74;87;218;land;false;plains;1
6536;224;85;95;land;false;plains;1
6537;255;216;163;land;false;plains;1
6538;66;87;248;land;false;plains;1
6539;132;237;137;land;false;plains;1
6540;26;228;237;land;false;plains;1
6541;254;240;223;land;false;plains;1
6542;229;204;254;land;false;plains;1
6543;246;166;78;land;false;plains;1
6544;181;250;156;land;false;plains;1
6545;61;64;218;land;false;plains;1
6546;212;64;246;land;false;plains;1
6547;45;231;104;land;false;plains;1
6548;242;239;255;land;false;plains;1
6549;168;224;74;land;false;plains;1
6550;245;255;224;land;false;plains;1
6551;205;233;254;land;false;plains;1
6552;101;67;220;land;false;plains;1
6553;250;253;255;land;false;plains;1
6554;223;214;255;land;false;plains;1
6555;248;240;255;land;false;plains;1
6556;202;211;254;land;true;plains;1
6557;231;255;231;land;false;plains;1
6558;253;192;184;land;false;plains;1
6559;190;79;254;land;false;plains;1
6560;240;204;134;land;false;plains;1
6561;51;145;206;land;false;plains;1
6562;242;222;255;land;false;plains;1
6563;179;255;188;land;false;plains;1
6564;101;247;230;land;false;plains;1
6565;255;206;190;land;false;plains;1
6566;220;210;253;land;false;plains;1
6567;246;253;188;land;false;plains;1
6568;242;23;204;land;false;plains;1
6569;253;207;245;land;false;plains;1
6570;181;236;250;land;false;plains;1
6571;198;152;243;land;false;plains;1
6572;226;206;254;land;false;plains;1
6573;246;192;82;land;false;plains;1
6574;49;230;39;land;false;plains;1
6575;255;228;233;land;false;plains;1
6576;71;201;126;land;true;plains;1
6577;169;191;247;land;false;plains;1
6578;255;236;209;land;false;plains;1
6579;92;248;30;land;false;plains;1
6580;252;107;222;land;false;plains;1
6581;254;228;213;land;false;plains;1
6582;244;147;74;land;false;plains;1
6583;251;179;184;land;false;plains;1
6584;142;136;250;land;false;plains;1
6585;249;178;220;land;false;plains;1
6586;165;217;46;land;false;plains;1
6587;232;119;204;land;true;plains;1
6588;23;234;250;land;false;plains;1
6589;223;68;144;land;false;plains;1
6590;243;164;113;land;false;plains;1
6591;135;196;249;land;false;plains;1
6592;182;255;165;land;false;plains;1
6593;244;220;113;land;false;plains;1
6594;248;193;57;land;false;plains;1
6595;126;244;57;land;false;plains;1
6596;242;255;195;land;false;plains;1
6597;143;246;205;land;false;plains;1
6598;201;240;62;land;false;plains;1
6599;208;184;253;land;false;plains;1
6600;255;233;251;land;false;plains;1
6601;254;210;221;land;false;plains;1
6602;240;198;254;land;false;plains;1
6603;10;129;251;land;true;plains;1
6604;239;146;109;land;false;plains;1
6605;217;101;230;land;false;plains;1
6606;101;224;146;land;false;plains;1
6607;104;242;122;land;false;plains;1
6608;247;132;244;land;false;plains;1
6609;231;122;230;land;false;plains;1
6610;216;80;96;land;false;plains;1
6611;201;252;145;land;true;plains;1
6612;196;151;67;land;false;plains;1
6613;220;197;255;land;false;plains;1
6614;160;164;246;land;false;plains;1
6615;249;81;145;land;false;plains;1
6616;64;194;242;land;false;plains;1
6617;255;195;214;land;false;plains;1
6618;222;248;138;land;false;plains;1
6619;247;255;255;land;false;plains;1
6620;136;219;75;land;false;plains;1
6621;255;238;254;land;false;plains;1
6622;197;191;254;land;false;plains;1
6623;192;156;248;land;false;plains;1
6624;217;165;246;land;false;plains;1
6625;243;252;255;land;false;plains;1
6626;253;202;186;land;false;plains;1
6627;245;255;212;land;false;plains;1
6628;241;251;255;land;false;plains;1
6629;195;76;241;land;false;plains;1
6630;173;178;254;land;false;plains;1
6631;242;115;135;land;false;plains;1
6632;250;189;208;land;true;plains;1
6633;221;255;221;land;false;plains;1
6634;255;231;242;land;false;plains;1
6635;141;98;248;land;false;plains;1
6636;241;121;230;land;false;plains;1
6637;254;227;234;land;false;plains;1
6638;153;204;246;land;false;plains;1
6639;200;251;168;land;false;plains;1
6640;252;218;254;land;false;plains;1
6641;151;207;253;land;false;plains;1
6642;234;247;142;land;false;plains;1
6643;233;243;255;land;false;plains;1
6644;228;254;200;land;false;plains;1
6645;255;248;247;land;false;plains;1
6646;241;197;70;land;true;plains;1
6647;157;112;244;land;false;plains;1
6648;61;251;85;land;false;plains;1
6649;83;229;62;land;false;plains;1
6650;38;67;251;land;true;plains;1
6651;241;89;64;land;false;plains;1
6652;251;255;247;land;true;plains;1
6653;246;216;254;land;false;plains;1
6654;249;218;118;land;false;plains;1
6655;237;134;189;land;false;plains;1
6656;219;249;102;land;false;plains;1
6657;67;248;89;land;false;plains;1
6658;253;209;242;land;false;plains;1
6659;70;237;136;land;false;plains;1
6660;243;226;254;land;false;plains;1
6661;53;213;177;land;false;plains;1
6662;234;216;69;land;false;plains;1
6663;177;253;241;land;false;plains;1
6664;241;164;98;land;false;plains;1
6665;235;249;113;land;false;plains;1
6666;238;144;123;land;false;plains;1
6667;241;56;108;land;false;plains;1
6668;255;253;249;land;false;plains;1
6669;207;254;199;land;false;plains;1
6670;63;226;38;land;false;plains;1
6671;253;250;94;land;false;plains;1
6672;191;140;253;land;false;plains;1
6673;60;135;252;land;false;plains;1
6674;255;243;191;land;false;plains;1
6675;151;197;242;land;false;plains;1
6676;215;228;41;land;false;plains;1
6677;254;255;240;land;false;plains;1
6678;254;210;225;land;false;plains;1
6679;248;161;182;land;false;plains;1
6680;228;83;62;land;false;plains;1
6681;248;175;240;land;false;plains;1
6682;210;249;48;land;false;plains;1
6683;223;254;200;land;false;plains;1
6684;254;243;216;land;false;plains;1
6685;153;251;245;land;false;plains;1
6686;88;252;129;land;false;plains;1
6687;255;226;252;land;true;plains;1
6688;208;254;251;land;false;plains;1
6689;235;236;135;land;false;plains;1
6690;252;194;238;land;false;plains;1
6691;243;224;133;land;false;plains;1
6692;179;201;250;land;false;plains;1
6693;238;255;241;land;false;plains;1
6694;235;82;171;land;false;plains;1
6695;236;252;255;land;false;plains;1
6696;97;211;236;land;false;plains;1
6697;84;219;111;land;false;plains;1
6698;150;243;173;land;false;plains;1
6699;255;203;233;land;false;plains;1
6700;252;189;186;land;false;plains;1
6701;248;106;194;land;false;plains;1
6702;169;235;53;land;true;plains;1
6703;253;140;191;land;false;plains;1
6704;250;135;130;land;false;plains;1
6705;172;248;231;land;false;plains;1
6706;238;128;129;land;false;plains;1
6707;182;253;197;land;true;plains;1
6708;179;166;248;land;false;plains;1
6709;132;212;241;land;false;plains;1
6710;240;144;213;land;false;plains;1
6711;206;228;253;land;false;plains;1
6712;241;216;118;land;false;plains;1
6713;56;250;219;land;false;plains;1
6714;253;189;190;land;false;plains;1
6715;249;113;94;land;false;plains;1
6716;155;248;210;land;false;plains;1
6717;248;203;174;land;false;plains;1
6718;113;168;248;land;false;plains;1
6719;228;230;255;land;false;plains;1
6720;159;246;218;land;false;plains;1
6721;139;84;220;land;false;plains;1
6722;200;230;254;land;false;plains;1
6723;225;99;193;land;false;plains;1
6724;136;213;250;land;true;plains;1
6725;224;251;254;land;false;plains;1
6726;178;48;211;land;false;plains;1
6727;146;113;232;land;false;plains;1
6728;253;186;185;land;false;plains;1
6729;28;233;120;land;false;plains;1
6730;255;254;236;land;false;plains;1
6731;220;250;39;land;false;plains;1
6732;150;56;246;land;false;plains;1
6733;218;249;163;land;false;plains;1
6734;176;97;232;land;false;plains;1
6735;254;252;221;land;true;plains;1
6736;254;219;234;land;false;plains;1
6737;241;58;190;land;false;plains;1
6738;193;250;183;land;false;plains;1
6739;222;104;56;land;false;plains;1
6740;135;35;226;land;false;plains;1
6741;209;231;85;land;false;plains;1
6742;30;218;253;land;false;plains;1
6743;251;233;105;land;false;plains;1
6744;252;237;194;land;false;plains;1
6745;208;202;254;land;false;plains;1
6746;252;229;188;land;false;plains;1
6747;98;236;93;land;false;plains;1
6748;254;247;157;land;false;plains;1
6749;249;213;146;land;false;plains;1
6750;254;154;252;land;false;plains;1
6751;116;235;180;land;false;plains;1
6752;20;165;249;land;false;plains;1
6753;176;52;236;land;false;plains;1
6754;124;135;245;land;false;plains;1
6755;163;251;126;land;false;plains;1
6756;205;148;247;land;false;plains;1
6757;45;213;101;land;false;plains;1
6758;222;218;254;land;true;plains;1
6759;254;220;248;land;false;plains;1
6760;243;177;129;land;false;plains;1
6761;105;230;143;land;false;plains;1
6762;181;56;218;land;false;plains;1
6763;100;249;95;land;false;plains;1
6764;219;198;253;land;false;plains;1
6765;181;254;152;land;false;plains;1
6766;255;228;136;land;false;plains;1
6767;255;234;242;land;false;plains;1
6768;249;15;197;land;false;plains;1
6769;119;134;252;land;false;plains;1
6770;254;238;255;land;false;plains;1
6771;187;225;251;land;false;plains;1
6772;107;138;243;land;false;plains;1
6773;235;213;255;land;false;plains;1
6774;224;77;70;land;false;plains;1
6775;253;221;254;land;false;plains;1
6776;237;93;135;land;false;plains;1
6777;57;76;250;land;false;plains;1
6778;192;242;137;land;false;plains;1
6779;248;172;184;land;false;plains;1
6780;214;89;185;land;false;plains;1
6781;211;231;60;land;false;plains;1
6782;253;204;212;land;false;plains;1
6783;61;13;245;land;false;plains;1
6784;251;94;109;land;false;plains;1
6785;45;253;219;land;false;plains;1
6786;227;233;255;land;false;plains;1
6787;254;244;169;land;false;plains;1
6788;241;84;215;land;false;plains;1
6789;245;148;164;land;false;plains;1
6790;11;252;119;land;false;plains;1
6791;255;191;217;land;false;plains;1
6792;73;155;228;land;false;plains;1
6793;132;174;238;land;false;plains;1
6794;211;117;239;land;false;plains;1
6795;249;199;152;land;false;plains;1
6796;253;189;178;land;false;plains;1
6797;227;254;227;land;false;plains;1
6798;80;235;207;land;false;plains;1
6799;234;143;239;land;false;plains;1
6800;102;221;87;land;false;plains;1
6801;252;163;189;land;false;plains;1
6802;237;253;146;land;false;plains;1
6803;241;254;208;land;false;plains;1
6804;77;161;207;land;false;plains;1
6805;125;236;206;land;true;plains;1
6806;98;233;103;land;false;plains;1
6807;255;236;253;land;false;plains;1
6808;43;69;222;land;false;plains;1
6809;161;68;238;land;false;plains;1
6810;253;233;203;land;true;plains;1
6811;103;92;236;land;false;plains;1
6812;63;251;28;land;false;plains;1
6813;191;235;68;land;false;plains;1
6814;207;254;223;land;true;plains;1
6815;220;165;253;land;false;plains;1
6816;255;229;248;land;false;plains;1
6817;226;170;249;land;false;plains;1
6818;209;253;231;land;true;plains;1
6819;198;145;251;land;true;plains;1
6820;244;79;183;land;false;plains;1
6821;181;185;252;land;false;plains;1
6822;68;215;133;land;false;plains;1
6823;250;44;36;land;false;plains;1
6824;144;222;246;land;false;plains;1
6825;85;227;241;land;false;plains;1
6826;255;227;254;land;false;plains;1
6827;195;231;55;land;false;plains;1
6828;81;172;207;land;false;plains;1
6829;226;254;214;land;false;plains;1
6830;211;158;250;land;false;plains;1
6831;237;145;127;land;false;plains;1
6832;239;167;107;land;false;plains;1
6833;165;196;246;land;false;plains;1
6834;211;149;245;land;false;plains;1
6835;153;195;245;land;false;plains;1
6836;101;251;176;land;false;plains;1
6837;252;186;220;land;false;plains;1
6838;213;212;73;land;false;plains;1
6839;93;182;241;land;false;plains;1
6840;255;216;243;land;false;plains;1
6841;252;190;159;land;false;plains;1
6842;114;255;133;land;false;plains;1
6843;214;154;249;land;false;plains;1
6844;170;241;31;land;false;plains;1
6845;252;35;124;land;false;plains;1
6846;164;222;98;land;false;plains;1
6847;253;119;140;land;true;plains;1
6848;201;140;67;land;false;plains;1
6849;53;243;240;land;false;plains;1
6850;255;249;255;land;true;plains;1
6851;116;248;240;land;false;plains;1
6852;253;196;230;land;false;plains;1
6853;255;196;236;land;false;plains;1
6854;52;36;247;land;false;plains;1
6855;42;162;230;land;false;plains;1
6856;253;249;255;land;false;plains;1
6857;156;243;153;land;true;plains;1
6858;255;239;227;land;false;plains;1
6859;253;214;234;land;false;plains;1
6860;112;128;242;land;false;plains;1
6861;242;189;254;land;false;plains;1
6862;255;242;242;land;false;plains;1
6863;238;242;150;land;false;plains;1
6864;223;41;92;land;false;plains;1
6865;175;184;250;land;false;plains;1
6866;159;253;133;land;false;plains;1
6867;63;228;229;land;false;plains;1
6868;114;254;233;land;false;plains;1
6869;212;253;219;land;false;plains;1
6870;244;255;248;land;true;plains;1
6871;231;254;228;land;false;plains;1
6872;115;222;67;land;true;plains;1
6873;232;241;122;land;false;plains;1
6874;254;207;211;land;false;plains;1
6875;164;114;250;land;false;plains;1
6876;222;254;37;land;false;plains;1
6877;253;180;251;land;false;plains;1
6878;89;92;240;land;false;plains;1
6879;47;252;150;land;false;plains;1
6880;226;251;254;land;false;plains;1
6881;254;201;198;land;false;plains;1
6882;130;229;243;land;false;plains;1
6883;119;209;81;land;false;plains;1
6884;88;85;210;land;false;plains;1
6885;178;227;88;land;false;plains;1
6886;79;199;207;land;false;plains;1
6887;247;209;114;land;true;plains;1
6888;197;253;213;land;false;plains;1
6889;164;249;124;land;false;plains;1
6890;202;254;254;land;false;plains;1
6891;188;235;253;land;false;plains;1
6892;252;255;238;land;false;plains;1
6893;250;60;69;land;true;plains;1
6894;208;241;255;land;false;plains;1
6895;121;249;90;land;false;plains;1
6896;254;216;232;land;false;plains;1
6897;207;253;234;land;false;plains;1
6898;253;65;170;land;false;plains;1
6899;34;242;168;land;false;plains;1
6900;132;242;239;land;false;plains;1
6901;140;222;252;land;false;plains;1
6902;156;207;255;land;false;plains;1
6903;213;254;212;land;false;plains;1
6904;67;125;251;land;false;plains;1
6905;254;196;174;land;false;plains;1
6906;184;251;252;land;false;plains;1
6907;70;133;253;land;false;plains;1
6908;171;222;102;land;false;plains;1
6909;73;255;1;land;false;plains;1
6910;255;117;211;land;false;plains;1
6911;137;240;224;land;false;plains;1
6912;171;249;69;land;false;plains;1
6913;255;234;234;land;false;plains;1
6914;108;210;85;land;false;plains;1
6915;246;79;160;land;false;plains;1
6916;244;129;250;land;false;plains;1
6917;127;101;224;land;false;plains;1
6918;253;224;212;land;false;plains;1
6919;16;249;13;land;false;plains;1
6920;242;182;138;land;false;plains;1
6921;213;115;245;land;false;plains;1
6922;165;245;147;land;false;plains;1
6923;253;204;172;land;false;plains;1
6924;252;238;255;land;false;plains;1
6925;255;222;215;land;false;plains;1
6926;59;218;62;land;false;plains;1
6927;89;253;13;land;false;plains;1
6928;251;199;121;land;false;plains;1
6929;173;238;95;land;false;plains;1
6930;254;194;225;land;false;plains;1
6931;73;242;229;land;true;plains;1
6932;189;251;176;land;true;plains;1
6933;251;169;253;land;false;plains;1
6934;238;224;254;land;false;plains;1
6935;248;248;255;land;false;plains;1
6936;56;244;249;land;false;plains;1
6937;254;204;234;land;true;plains;1
6938;217;254;233;land;false;plains;1
6939;164;252;211;land;false;plains;1
6940;208;206;255;land;false;plains;1
6941;254;251;255;land;false;plains;1
6942;244;175;110;land;false;plains;1
6943;161;253;252;land;false;plains;1
6944;255;221;228;land;false;plains;1
6945;238;229;127;land;false;plains;1
6946;212;121;80;land;false;plains;1
6947;255;224;243;land;false;plains;1
6948;242;230;255;land;false;plains;1
6949;252;200;203;land;true;plains;1
6950;248;227;254;land;false;plains;1
6951;210;254;244;land;true;plains;1
6952;55;53;209;land;false;plains;1
6953;35;109;232;land;false;plains;1
6954;229;212;255;land;true;plains;1
6955;186;182;249;land;false;plains;1
6956;213;49;236;land;false;plains;1
6957;220;251;114;land;false;plains;1
6958;99;155;251;land;false;plains;1
6959;244;232;255;land;false;plains;1
6960;232;58;29;land;false;plains;1
6961;219;136;237;land;false;plains;1
6962;228;247;162;land;false;plains;1
6963;182;251;210;land;false;plains;1
6964;249;200;253;land;false;plains;1
6965;248;176;149;land;false;plains;1
6966;254;188;204;land;false;plains;1
6967;118;242;150;land;true;plains;1
6968;76;245;153;land;false;plains;1
6969;130;159;242;land;false;plains;1
6970;253;200;196;land;false;plains;1
6971;117;78;224;land;false;plains;1
6972;87;126;252;land;false;plains;1
6973;147;249;76;land;true;plains;1
6974;63;246;10;land;false;plains;1
6975;215;254;223;land;false;plains;1
6976;220;252;136;land;false;plains;1
6977;73;160;242;land;false;plains;1
6978;150;211;77;land;false;plains;1
6979;68;217;250;land;false;plains;1
6980;73;146;239;land;false;plains;1
6981;183;253;25;land;false;plains;1
6982;162;247;149;land;false;plains;1
6983;233;134;103;land;false;plains;1
6984;190;231;109;land;false;plains;1
6985;104;83;248;land;false;plains;1
6986;231;60;145;land;false;plains;1
6987;203;253;217;land;false;plains;1
6988;158;142;254;land;false;plains;1
6989;251;251;192;land;false;plains;1
6990;255;210;217;land;false;plains;1
6991;212;211;254;land;true;plains;1
6992;246;71;214;land;false;plains;1
6993;204;79;208;land;false;plains;1
6994;102;252;211;land;false;plains;1
6995;254;197;192;land;false;plains;1
6996;251;80;38;land;false;plains;1
6997;154;254;93;land;false;plains;1
6998;220;98;223;land;false;plains;1
6999;147;213;251;land;false;plains;1
7000;251;156;139;land;false;plains;1
7001;109;120;250;land;false;plains;1
7002;221;90;172;land;false;plains;1
7003;255;243;244;land;false;plains;1
7004;118;222;69;land;true;plains;1
7005;254;200;198;land;false;plains;1
7006;158;253;233;land;false;plains;1
7007;205;226;255;land;false;plains;1
7008;202;73;76;land;false;plains;1
7009;255;225;248;land;false;plains;1
7010;225;240;128;land;false;plains;1
7011;229;94;169;land;false;plains;1
7012;249;182;210;land;false;plains;1
7013;239;254;187;land;false;plains;1
7014;108;102;223;land;true;plains;1
7015;254;227;214;land;false;plains;1
7016;237;254;221;land;false;plains;1
7017;204;252;196;land;true;plains;1
7018;251;197;149;land;false;plains;1
7019;131;136;244;land;false;plains;1
7020;255;250;244;land;false;plains;1
7021;250;180;208;land;false;plains;1
7022;224;218;255;land;false;plains;1
7023;253;219;176;land;false;plains;1
7024;217;157;93;land;false;plains;1
7025;130;169;238;land;false;plains;1
7026;251;236;128;land;false;plains;1
7027;247;247;255;land;true;plains;1
7028;71;230;114;land;false;plains;1
7029;251;172;171;land;false;plains;1
7030;229;249;159;land;false;plains;1
7031;93;244;156;land;false;plains;1
7032;147;117;237;land;false;plains;1
7033;170;122;248;land;false;plains;1
7034;235;238;255;land;false;plains;1
7035;176;119;253;land;false;plains;1
7036;203;253;36;land;true;plains;1
7037;214;89;228;land;false;plains;1
7038;242;18;216;land;false;plains;1
7039;129;242;201;land;false;plains;1
7040;196;144;251;land;false;plains;1
7041;255;255;243;land;false;plains;1
7042;236;111;245;land;false;plains;1
7043;239;246;255;land;false;plains;1
7044;247;254;255;land;false;plains;1
7045;235;94;126;land;false;plains;1
7046;170;164;245;land;false;plains;1
7047;232;86;168;land;false;plains;1
7048;136;220;244;land;false;plains;1
7049;241;236;30;land;false;plains;1
7050;17;249;141;land;false;plains;1
7051;252;175;210;land;true;plains;1
7052;124;209;59;land;false;plains;1
7053;254;229;225;land;false;plains;1
7054;195;72;204;land;true;plains;1
7055;254;129;12;land;false;plains;1
7056;229;255;209;land;true;plains;1
7057;247;92;136;land;false;plains;1
7058;50;238;168;land;false;plains;1
7059;203;74;173;land;false;plains;1
7060;156;250;212;land;false;plains;1
7061;214;103;46;land;false;plains;1
7062;255;252;241;land;false;plains;1
7063;254;162;161;land;false;plains;1
7064;102;221;254;land;false;plains;1
7065;253;209;205;land;false;plains;1
7066;251;158;176;land;false;plains;1
7067;232;254;228;land;false;plains;1
7068;105;233;249;land;false;plains;1
7069;251;229;193;land;true;plains;1
7070;254;221;245;land;false;plains;1
7071;209;191;251;land;false;plains;1
7072;64;81;246;land;false;plains;1
7073;81;212;172;land;false;plains;1
7074;255;243;224;land;false;plains;1
7075;220;31;240;land;false;plains;1
7076;210;142;252;land;false;plains;1
7077;242;255;242;land;false;plains;1
7078;212;114;77;land;true;plains;1
7079;250;198;180;land;false;plains;1
7080;231;130;29;land;false;plains;1
7081;234;148;102;land;false;plains;1
7082;244;192;143;land;false;plains;1
7083;222;253;254;land;false;plains;1
7084;43;224;176;land;false;plains;1
7085;254;26;111;land;true;plains;1
7086;227;34;111;land;true;plains;1
7087;58;199;210;land;false;plains;1
7088;223;73;189;land;false;plains;1
7089;170;243;138;land;false;plains;1
7090;248;57;52;land;false;plains;1
7091;179;97;236;land;false;plains;1
7092;156;235;80;land;false;plains;1
7093;234;114;185;land;false;plains;1
7094;122;235;109;land;false;plains;1
7095;41;158;240;land;false;plains;1
7096;224;178;78;land;false;plains;1
7097;214;95;239;land;false;plains;1
7098;52;233;35;land;false;plains;1
7099;254;86;138;land;false;plains;1
7100;109;104;228;land;false;plains;1
7101;122;223;234;land;false;plains;1
7102;134;188;251;land;false;plains;1
7103;176;74;252;land;false;plains;1
7104;52;70;211;land;false;plains;1
7105;240;61;68;land;false;plains;1
7106;124;69;251;land;false;plains;1
7107;255;74;179;land;false;plains;1
7108;233;77;67;land;false;plains;1
7109;189;218;253;land;false;plains;1
7110;220;254;184;land;false;plains;1
7111;230;96;161;land;false;plains;1
7112;229;133;236;land;true;plains;1
7113;206;107;253;land;false;plains;1
7114;234;248;255;land;false;plains;1
7115;72;179;200;land;false;plains;1
7116;119;223;73;land;false;plains;1
7117;255;237;242;land;false;plains;1
7118;124;174;241;land;true;plains;1
7119;255;235;233;land;false;plains;1
7120;192;239;118;land;false;plains;1
7121;237;125;167;land;false;plains;1
7122;156;244;207;land;false;plains;1
7123;236;238;255;land;false;plains;1
7124;181;249;249;land;false;plains;1
7125;194;255;241;land;true;plains;1
7126;118;238;223;land;false;plains;1
7127;224;249;255;land;false;plains;1
7128;126;162;251;land;false;plains;1
7129;117;226;241;land;false;plains;1
7130;250;157;220;land;false;plains;1
7131;74;54;214;land;false;plains;1
7132;196;253;201;land;false;plains;1
7133;242;96;154;land;false;plains;1
7134;153;236;254;land;false;plains;1
7135;222;116;95;land;false;plains;1
7136;226;226;255;land;false;plains;1
7137;255;245;230;land;false;plains;1
7138;49;62;233;land;false;plains;1
7139;250;179;193;land;false;plains;1
7140;255;183;80;land;false;plains;1
7141;142;63;211;land;true;plains;1
7142;224;240;255;land;true;plains;1
7143;97;228;45;land;false;plains;1
7144;255;200;218;land;false;plains;1
7145;149;244;245;land;false;plains;1
7146;253;173;195;land;false;plains;1
7147;218;253;165;land;true;plains;1
7148;254;200;238;land;false;plains;1
7149;215;116;229;land;false;plains;1
7150;32;249;42;land;false;plains;1
7151;116;229;154;land;true;plains;1
7152;233;255;238;land;false;plains;1
7153;218;52;248;land;false;plains;1
7154;160;248;213;land;true;plains;1
7155;120;101;228;land;false;plains;1
7156;144;255;186;land;false;plains;1
7157;173;144;254;land;false;plains;1
7158;245;206;126;land;false;plains;1
7159;116;250;57;land;true;plains;1
7160;254;245;165;land;false;plains;1
7161;67;107;207;land;false;plains;1
7162;234;255;248;land;false;plains;1
7163;104;230;208;land;false;plains;1
7164;230;64;117;land;false;plains;1
7165;155;239;253;land;false;plains;1
7166;123;245;231;land;true;plains;1
7167;156;126;241;land;true;plains;1
7168;18;141;243;land;false;plains;1
7169;240;143;211;land;false;plains;1
7170;177;253;91;land;false;plains;1
7171;162;247;50;land;true;plains;1
7172;215;255;131;land;false;plains;1
7173;174;255;45;land;false;plains;1
7174;247;191;167;land;false;plains;1
7175;246;214;254;land;false;plains;1
7176;175;236;130;land;false;plains;1
7177;220;193;252;land;false;plains;1
7178;72;212;156;land;false;plains;1
7179;104;218;91;land;false;plains;1
7180;42;217;194;land;false;plains;1
7181;139;252;109;land;false;plains;1
7182;214;150;242;land;false;plains;1
7183;229;133;240;land;false;plains;1
7184;242;216;254;land;true;plains;1
7185;215;240;254;land;false;plains;1
7186;254;211;220;land;false;plains;1
7187;35;214;228;land;false;plains;1
7188;79;180;228;land;true;plains;1
7189;190;143;244;land;false;plains;1
7190;205;141;253;land;false;plains;1
7191;165;254;199;land;false;plains;1
7192;170;254;242;land;false;plains;1
7193;251;186;220;land;false;plains;1
7194;230;129;74;land;false;plains;1
7195;157;95;218;land;false;plains;1
7196;183;230;71;land;false;plains;1
7197;194;202;251;land;false;plains;1
7198;238;193;251;land;true;plains;1
7199;219;227;99;land;false;plains;1
7200;40;190;248;land;false;plains;1
7201;73;199;217;land;true;plains;1
7202;178;56;204;land;true;plains;1
7203;233;125;241;land;false;plains;1
7204;251;193;226;land;true;plains;1
7205;240;209;253;land;false;plains;1
7206;197;158;244;land;false;plains;1
7207;69;134;254;land;false;plains;1
7208;203;253;133;land;false;plains;1
7209;85;236;195;land;false;plains;1
7210;239;251;161;land;false;plains;1
7211;93;109;253;land;false;plains;1
7212;227;251;254;land;false;plains;1
7213;255;218;221;land;false;plains;1
7214;231;121;133;land;false;plains;1
7215;217;249;255;land;false;plains;1
7216;254;254;224;land;true;plains;1
7217;221;254;196;land;false;plains;1
7218;249;124;11;land;false;plains;1
7219;112;247;229;land;false;plains;1
7220;254;200;226;land;true;plains;1
7221;205;225;88;land;false;plains;1
7222;150;255;92;land;false;plains;1
7223;171;188;251;land;false;plains;1
7224;178;251;179;land;false;plains;1
7225;224;57;243;land;false;plains;1
7226;240;132;61;land;true;plains;1
7227;204;131;252;land;false;plains;1
7228;242;255;234;land;false;plains;1
7229;217;236;39;land;false;plains;1
7230;237;126;163;land;false;plains;1
7231;169;172;254;land;false;plains;1
7232;233;255;242;land;false;plains;1
7233;243;255;158;land;false;plains;1
7234;201;252;246;land;false;plains;1
7235;247;72;82;land;false;plains;1
7236;245;54;83;land;false;plains;1
7237;140;84;237;land;false;plains;1
7238;236;139;121;land;false;plains;1
7239;255;226;217;land;false;plains;1
7240;168;242;249;land;false;plains;1
7241;222;45;200;land;false;plains;1
7242;56;220;81;land;false;plains;1
7243;247;165;243;land;false;plains;1
7244;76;233;64;land;false;plains;1
7245;71;248;198;land;false;plains;1
7246;190;228;251;land;true;plains;1
7247;222;254;225;land;true;plains;1
7248;251;183;244;land;false;plains;1
7249;243;185;111;land;false;plains;1
7250;252;213;253;land;false;plains;1
7251;222;51;254;land;false;plains;1
7252;254;97;56;land;false;plains;1
7253;253;252;190;land;false;plains;1
7254;241;179;129;land;false;plains;1
7255;255;127;153;land;false;plains;1
7256;239;118;145;land;false;plains;1
7257;255;241;254;land;false;plains;1
7258;245;255;253;land;false;plains;1
7259;226;73;67;land;false;plains;1
7260;236;255;247;land;false;plains;1
7261;229;104;239;land;false;plains;1
7262;227;250;155;land;false;plains;1
7263;118;86;244;land;false;plains;1
7264;52;146;252;land;false;plains;1
7265;71;49;225;land;true;plains;1
7266;232;117;161;land;false;plains;1
7267;99;96;242;land;false;plains;1
7268;175;162;252;land;false;plains;1
7269;61;245;10;land;false;plains;1
7270;251;248;255;land;true;plains;1
7271;146;252;86;land;false;plains;1
7272;44;255;127;land;false;plains;1
7273;238;135;235;land;false;plains;1
7274;249;250;255;land;false;plains;1
7275;187;254;236;land;false;plains;1
7276;127;168;253;land;false;plains;1
7277;253;210;210;land;false;plains;1
7278;164;66;208;land;false;plains;1
7279;249;244;154;land;false;plains;1
7280;135;236;188;land;false;plains;1
7281;195;243;110;land;false;plains;1
7282;62;253;157;land;false;plains;1
7283;50;255;30;land;false;plains;1
7284;156;221;62;land;false;plains;1
7285;246;81;51;land;false;plains;1
7286;229;171;253;land;false;plains;1
7287;248;255;246;land;false;plains;1
7288;255;228;228;land;false;plains;1
7289;180;84;234;land;false;plains;1
7290;38;210;244;land;false;plains;1
7291;130;95;234;land;false;plains;1
7292;111;227;179;land;false;plains;1
7293;121;193;247;land;false;plains;1
7294;146;251;165;land;false;plains;1
7295;255;245;222;land;false;plains;1
7296;225;188;250;land;false;plains;1
7297;64;98;242;land;false;plains;1
7298;114;222;246;land;false;plains;1
7299;162;155;246;land;false;plains;1
7300;250;168;70;land;true;plains;1
7301;152;250;200;land;true;plains;1
7302;232;255;242;land;true;plains;1
7303;255;251;245;land;true;plains;1
7304;248;244;152;land;false;plains;1
7305;252;131;161;land;false;plains;1
7306;193;254;182;land;false;plains;1
7307;52;249;188;land;false;plains;1
7308;221;51;40;land;false;plains;1
7309;111;173;235;land;false;plains;1
7310;252;140;135;land;false;plains;1
7311;191;211;255;land;false;plains;1
7312;253;193;205;land;false;plains;1
7313;249;205;36;land;false;plains;1
7314;209;246;166;land;false;plains;1
7315;107;254;71;land;false;plains;1
7316;254;243;255;land;false;plains;1
7317;253;190;191;land;false;plains;1
7318;253;78;85;land;false;plains;1
7319;255;226;229;land;false;plains;1
7320;216;255;255;land;false;plains;1
7321;238;252;158;land;false;plains;1
7322;173;253;186;land;false;plains;1
7323;121;253;162;land;false;plains;1
7324;234;89;28;land;false;plains;1
7325;237;253;206;land;false;plains;1
7326;246;243;255;land;false;plains;1
7327;71;211;126;land;false;plains;1
7328;160;154;252;land;false;plains;1
7329;141;245;155;land;false;plains;1
7330;57;131;229;land;false;plains;1
7331;199;206;253;land;false;plains;1
7332;65;123;237;land;false;plains;1
7333;233;76;149;land;false;plains;1
7334;210;255;213;land;false;plains;1
7335;197;197;253;land;true;plains;1
7336;245;84;162;land;false;plains;1
7337;250;189;195;land;false;plains;1
7338;222;185;51;land;false;plains;1
7339;255;191;244;land;false;plains;1
7340;241;152;96;land;false;plains;1
7341;219;211;255;land;false;plains;1
7342;125;201;64;land;false;plains;1
7343;207;230;253;land;false;plains;1
7344;165;246;227;land;false;plains;1
7345;227;254;198;land;false;plains;1
7346;253;216;253;land;false;plains;1
7347;228;254;219;land;true;plains;1
7348;122;193;235;land;false;plains;1
7349;64;209;155;land;false;plains;1
7350;229;255;225;land;false;plains;1
7351;172;187;247;land;false;plains;1
7352;255;206;191;land;false;plains;1
7353;250;242;255;land;true;plains;1
7354;25;26;235;land;false;plains;1
7355;248;225;255;land;false;plains;1
7356;234;245;121;land;false;plains;1
7357;253;28;100;land;false;plains;1
7358;148;222;242;land;false;plains;1
7359;103;221;194;land;false;plains;1
7360;130;108;248;land;false;plains;1
7361;234;48;242;land;false;plains;1
7362;213;162;245;land;false;plains;1
7363;250;179;229;land;false;plains;1
7364;240;205;255;land;false;plains;1
7365;74;209;242;land;false;plains;1
7366;207;254;242;land;false;plains;1
7367;121;110;252;land;false;plains;1
7368;198;254;211;land;false;plains;1
7369;166;135;249;land;false;plains;1
7370;170;166;254;land;false;plains;1
7371;173;254;254;land;false;plains;1
7372;240;255;244;land;false;plains;1
7373;183;252;209;land;false;plains;1
7374;207;232;254;land;false;plains;1
7375;255;251;233;land;false;plains;1
7376;239;26;70;land;false;plains;1
7377;194;252;195;land;false;plains;1
7378;251;217;159;land;true;plains;1
7379;207;253;217;land;false;plains;1
7380;232;135;114;land;false;plains;1
7381;254;210;220;land;false;plains;1
7382;254;225;216;land;true;plains;1
7383;240;136;128;land;false;plains;1
7384;43;254;36;land;false;plains;1
7385;197;246;128;land;false;plains;1
7386;81;246;246;land;false;plains;1
7387;251;182;243;land;false;plains;1
7388;251;232;183;land;false;plains;1
7389;250;182;238;land;true;plains;1
7390;241;252;184;land;false;plains;1
7391;51;208;208;land;false;plains;1
7392;247;157;139;land;false;plains;1
7393;108;254;94;land;false;plains;1
7394;122;210;66;land;false;plains;1
7395;247;118;158;land;false;plains;1
7396;127;242;203;land;false;plains;1
7397;132;254;228;land;false;plains;1
7398;216;71;133;land;false;plains;1
7399;163;255;182;land;false;plains;1
7400;183;249;244;land;false;plains;1
7401;99;127;234;land;false;plains;1
7402;238;204;252;land;false;plains;1
7403;106;65;226;land;false;plains;1
7404;247;255;252;land;false;plains;1
7405;120;132;233;land;false;plains;1
7406;234;242;147;land;false;plains;1
7407;116;226;243;land;false;plains;1
7408;165;77;248;land;false;plains;1
7409;253;92;226;land;false;plains;1
7410;254;159;235;land;false;plains;1
7411;147;244;175;land;false;plains;1
7412;249;171;170;land;false;plains;1
7413;251;233;255;land;false;plains;1
7414;189;109;238;land;false;plains;1
7415;252;236;200;land;false;plains;1
7416;136;158;244;land;false;plains;1
7417;250;181;232;land;false;plains;1
7418;39;235;89;land;false;plains;1
7419;243;239;132;land;false;plains;1
7420;255;231;243;land;false;plains;1
7421;141;248;200;land;false;plains;1
7422;234;248;143;land;false;plains;1
7423;52;247;47;land;false;plains;1
7424;254;227;235;land;false;plains;1
7425;76;158;231;land;false;plains;1
7426;75;253;252;land;false;plains;1
7427;236;129;231;land;false;plains;1
7428;239;90;174;land;false;plains;1
7429;11;196;246;land;false;plains;1
7430;253;216;201;land;false;plains;1
7431;234;134;40;land;false;plains;1
7432;249;121;132;land;false;plains;1
7433;202;255;205;land;false;plains;1
7434;63;239;166;land;true;plains;1
7435;111;233;215;land;false;plains;1
7436;37;241;85;land;false;plains;1
7437;251;255;240;land;false;plains;1
7438;243;19;163;land;false;plains;1
7439;239;231;255;land;false;plains;1
7440;254;168;210;land;false;plains;1
7441;234;83;225;land;false;plains;1
7442;88;32;228;land;false;plains;1
7443;145;189;250;land;true;plains;1
7444;179;165;254;land;true;plains;1
7445;60;210;114;land;false;plains;1
7446;253;209;241;land;false;plains;1
7447;138;71;250;land;false;plains;1
7448;254;228;232;land;false;plains;1
7449;241;241;255;land;false;plains;1
7450;253;64;240;land;false;plains;1
7451;249;156;127;land;false;plains;1
7452;238;249;166;land;false;plains;1
7453;251;213;40;land;false;plains;1
7454;60;55;221;land;false;plains;1
7455;245;251;255;land;false;plains;1
7456;247;160;233;land;false;plains;1
7457;243;109;165;land;false;plains;1
7458;216;155;245;land;false;plains;1
7459;44;136;243;land;false;plains;1
7460;134;220;252;land;true;plains;1
7461;101;254;60;land;false;plains;1
7462;221;23;238;land;false;plains;1
7463;245;241;99;land;false;plains;1
7464;255;215;167;land;false;plains;1
7465;208;53;136;land;false;plains;1
7466;36;244;121;land;true;plains;1
7467;251;195;243;land;false;plains;1
7468;219;254;201;land;true;plains;1
7469;227;182;110;land;false;plains;1
7470;130;68;200;land;false;plains;1
7471;252;202;213;land;false;plains;1
7472;52;202;242;land;false;plains;1
7473;246;255;237;land;false;plains;1
7474;113;249;197;land;false;plains;1
7475;42;35;246;land;false;plains;1
7476;187;180;254;land;false;plains;1
7477;248;104;123;land;false;plains;1
7478;248;160;116;land;false;plains;1
7479;211;44;66;land;false;plains;1
7480;130;81;247;land;false;plains;1
7481;62;228;166;land;false;plains;1
7482;78;178;209;land;false;plains;1
7483;237;255;232;land;true;plains;1
7484;242;254;217;land;false;plains;1
7485;106;236;163;land;false;plains;1
7486;252;227;122;land;false;plains;1
7487;243;177;112;land;false;plains;1
7488;248;58;244;land;false;plains;1
7489;239;151;135;land;false;plains;1
7490;214;241;253;land;false;plains;1
7491;103;249;71;land;false;plains;1
7492;218;253;210;land;false;plains;1
7493;110;251;244;land;false;plains;1
7494;230;255;226;land;true;plains;1
7495;252;236;196;land;false;plains;1
7496;253;191;159;land;false;plains;1
7497;209;174;252;land;false;plains;1
7498;220;254;252;land;false;plains;1
7499;247;252;197;land;false;plains;1
7500;211;168;254;land;false;plains;1
7501;247;112;106;land;false;plains;1
7502;252;193;236;land;false;plains;1
7503;206;194;71;land;false;plains;1
7504;255;167;242;land;true;plains;1
7505;254;83;194;land;false;plains;1
7506;245;134;34;land;true;plains;1
7507;254;253;214;land;false;plains;1
7508;248;254;255;land;false;plains;1
7509;253;208;244;land;true;plains;1
7510;248;155;129;land;false;plains;1
7511;238;252;255;land;false;plains;1
7512;229;58;100;land;false;plains;1
7513;161;237;124;land;false;plains;1
7514;204;232;34;land;false;plains;1
7515;184;207;251;land;false;plains;1
7516;251;255;252;land;false;plains;1
7517;42;214;186;land;false;plains;1
7518;160;250;169;land;false;plains;1
7519;236;246;255;land;false;plains;1
7520;250;138;221;land;false;plains;1
7521;193;234;109;land;false;plains;1
7522;249;172;216;land;true;plains;1
7523;254;207;234;land;false;plains;1
7524;234;235;255;land;false;plains;1
7525;253;104;13;land;false;plains;1
7526;68;235;157;land;false;plains;1
7527;48;49;225;land;false;plains;1
7528;253;206;236;land;false;plains;1
7529;188;248;163;land;true;plains;1
7530;251;192;228;land;false;plains;1
7531;21;246;157;land;false;plains;1
7532;225;34;251;land;false;plains;1
7533;249;88;235;land;false;plains;1
7534;68;219;37;land;false;plains;1
7535;247;15;21;land;false;plains;1
7536;253;200;225;land;false;plains;1
7537;93;253;142;land;false;plains;1
7538;240;247;255;land;false;plains;1
7539;230;249;255;land;false;plains;1
7540;253;146;140;land;false;plains;1
7541;191;245;119;land;false;plains;1
7542;254;255;253;land;false;plains;1
7543;255;176;139;land;false;plains;1
7544;218;239;85;land;false;plains;1
7545;154;215;87;land;false;plains;1
7546;48;248;66;land;false;plains;1
7547;73;233;151;land;true;plains;1
7548;111;61;252;land;true;plains;1
7549;254;234;215;land;false;plains;1
7550;90;138;241;land;true;plains;1
7551;243;210;254;land;false;plains;1
7552;240;121;69;land;false;plains;1
7553;226;188;35;land;false;plains;1
7554;255;244;234;land;true;plains;1
7555;187;252;154;land;false;plains;1
7556;226;92;151;land;false;plains;1
7557;229;109;184;land;false;plains;1
7558;245;162;161;land;false;plains;1
7559;214;254;242;land;false;plains;1
7560;111;123;248;land;false;plains;1
7561;196;234;34;land;true;plains;1
7562;132;203;64;land;false;plains;1
7563;203;253;254;land;true;plains;1
7564;110;254;95;land;false;plains;1
7565;251;181;218;land;false;plains;1
7566;181;252;191;land;false;plains;1
7567;234;250;151;land;false;plains;1
7568;210;206;254;land;false;plains;1
7569;129;242;165;land;false;plains;1
7570;254;151;132;land;false;plains;1
7571;230;255;254;land;true;plains;1
7572;224;254;199;land;false;plains;1
7573;218;210;255;land;false;plains;1
7574;169;167;254;land;true;plains;1
7575;251;135;45;land;false;plains;1
7576;74;209;87;land;false;plains;1
7577;134;38;221;land;false;plains;1
7578;135;192;250;land;true;plains;1
7579;185;251;158;land;false;plains;1
7580;247;64;165;land;true;plains;1
7581;191;254;244;land;false;plains;1
7582;253;216;209;land;false;plains;1
7583;133;238;86;land;false;plains;1
7584;32;249;235;land;true;plains;1
7585;242;150;146;land;false;plains;1
7586;253;255;105;land;false;plains;1
7587;254;232;255;land;false;plains;1
7588;209;250;157;land;false;plains;1
7589;203;111;231;land;false;plains;1
7590;57;249;158;land;true;plains;1
7591;205;255;252;land;false;plains;1
7592;247;167;252;land;false;plains;1
7593;240;128;37;land;false;plains;1
7594;255;254;231;land;false;plains;1
7595;165;165;249;land;true;plains;1
7596;119;225;233;land;false;plains;1
7597;225;246;147;land;false;plains;1
7598;83;25;245;land;false;plains;1
7599;250;238;161;land;false;plains;1
7600;245;146;241;land;false;plains;1
7601;255;236;242;land;false;plains;1
7602;253;246;198;land;false;plains;1
7603;169;217;46;land;true;plains;1
7604;228;244;40;land;false;plains;1
7605;120;235;122;land;false;plains;1
7606;221;211;78;land;false;plains;1
7607;140;114;233;land;false;plains;1
7608;114;158;241;land;false;plains;1
7609;143;244;227;land;false;plains;1
7610;242;142;207;land;false;plains;1
7611;145;240;211;land;false;plains;1
7612;186;252;225;land;false;plains;1
7613;249;107;246;land;false;plains;1
7614;54;123;242;land;false;plains;1
7615;250;254;197;land;false;plains;1
7616;252;57;40;land;false;plains;1
7617;137;213;254;land;false;plains;1
7618;227;230;90;land;false;plains;1
7619;208;254;224;land;false;plains;1
7620;229;128;58;land;false;plains;1
7621;246;255;245;land;false;plains;1
7622;245;146;120;land;false;plains;1
7623;241;34;151;land;false;plains;1
7624;178;205;75;land;false;plains;1
7625;233;113;231;land;false;plains;1
7626;143;253;215;land;true;plains;1
7627;254;230;205;land;false;plains;1
7628;221;43;222;land;false;plains;1
7629;217;226;102;land;false;plains;1
7630;31;240;105;land;false;plains;1
7631;201;253;195;land;false;plains;1
7632;221;77;45;land;true;plains;1
7633;101;222;92;land;false;plains;1
7634;160;247;162;land;false;plains;1
7635;224;91;239;land;false;plains;1
7636;208;154;250;land;false;plains;1
7637;140;254;185;land;false;plains;1
7638;249;127;97;land;false;plains;1
7639;82;125;227;land;false;plains;1
7640;79;250;221;land;false;plains;1
7641;98;255;65;land;false;plains;1
7642;87;221;202;land;false;plains;1
7643;207;255;218;land;false;plains;1
7644;207;245;87;land;false;plains;1
7645;75;235;186;land;false;plains;1
7646;184;236;255;land;false;plains;1
7647;250;134;236;land;false;plains;1
7648;173;59;196;land;false;plains;1
7649;255;242;245;land;false;plains;1
7650;126;251;172;land;false;plains;1
7651;236;44;219;land;false;plains;1
7652;248;171;198;land;true;plains;1
7653;89;125;216;land;false;plains;1
7654;190;252;219;land;false;plains;1
7655;255;254;251;land;false;plains;1
7656;199;78;254;land;false;plains;1
7657;194;225;94;land;false;plains;1
7658;200;87;249;land;false;plains;1
7659;65;240;135;land;false;plains;1
7660;142;9;248;land;false;plains;1
7661;246;158;212;land;false;plains;1
7662;214;171;247;land;false;plains;1
7663;249;110;218;land;false;plains;1
7664;255;247;255;land;false;plains;1
7665;163;247;42;land;false;plains;1
7666;91;237;231;land;true;plains;1
7667;175;252;6;land;false;plains;1
7668;174;254;159;land;false;plains;1
7669;118;242;133;land;false;plains;1
7670;134;160;248;land;false;plains;1
7671;120;182;248;land;false;plains;1
7672;60;222;148;land;false;plains;1
7673;248;165;155;land;false;plains;1
7674;19;252;207;land;false;plains;1
7675;174;238;68;land;false;plains;1
7676;188;235;252;land;false;plains;1
7677;236;90;183;land;false;plains;1
7678;178;194;251;land;false;plains;1
7679;251;43;136;land;false;plains;1
7680;231;81;31;land;false;plains;1
7681;109;223;44;land;false;plains;1
7682;224;146;90;land;false;plains;1
7683;219;103;57;land;false;plains;1
7684;217;117;88;land;false;plains;1
7685;167;223;252;land;false;plains;1
7686;93;220;145;land;false;plains;1
7687;251;252;193;land;false;plains;1
7688;217;88;109;land;false;plains;1
7689;110;102;230;land;false;plains;1
7690;221;46;65;land;true;plains;1
7691;234;83;74;land;false;plains;1
7692;222;138;81;land;false;plains;1
7693;206;54;191;land;false;plains;1
7694;73;98;221;land;false;plains;1
7695;247;157;123;land;false;plains;1
7696;160;102;234;land;false;plains;1
7697;229;165;252;land;false;plains;1
7698;255;234;229;land;false;plains;1
7699;216;247;255;land;true;plains;1
7700;255;210;204;land;true;plains;1
7701;204;223;254;land;false;plains;1
7702;195;253;169;land;false;plains;1
7703;237;108;139;land;false;plains;1
7704;193;251;70;land;false;plains;1
7705;102;250;138;land;false;plains;1
7706;210;235;255;land;false;plains;1
7707;254;102;179;land;false;plains;1
7708;45;230;64;land;false;plains;1
7709;225;254;232;land;false;plains;1
7710;215;176;62;land;false;plains;1
7711;39;244;149;land;false;plains;1
7712;255;214;227;land;false;plains;1
7713;253;55;170;land;false;plains;1
7714;249;171;250;land;false;plains;1
7715;250;143;155;land;true;plains;1
7716;225;213;254;land;false;plains;1
7717;245;175;255;land;false;plains;1
7718;178;251;226;land;false;plains;1
7719;59;219;64;land;false;plains;1
7720;255;249;244;land;false;plains;1
7721;192;203;253;land;false;plains;1
7722;252;195;217;land;false;plains;1
7723;159;249;252;land;false;plains;1
7724;171;253;185;land;false;plains;1
7725;185;251;182;land;false;plains;1
7726;83;251;46;land;false;plains;1
7727;254;204;233;land;false;plains;1
7728;72;253;149;land;false;plains;1
7729;208;206;254;land;false;plains;1
7730;178;252;213;land;false;plains;1
7731;201;252;199;land;false;plains;1
7732;254;163;230;land;false;plains;1
7733;247;109;231;land;false;plains;1
7734;255;221;235;land;true;plains;1
7735;221;75;155;land;false;plains;1
7736;228;62;163;land;false;plains;1
7737;211;74;187;land;false;plains;1
7738;210;254;245;land;false;plains;1
7739;135;250;147;land;false;plains;1
7740;231;113;95;land;false;plains;1
7741;193;251;185;land;false;plains;1
7742;208;198;62;land;false;plains;1
7743;252;198;251;land;false;plains;1
7744;167;247;209;land;false;plains;1
7745;254;242;255;land;false;plains;1
7746;77;204;69;land;false;plains;1
7747;187;237;252;land;false;plains;1
7748;74;248;253;land;false;plains;1
7749;214;234;53;land;false;plains;1
7750;252;244;255;land;true;plains;1
7751;251;144;155;land;false;plains;1
7752;240;133;170;land;false;plains;1
7753;254;211;227;land;false;plains;1
7754;255;229;239;land;false;plains;1
7755;136;247;198;land;false;plains;1
7756;240;147;51;land;false;plains;1
7757;236;212;254;land;false;plains;1
7758;250;244;189;land;false;plains;1
7759;217;252;196;land;true;plains;1
7760;254;173;225;land;false;plains;1
7761;140;205;51;land;false;plains;1
7762;68;209;182;land;false;plains;1
7763;216;254;202;land;false;plains;1
7764;176;253;177;land;true;plains;1
7765;252;237;255;land;false;plains;1
7766;71;222;176;land;false;plains;1
7767;244;227;145;land;false;plains;1
7768;190;231;108;land;false;plains;1
7769;108;190;239;land;false;plains;1
7770;219;248;255;land;false;plains;1
7771;142;81;208;land;false;plains;1
7772;143;187;243;land;false;plains;1
7773;48;180;217;land;false;plains;1
7774;244;238;255;land;false;plains;1
7775;248;69;251;land;false;plains;1
7776;217;214;255;land;false;plains;1
7777;100;223;253;land;true;plains;1
7778;228;189;252;land;false;plains;1
7779;185;242;128;land;false;plains;1
7780;237;255;216;land;false;plains;1
7781;196;255;236;land;false;plains;1
7782;214;255;239;land;false;plains;1
7783;221;254;255;land;false;plains;1
7784;123;237;200;land;false;plains;1
7785;136;199;244;land;false;plains;1
7786;236;179;255;land;false;plains;1
7787;252;224;150;land;true;plains;1
7788;243;193;121;land;false;plains;1
7789;111;72;255;land;false;plains;1
7790;150;254;146;land;false;plains;1
7791;217;229;254;land;true;plains;1
7792;207;225;34;land;false;plains;1
7793;229;139;26;land;false;plains;1
7794;181;243;249;land;false;plains;1
7795;213;233;255;land;false;plains;1
7796;254;233;228;land;false;plains;1
7797;101;230;153;land;false;plains;1
7798;133;217;253;land;false;plains;1
7799;243;255;245;land;false;plains;1
7800;210;84;115;land;false;plains;1
7801;112;253;180;land;false;plains;1
7802;246;145;176;land;false;plains;1
7803;42;137;228;land;false;plains;1
7804;242;230;138;land;false;plains;1
7805;244;255;239;land;false;plains;1
7806;182;242;120;land;false;plains;1
7807;186;238;251;land;false;plains;1
7808;242;103;207;land;false;plains;1
7809;157;61;214;land;false;plains;1
7810;119;231;187;land;false;plains;1
7811;63;248;127;land;false;plains;1
7812;166;252;219;land;false;plains;1
7813;137;214;248;land;false;plains;1
7814;207;250;255;land;false;plains;1
7815;231;215;78;land;true;plains;1
7816;132;140;239;land;false;plains;1
7817;243;153;166;land;false;plains;1
7818;241;249;255;land;false;plains;1
7819;255;255;242;land;false;plains;1
7820;44;175;216;land;false;plains;1
7821;249;239;255;land;false;plains;1
7822;140;249;191;land;false;plains;1
7823;250;163;248;land;false;plains;1
7824;71;138;213;land;false;plains;1
7825;213;253;217;land;false;plains;1
7826;255;237;255;land;false;plains;1
7827;254;229;226;land;false;plains;1
7828;244;175;252;land;false;plains;1
7829;235;253;255;land;false;plains;1
7830;249;111;153;land;false;plains;1
7831;255;240;246;land;false;plains;1
7832;254;216;243;land;false;plains;1
7833;255;235;244;land;true;plains;1
7834;213;254;253;land;false;plains;1
7835;249;166;231;land;false;plains;1
7836;255;217;225;land;false;plains;1
7837;80;223;218;land;false;plains;1
7838;247;233;255;land;false;plains;1
7839;184;52;235;land;false;plains;1
7840;194;225;253;land;false;plains;1
7841;184;227;250;land;true;plains;1
7842;187;244;143;land;false;plains;1
7843;209;224;104;land;false;plains;1
7844;209;81;205;land;false;plains;1
7845;245;137;251;land;false;plains;1
7846;239;157;103;land;true;plains;1
7847;255;245;251;land;false;plains;1
7848;202;252;242;land;false;plains;1
7849;234;36;183;land;false;plains;1
7850;95;154;234;land;false;plains;1
7851;237;234;255;land;false;plains;1
7852;69;200;64;land;false;plains;1
7853;49;212;134;land;false;plains;1
7854;154;113;236;land;false;plains;1
7855;173;254;207;land;false;plains;1
7856;109;243;125;land;false;plains;1
7857;244;147;158;land;false;plains;1
7858;207;65;90;land;false;plains;1
7859;131;241;218;land;false;plains;1
7860;40;238;134;land;false;plains;1
7861;255;231;187;land;false;plains;1
7862;197;233;45;land;false;plains;1
7863;225;98;113;land;false;plains;1
7864;243;255;249;land;false;plains;1
7865;62;231;57;land;false;plains;1
7866;203;99;253;land;false;plains;1
7867;255;250;249;land;false;plains;1
7868;174;251;249;land;false;plains;1
7869;242;108;121;land;false;plains;1
7870;202;55;142;land;false;plains;1
7871;171;163;251;land;true;plains;1
7872;224;167;106;land;false;plains;1
7873;216;245;94;land;false;plains;1
7874;202;241;255;land;false;plains;1
7875;143;194;241;land;true;plains;1
7876;253;245;171;land;false;plains;1
7877;238;255;183;land;false;plains;1
7878;249;218;173;land;false;plains;1
7879;62;228;225;land;false;plains;1
7880;196;249;155;land;false;plains;1
7881;193;251;161;land;false;plains;1
7882;225;253;210;land;false;plains;1
7883;195;246;78;land;false;plains;1
7884;208;56;89;land;false;plains;1
7885;249;165;217;land;false;plains;1
7886;254;228;160;land;false;plains;1
7887;163;254;170;land;false;plains;1
7888;236;255;152;land;false;plains;1
7889;200;72;57;land;false;plains;1
7890;253;206;208;land;true;plains;1
7891;180;207;254;land;false;plains;1
7892;242;219;116;land;false;plains;1
7893;241;231;105;land;false;plains;1
7894;172;252;208;land;false;plains;1
7895;243;136;252;land;false;plains;1
7896;255;237;243;land;false;plains;1
7897;242;243;255;land;false;plains;1
7898;254;206;209;land;false;plains;1
7899;254;229;214;land;false;plains;1
7900;119;243;26;land;true;plains;1
7901;177;243;254;land;false;plains;1
7902;229;217;100;land;false;plains;1
7903;232;68;34;land;false;plains;1
7904;203;167;248;land;false;plains;1
7905;226;88;189;land;false;plains;1
7906;246;254;69;land;false;plains;1
7907;193;253;167;land;false;plains;1
7908;52;240;120;land;false;plains;1
7909;242;87;211;land;false;plains;1
7910;240;57;42;land;true;plains;1
7911;251;255;161;land;false;plains;1
7912;244;253;255;land;true;plains;1
7913;154;231;66;land;false;plains;1
7914;251;191;140;land;true;plains;1
7915;208;240;253;land;false;plains;1
7916;233;66;140;land;false;plains;1
7917;109;142;230;land;false;plains;1
7918;206;245;162;land;false;plains;1
7919;69;70;208;land;false;plains;1
7920;244;99;179;land;true;plains;1
7921;252;186;179;land;false;plains;1
7922;122;190;243;land;false;plains;1
7923;229;200;252;land;false;plains;1
7924;253;123;171;land;false;plains;1
7925;244;113;198;land;false;plains;1
7926;163;247;255;land;false;plains;1
7927;65;127;236;land;false;plains;1
7928;251;181;150;land;false;plains;1
7929;253;227;168;land;false;plains;1
7930;237;162;249;land;false;plains;1
7931;148;145;249;land;true;plains;1
7932;117;243;168;land;false;plains;1
7933;212;248;134;land;false;plains;1
7934;255;30;137;land;false;plains;1
7935;140;112;244;land;false;plains;1
7936;206;167;248;land;false;plains;1
7937;250;255;249;land;false;plains;1
7938;224;73;218;land;false;plains;1
7939;85;198;229;land;false;plains;1
7940;237;136;194;land;false;plains;1
7941;169;217;249;land;false;plains;1
7942;248;234;177;land;false;plains;1
7943;254;233;220;land;false;plains;1
7944;159;255;150;land;false;plains;1
7945;112;245;101;land;false;plains;1
7946;251;190;248;land;false;plains;1
7947;255;250;237;land;false;plains;1
7948;119;150;249;land;false;plains;1
7949;219;254;250;land;false;plains;1
7950;250;194;48;land;false;plains;1
7951;253;230;175;land;false;plains;1
7952;244;137;169;land;false;plains;1
7953;254;179;171;land;false;plains;1
7954;52;240;243;land;false;plains;1
7955;172;249;224;land;false;plains;1
7956;72;190;251;land;true;plains;1
7957;255;232;233;land;false;plains;1
7958;216;204;254;land;false;plains;1
7959;254;248;218;land;false;plains;1
7960;219;71;54;land;false;plains;1
7961;226;235;100;land;false;plains;1
7962;139;254;179;land;false;plains;1
7963;128;230;102;land;false;plains;1
7964;253;242;185;land;false;plains;1
7965;74;227;102;land;true;plains;1
7966;184;182;253;land;false;plains;1
7967;231;251;183;land;false;plains;1
7968;244;116;62;land;false;plains;1
7969;65;145;194;land;false;plains;1
7970;237;89;242;land;false;plains;1
7971;69;110;226;land;false;plains;1
7972;255;255;234;land;false;plains;1
7973;253;139;204;land;false;plains;1
7974;255;237;231;land;false;plains;1
7975;252;249;145;land;false;plains;1
7976;255;240;238;land;true;plains;1
7977;215;254;252;land;false;plains;1
7978;188;251;211;land;false;plains;1
7979;60;240;200;land;false;plains;1
7980;218;112;230;land;true;plains;1
7981;61;38;229;land;false;plains;1
7982;224;123;234;land;false;plains;1
7983;110;238;50;land;false;plains;1
7984;68;217;157;land;false;plains;1
7985;71;234;91;land;false;plains;1
7986;246;50;53;land;false;plains;1
7987;137;252;205;land;false;plains;1
7988;200;252;207;land;false;plains;1
7989;255;246;199;land;false;plains;1
7990;86;239;106;land;false;plains;1
7991;254;226;227;land;false;plains;1
7992;159;122;248;land;false;plains;1
7993;235;254;224;land;false;plains;1
7994;204;171;68;land;true;plains;1
7995;135;249;138;land;false;plains;1
7996;247;37;37;land;false;plains;1
7997;214;146;64;land;false;plains;1
7998;252;196;251;land;false;plains;1
7999;235;182;36;land;false;plains;1
8000;254;203;219;land;true;plains;1
8001;235;124;241;land;false;plains;1
8002;237;249;255;land;false;plains;1
8003;42;227;55;land;false;plains;1
8004;237;137;165;land;false;plains;1
8005;106;71;248;land;false;plains;1
8006;214;173;250;land;false;plains;1
8007;211;244;156;land;true;plains;1
8008;244;217;145;land;false;plains;1
8009;229;71;233;land;false;plains;1
8010;221;254;219;land;false;plains;1
8011;147;83;239;land;false;plains;1
8012;139;180;250;land;false;plains;1
8013;228;30;207;land;false;plains;1
8014;232;192;253;land;false;plains;1
8015;90;109;250;land;false;plains;1
8016;148;244;228;land;false;plains;1
8017;138;78;217;land;false;plains;1
8018;254;231;228;land;true;plains;1
8019;223;250;155;land;false;plains;1
8020;239;102;118;land;false;plains;1
8021;94;161;242;land;false;plains;1
8022;98;216;92;land;true;plains;1
8023;255;225;221;land;false;plains;1
8024;254;218;255;land;true;plains;1
8025;85;234;61;land;false;plains;1
8026;91;167;239;land;false;plains;1
8027;80;69;203;land;true;plains;1
8028;84;225;236;land;false;plains;1
8029;129;245;235;land;false;plains;1
8030;253;201;225;land;false;plains;1
8031;245;161;212;land;false;plains;1
8032;185;165;248;land;false;plains;1
8033;248;91;96;land;false;plains;1
8034;234;163;30;land;false;plains;1
8035;134;253;69;land;false;plains;1
8036;165;239;136;land;false;plains;1
8037;208;83;208;land;false;plains;1
8038;87;253;67;land;false;plains;1
8039;249;129;159;land;false;plains;1
8040;85;213;214;land;false;plains;1
8041;219;227;255;land;false;plains;1
8042;105;180;233;land;false;plains;1
8043;254;181;221;land;false;plains;1
8044;249;193;170;land;false;plains;1
8045;116;236;213;land;false;plains;1
8046;196;156;252;land;false;plains;1
8047;251;154;238;land;false;plains;1
8048;28;225;244;land;false;plains;1
8049;157;215;254;land;true;plains;1
8050;219;248;86;land;false;plains;1
8051;254;221;87;land;false;plains;1
8052;226;48;85;land;false;plains;1
8053;203;55;224;land;false;plains;1
8054;247;81;226;land;false;plains;1
8055;189;203;252;land;false;plains;1
8056;74;223;73;land;true;plains;1
8057;220;106;77;land;false;plains;1
8058;255;241;253;land;false;plains;1
8059;195;252;145;land;false;plains;1
8060;85;233;103;land;true;plains;1
8061;186;56;237;land;false;plains;1
8062;144;80;242;land;false;plains;1
8063;249;169;152;land;false;plains;1
8064;212;171;74;land;true;plains;1
8065;218;102;88;land;true;plains;1
8066;69;177;199;land;false;plains;1
8067;249;180;176;land;false;plains;1
8068;229;255;254;land;false;plains;1
8069;163;228;247;land;false;plains;1
8070;236;197;132;land;false;plains;1
8071;218;77;221;land;false;plains;1
8072;64;202;136;land;false;plains;1
8073;243;77;91;land;false;plains;1
8074;255;246;251;land;false;plains;1
8075;251;139;66;land;false;plains;1
8076;69;101;215;land;false;plains;1
8077;206;77;170;land;false;plains;1
8078;112;243;178;land;false;plains;1
8079;90;247;129;land;false;plains;1
8080;199;188;254;land;false;plains;1
8081;146;251;166;land;false;plains;1
8082;221;116;86;land;false;plains;1
8083;225;245;12;land;false;plains;1
8084;253;248;213;land;false;plains;1
8085;152;184;253;land;false;plains;1
8086;254;246;210;land;false;plains;1
8087;135;245;128;land;false;plains;1
8088;66;203;147;land;false;plains;1
8089;110;241;135;land;true;plains;1
8090;225;52;247;land;false;plains;1
8091;215;129;245;land;false;plains;1
8092;216;230;254;land;false;plains;1
8093;250;183;146;land;false;plains;1
8094;132;226;242;land;false;plains;1
8095;254;129;86;land;false;plains;1
8096;249;115;18;land;false;plains;1
8097;224;246;255;land;false;plains;1
8098;251;135;121;land;false;plains;1
8099;180;249;146;land;false;plains;1
8100;255;233;237;land;false;plains;1
8101;254;233;180;land;false;plains;1
8102;254;225;229;land;false;plains;1
8103;223;48;160;land;false;plains;1
8104;143;250;95;land;false;plains;1
8105;230;243;92;land;false;plains;1
8106;229;29;207;land;false;plains;1
8107;224;255;224;land;false;plains;1
8108;242;83;225;land;false;plains;1
8109;226;233;255;land;false;plains;1
8110;93;232;135;land;false;plains;1
8111;53;34;227;land;false;plains;1
8112;112;162;234;land;true;plains;1
8113;77;189;250;land;false;plains;1
8114;147;245;67;land;false;plains;1
8115;161;159;246;land;false;plains;1
8116;116;255;220;land;false;plains;1
8117;138;251;192;land;false;plains;1
8118;245;81;26;land;false;plains;1
8119;210;211;254;land;false;plains;1
8120;247;255;225;land;false;plains;1
8121;250;220;97;land;false;plains;1
8122;90;222;97;land;true;plains;1
8123;254;223;237;land;true;plains;1
8124;223;172;248;land;false;plains;1
8125;250;168;204;land;false;plains;1
8126;215;199;252;land;false;plains;1
8127;169;49;248;land;false;plains;1
8128;255;241;241;land;false;plains;1
8129;72;173;210;land;false;plains;1
8130;151;68;202;land;false;plains;1
8131;238;104;80;land;true;plains;1
8132;246;20;245;land;false;plains;1
8133;161;245;249;land;false;plains;1
8134;248;125;133;land;false;plains;1
8135;221;232;109;land;false;plains;1
8136;254;253;255;land;false;plains;1
8137;28;255;79;land;false;plains;1
8138;245;227;133;land;false;plains;1
8139;245;198;254;land;false;plains;1
8140;255;248;233;land;false;plains;1
8141;229;255;226;land;false;plains;1
8142;228;254;218;land;false;plains;1
8143;160;167;250;land;false;plains;1
8144;250;128;122;land;false;plains;1
8145;255;52;127;land;false;plains;1
8146;219;132;73;land;false;plains;1
8147;54;45;245;land;false;plains;1
8148;255;246;239;land;false;plains;1
8149;244;253;211;land;false;plains;1
8150;251;239;144;land;false;plains;1
8151;209;244;253;land;false;plains;1
8152;253;199;219;land;false;plains;1
8153;68;163;199;land;false;plains;1
8154;107;254;203;land;false;plains;1
8155;254;223;86;land;false;plains;1
8156;151;142;253;land;false;plains;1
8157;116;72;232;land;false;plains;1
8158;250;203;166;land;false;plains;1
8159;252;252;255;land;false;plains;1
8160;251;208;186;land;false;plains;1
8161;251;160;159;land;false;plains;1
8162;230;86;115;land;false;plains;1
8163;125;115;241;land;false;plains;1
8164;250;251;255;land;false;plains;1
8165;251;181;186;land;false;plains;1
8166;130;244;229;land;false;plains;1
8167;255;253;239;land;false;plains;1
8168;159;241;104;land;false;plains;1
8169;207;254;245;land;false;plains;1
8170;248;222;255;land;false;plains;1
8171;154;84;216;land;false;plains;1
8172;238;81;100;land;false;plains;1
8173;254;182;181;land;false;plains;1
8174;245;251;138;land;false;plains;1
8175;138;246;167;land;false;plains;1
8176;244;223;255;land;true;plains;1
8177;232;255;231;land;false;plains;1
8178;35;228;93;land;false;plains;1
8179;215;252;254;land;false;plains;1
8180;232;210;254;land;false;plains;1
8181;111;202;70;land;false;plains;1
8182;255;233;249;land;false;plains;1
8183;172;253;244;land;false;plains;1
8184;218;250;133;land;false;plains;1
8185;247;204;252;land;true;plains;1
8186;236;215;254;land;false;plains;1
8187;242;171;41;land;false;plains;1
8188;143;251;193;land;false;plains;1
8189;229;216;254;land;false;plains;1
8190;174;129;241;land;false;plains;1
8191;90;249;102;land;false;plains;1
8192;255;195;212;land;false;plains;1
8193;228;102;160;land;true;plains;1
8194;150;243;191;land;false;plains;1
8195;203;226;31;land;true;plains;1
8196;120;235;196;land;false;plains;1
8197;247;255;253;land;true;plains;1
8198;83;198;212;land;false;plains;1
8199;254;223;209;land;false;plains;1
8200;232;130;237;land;true;plains;1
8201;76;215;161;land;false;plains;1
8202;228;196;251;land;false;plains;1
8203;217;253;255;land;false;plains;1
8204;195;255;178;land;true;plains;1
8205;254;217;218;land;false;plains;1
8206;245;192;116;land;false;plains;1
8207;252;226;172;land;false;plains;1
8208;141;248;207;land;false;plains;1
8209;204;247;166;land;false;plains;1
8210;53;253;222;land;false;plains;1
8211;118;140;232;land;false;plains;1
8212;236;207;90;land;false;plains;1
8213;158;241;129;land;false;plains;1
8214;120;255;126;land;false;plains;1
8215;150;244;221;land;false;plains;1
8216;84;251;169;land;false;plains;1
8217;247;149;213;land;false;plains;1
8218;253;189;172;land;false;plains;1
8219;244;220;254;land;false;plains;1
8220;46;176;222;land;false;plains;1
8221;69;47;249;land;false;plains;1
8222;249;252;255;land;false;plains;1
8223;235;80;250;land;false;plains;1
8224;255;246;227;land;false;plains;1
8225;248;138;178;land;false;plains;1
8226;167;252;239;land;false;plains;1
8227;140;246;30;land;false;plains;1
8228;253;163;237;land;false;plains;1
8229;134;250;98;land;true;plains;1
8230;198;244;253;land;true;plains;1
8231;235;158;85;land;false;plains;1
8232;123;237;128;land;false;plains;1
8233;255;253;251;land;true;plains;1
8234;99;106;235;land;false;plains;1
8235;244;133;86;land;false;plains;1
8236;109;228;178;land;false;plains;1
8237;141;92;220;land;false;plains;1
8238;53;247;166;land;false;plains;1
8239;166;120;251;land;false;plains;1
8240;232;255;235;land;false;plains;1
8241;255;251;222;land;false;plains;1
8242;61;233;229;land;false;plains;1
8243;153;241;116;land;false;plains;1
8244;240;190;253;land;false;plains;1
8245;239;253;255;land;false;plains;1
8246;209;252;80;land;true;plains;1
8247;218;44;237;land;false;plains;1
8248;253;193;214;land;false;plains;1
8249;151;249;235;land;false;plains;1
8250;207;105;231;land;false;plains;1
8251;246;116;235;land;false;plains;1
8252;137;223;245;land;false;plains;1
8253;128;179;249;land;false;plains;1
8254;58;232;243;land;false;plains;1
8255;238;255;243;land;false;plains;1
8256;244;121;203;land;false;plains;1
8257;249;195;76;land;false;plains;1
8258;30;252;185;land;false;plains;1
8259;247;136;156;land;false;plains;1
8260;234;100;129;land;false;plains;1
8261;130;246;148;land;false;plains;1
8262;187;187;251;land;false;plains;1
8263;95;230;120;land;false;plains;1
8264;14;156;244;land;false;plains;1
8265;41;233;130;land;false;plains;1
8266;245;255;222;land;false;plains;1
8267;95;245;159;land;false;plains;1
8268;155;213;54;land;true;plains;1
8269;251;78;242;land;false;plains;1
8270;92;231;144;land;false;plains;1
8271;175;215;250;land;false;plains;1
8272;186;242;68;land;false;plains;1
8273;60;86;232;land;false;plains;1
8274;215;76;122;land;false;plains;1
8275;184;119;236;land;false;plains;1
8276;30;148;243;land;true;plains;1
8277;149;241;249;land;false;plains;1
8278;75;144;218;land;false;plains;1
8279;206;74;180;land;false;plains;1
8280;248;211;145;land;false;plains;1
8281;240;252;193;land;false;plains;1
8282;239;87;231;land;false;plains;1
8283;74;220;179;land;false;plains;1
8284;83;190;219;land;false;plains;1
8285;244;245;255;land;false;plains;1
8286;97;192;245;land;false;plains;1
8287;152;204;250;land;false;plains;1
8288;173;85;245;land;false;plains;1
8289;219;222;255;land;false;plains;1
8290;202;254;212;land;false;plains;1
8291;98;242;215;land;false;plains;1
8292;193;250;181;land;true;plains;1
8293;165;216;87;land;false;plains;1
8294;173;254;151;land;false;plains;1
8295;72;158;203;land;false;plains;1
8296;242;247;145;land;false;plains;1
8297;248;244;255;land;false;plains;1
8298;62;25;253;land;false;plains;1
8299;254;255;250;land;false;plains;1
8300;252;237;196;land;false;plains;1
8301;216;254;229;land;false;plains;1
8302;114;231;164;land;false;plains;1
8303;164;235;46;land;false;plains;1
8304;136;248;234;land;false;plains;1
8305;252;195;185;land;false;plains;1
8306;198;253;241;land;false;plains;1
8307;209;217;255;land;false;plains;1
8308;244;253;188;land;false;plains;1
8309;222;255;231;land;false;plains;1
8310;197;254;163;land;false;plains;1
8311;255;244;235;land;false;plains;1
8312;164;253;161;land;false;plains;1
8313;250;254;210;land;false;plains;1
8314;227;106;170;land;false;plains;1
8315;145;122;249;land;false;plains;1
8316;139;250;209;land;false;plains;1
8317;249;189;116;land;false;plains;1
8318;248;208;169;land;false;plains;1
8319;248;253;255;land;false;plains;1
8320;117;244;233;land;true;plains;1
8321;234;87;158;land;false;plains;1
8322;152;101;249;land;false;plains;1
8323;198;185;253;land;false;plains;1
8324;255;147;125;land;false;plains;1
8325;242;254;214;land;false;plains;1
8326;249;148;173;land;false;plains;1
8327;193;251;89;land;false;plains;1
8328;77;168;253;land;false;plains;1
8329;188;252;145;land;false;plains;1
8330;129;172;249;land;false;plains;1
8331;92;230;113;land;false;plains;1
8332;58;237;129;land;false;plains;1
8333;225;254;215;land;false;plains;1
8334;186;51;216;land;false;plains;1
8335;165;253;149;land;false;plains;1
8336;241;214;254;land;false;plains;1
8337;41;225;228;land;false;plains;1
8338;252;246;194;land;true;plains;1
8339;138;174;240;land;false;plains;1
8340;240;241;255;land;true;plains;1
8341;232;58;126;land;false;plains;1
8342;191;253;216;land;false;plains;1
8343;245;255;194;land;false;plains;1
8344;227;227;103;land;false;plains;1
8345;250;222;165;land;false;plains;1
8346;88;250;229;land;false;plains;1
8347;210;66;71;land;false;plains;1
8348;252;231;193;land;false;plains;1
8349;98;152;222;land;false;plains;1
8350;255;219;255;land;false;plains;1
8351;252;248;184;land;false;plains;1
8352;251;237;87;land;false;plains;1
8353;161;249;167;land;false;plains;1
8354;113;158;235;land;false;plains;1
8355;251;193;165;land;false;plains;1
8356;255;254;230;land;true;plains;1
8357;219;68;64;land;false;plains;1
8358;134;217;239;land;false;plains;1
8359;253;223;194;land;false;plains;1
8360;74;251;102;land;false;plains;1
8361;236;145;35;land;false;plains;1
8362;233;250;182;land;false;plains;1
8363;253;215;152;land;false;plains;1
8364;234;254;228;land;false;plains;1
8365;222;126;97;land;false;plains;1
8366;224;132;243;land;false;plains;1
8367;115;220;253;land;false;plains;1
8368;250;174;213;land;true;plains;1
8369;234;120;227;land;false;plains;1
8370;99;168;248;land;true;plains;1
8371;231;202;252;land;false;plains;1
8372;253;158;169;land;false;plains;1
8373;255;148;147;land;false;plains;1
8374;40;121;218;land;false;plains;1
8375;243;238;81;land;false;plains;1
8376;202;254;224;land;false;plains;1
8377;245;228;255;land;false;plains;1
8378;236;80;113;land;false;plains;1
8379;167;253;187;land;false;plains;1
8380;243;123;40;land;false;plains;1
8381;252;193;146;land;false;plains;1
8382;123;242;240;land;false;plains;1
8383;241;247;255;land;false;plains;1
8384;148;239;83;land;false;plains;1
8385;245;142;242;land;false;plains;1
8386;250;247;121;land;false;plains;1
8387;58;243;98;land;true;plains;1
8388;205;224;254;land;false;plains;1
8389;253;146;243;land;false;plains;1
8390;38;51;249;land;false;plains;1
8391;251;178;187;land;false;plains;1
8392;60;248;67;land;false;plains;1
8393;58;158;226;land;false;plains;1
8394;176;77;242;land;false;plains;1
8395;45;133;251;land;false;plains;1
8396;247;250;255;land;false;plains;1
8397;244;189;157;land;false;plains;1
8398;95;234;32;land;false;plains;1
8399;250;175;209;land;false;plains;1
8400;235;225;255;land;true;plains;1
8401;254;226;164;land;true;plains;1
8402;216;90;206;land;false;plains;1
8403;138;140;253;land;false;plains;1
8404;181;238;251;land;false;plains;1
8405;201;114;247;land;false;plains;1
8406;255;205;212;land;false;plains;1
8407;172;119;235;land;false;plains;1
8408;239;251;255;land;true;plains;1
8409;72;232;239;land;true;plains;1
8410;78;140;235;land;false;plains;1
8411;132;62;228;land;false;plains;1
8412;147;253;72;land;false;plains;1
8413;230;132;40;land;false;plains;1
8414;242;254;226;land;false;plains;1
8415;88;249;192;land;false;plains;1
8416;199;254;105;land;false;plains;1
8417;81;122;250;land;false;plains;1
8418;255;236;126;land;false;plains;1
8419;66;44;215;land;false;plains;1
8420;75;81;217;land;false;plains;1
8421;191;253;212;land;false;plains;1
8422;255;249;249;land;false;plains;1
8423;68;211;249;land;false;plains;1
8424;232;162;115;land;false;plains;1
8425;239;254;221;land;false;plains;1
8426;207;255;217;land;false;plains;1
8427;50;52;209;land;false;plains;1
8428;223;79;228;land;true;plains;1
8429;229;117;228;land;true;plains;1
8430;189;159;245;land;false;plains;1
8431;227;70;119;land;false;plains;1
8432;223;248;255;land;false;plains;1
8433;255;242;244;land;false;plains;1
8434;212;225;65;land;false;plains;1
8435;253;203;249;land;false;plains;1
8436;133;202;62;land;false;plains;1
8437;166;138;249;land;false;plains;1
8438;246;116;136;land;false;plains;1
8439;101;167;236;land;false;plains;1
8440;245;219;137;land;false;plains;1
8441;211;249;161;land;false;plains;1
8442;208;153;248;land;false;plains;1
8443;127;213;71;land;false;plains;1
8444;244;255;246;land;false;plains;1
8445;180;221;97;land;false;plains;1
8446;253;205;202;land;true;plains;1
8447;238;218;40;land;false;plains;1
8448;247;167;203;land;false;plains;1
8449;254;6;168;land;false;plains;1
8450;255;254;250;land;false;plains;1
8451;215;132;255;land;false;plains;1
8452;120;130;249;land;false;plains;1
8453;156;50;230;land;false;plains;1
8454;255;236;231;land;false;plains;1
8455;233;188;252;land;false;plains;1
8456;216;204;51;land;false;plains;1
8457;255;247;254;land;false;plains;1
8458;241;78;119;land;false;plains;1
8459;149;254;187;land;false;plains;1
8460;157;243;35;land;false;plains;1
8461;187;167;249;land;false;plains;1
8462;251;173;173;land;false;plains;1
8463;254;211;238;land;false;plains;1
8464;46;253;16;land;false;plains;1
8465;125;243;219;land;true;plains;1
8466;255;99;174;land;true;plains;1
8467;177;213;62;land;false;plains;1
8468;246;213;149;land;false;plains;1
8469;129;251;126;land;false;plains;1
8470;182;252;219;land;false;plains;1
8471;216;254;253;land;false;plains;1
8472;166;251;186;land;true;plains;1
8473;254;167;193;land;true;plains;1
8474;197;215;254;land;false;plains;1
8475;155;236;117;land;true;plains;1
8476;246;133;121;land;false;plains;1
8477;157;190;246;land;true;plains;1
8478;150;226;81;land;false;plains;1
8479;232;241;255;land;false;plains;1
8480;234;53;139;land;false;plains;1
8481;213;254;214;land;false;plains;1
8482;160;220;61;land;false;plains;1
8483;35;103;231;land;false;plains;1
8484;165;244;145;land;false;plains;1
8485;65;214;219;land;false;plains;1
8486;218;236;254;land;false;plains;1
8487;85;228;196;land;false;plains;1
8488;255;234;228;land;false;plains;1
8489;242;194;115;land;false;plains;1
8490;217;185;252;land;false;plains;1
8491;237;255;203;land;false;plains;1
8492;222;254;184;land;true;plains;1
8493;115;229;216;land;false;plains;1
8494;215;214;254;land;false;plains;1
8495;253;221;148;land;false;plains;1
8496;254;221;239;land;false;plains;1
8497;86;137;211;land;false;plains;1
8498;230;236;255;land;false;plains;1
8499;172;254;136;land;false;plains;1
8500;254;96;146;land;false;plains;1
8501;250;161;180;land;false;plains;1
8502;186;107;242;land;false;plains;1
8503;57;17;241;land;false;plains;1
8504;246;45;191;land;false;plains;1
8505;157;142;243;land;false;plains;1
8506;253;196;208;land;false;plains;1
8507;58;114;218;land;false;plains;1
8508;39;225;232;land;false;plains;1
8509;225;79;45;land;false;plains;1
8510;189;114;248;land;true;plains;1
8511;117;241;187;land;false;plains;1
8512;91;240;140;land;false;plains;1
8513;217;254;239;land;false;plains;1
8514;247;101;194;land;false;plains;1
8515;247;64;186;land;false;plains;1
8516;168;239;129;land;false;plains;1
8517;228;37;98;land;false;plains;1
8518;221;115;95;land;false;plains;1
8519;250;147;198;land;true;plains;1
8520;252;49;161;land;false;plains;1
8521;218;250;120;land;false;plains;1
8522;252;248;144;land;false;plains;1
8523;72;210;54;land;false;plains;1
8524;234;89;94;land;true;plains;1
8525;125;151;247;land;false;plains;1
8526;203;201;254;land;false;plains;1
8527;60;161;231;land;false;plains;1
8528;248;98;224;land;false;plains;1
8529;220;220;254;land;true;plains;1
8530;56;245;179;land;false;plains;1
8531;248;79;241;land;false;plains;1
8532;255;236;235;land;false;plains;1
8533;177;144;252;land;false;plains;1
8534;225;117;232;land;false;plains;1
8535;72;53;253;land;false;plains;1
8536;241;195;119;land;true;plains;1
8537;76;174;209;land;true;plains;1
8538;239;252;202;land;false;plains;1
8539;204;244;105;land;false;plains;1
8540;244;177;112;land;false;plains;1
8541;197;252;190;land;false;plains;1
8542;176;253;174;land;true;plains;1
8543;204;203;255;land;true;plains;1
8544;251;153;167;land;false;plains;1
8545;240;59;249;land;false;plains;1
8546;251;201;253;land;false;plains;1
8547;67;181;251;land;false;plains;1
8548;240;121;102;land;false;plains;1
8549;220;214;253;land;false;plains;1
8550;39;239;70;land;false;plains;1
8551;250;190;201;land;false;plains;1
8552;250;197;189;land;false;plains;1
8553;246;255;220;land;false;plains;1
8554;241;204;64;land;false;plains;1
8555;254;236;219;land;false;plains;1
8556;60;227;166;land;false;plains;1
8557;252;250;255;land;false;plains;1
8558;197;251;254;land;false;plains;1
8559;134;243;102;land;false;plains;1
8560;214;208;253;land;false;plains;1
8561;137;138;242;land;false;plains;1
8562;253;197;190;land;false;plains;1
8563;250;249;255;land;false;plains;1
8564;111;241;22;land;true;plains;1
8565;228;222;254;land;false;plains;1
8566;251;212;159;land;true;plains;1
8567;246;248;255;land;false;plains;1
8568;97;240;166;land;false;plains;1
8569;248;145;178;land;false;plains;1
8570;133;236;194;land;false;plains;1
8571;148;254;252;land;false;plains;1
8572;167;242;26;land;false;plains;1
8573;224;209;253;land;true;plains;1
8574;245;104;89;land;false;plains;1
8575;132;242;126;land;false;plains;1
8576;179;243;153;land;false;plains;1
8577;240;75;166;land;false;plains;1
8578;236;186;252;land;false;plains;1
8579;243;255;244;land;false;plains;1
8580;219;133;236;land;false;plains;1
8581;237;254;223;land;false;plains;1
8582;241;135;72;land;false;plains;1
8583;229;224;255;land;false;plains;1
8584;66;80;234;land;false;plains;1
8585;219;96;165;land;true;plains;1
8586;247;142;234;land;false;plains;1
8587;100;248;137;land;false;plains;1
8588;126;253;218;land;false;plains;1
8589;250;121;202;land;false;plains;1
8590;11;250;73;land;false;plains;1
8591;161;237;47;land;false;plains;1
8592;174;224;254;land;false;plains;1
8593;144;118;233;land;false;plains;1
8594;249;104;97;land;false;plains;1
8595;201;144;254;land;true;plains;1
8596;251;228;191;land;false;plains;1
8597;114;92;221;land;false;plains;1
8598;227;255;252;land;false;plains;1
8599;249;179;232;land;false;plains;1
8600;134;180;241;land;false;plains;1
8601;226;235;79;land;false;plains;1
8602;145;243;176;land;true;plains;1
8603;219;231;254;land;false;plains;1
8604;249;245;164;land;false;plains;1
8605;182;245;251;land;false;plains;1
8606;245;100;69;land;false;plains;1
8607;182;173;250;land;false;plains;1
8608;210;255;131;land;false;plains;1
8609;247;253;125;land;false;plains;1
8610;223;245;254;land;false;plains;1
8611;250;229;142;land;false;plains;1
8612;46;20;244;land;false;plains;1
8613;255;255;245;land;false;plains;1
8614;144;88;217;land;false;plains;1
8615;130;236;217;land;true;plains;1
8616;216;241;119;land;false;plains;1
8617;252;255;248;land;false;plains;1
8618;229;234;254;land;false;plains;1
8619;246;213;253;land;false;plains;1
8620;233;245;164;land;false;plains;1
8621;255;227;220;land;false;plains;1
8622;85;227;223;land;false;plains;1
8623;144;243;179;land;false;plains;1
8624;255;235;251;land;false;plains;1
8625;254;78;148;land;false;plains;1
8626;110;246;224;land;false;plains;1
8627;251;244;255;land;false;plains;1
8628;213;254;254;land;false;plains;1
8629;248;175;190;land;false;plains;1
8630;249;166;230;land;false;plains;1
8631;195;242;119;land;false;plains;1
8632;252;243;142;land;false;plains;1
8633;248;183;145;land;false;plains;1
8634;117;248;214;land;false;plains;1
8635;235;254;217;land;false;plains;1
8636;222;166;95;land;false;plains;1
8637;245;162;242;land;false;plains;1
8638;255;252;255;land;true;plains;1
8639;252;204;199;land;false;plains;1
8640;255;226;186;land;false;plains;1
8641;252;180;186;land;false;plains;1
8642;253;254;255;land;false;plains;1
8643;239;117;52;land;true;plains;1
8644;96;242;194;land;false;plains;1
8645;254;141;169;land;false;plains;1
8646;200;121;252;land;false;plains;1
8647;80;177;229;land;false;plains;1
8648;37;230;151;land;false;plains;1
8649;189;201;254;land;false;plains;1
8650;232;189;83;land;false;plains;1
8651;187;41;236;land;false;plains;1
8652;133;220;92;land;false;plains;1
8653;216;241;254;land;false;plains;1
8654;159;248;161;land;false;plains;1
8655;204;253;189;land;false;plains;1
8656;124;253;171;land;false;plains;1
8657;47;92;231;land;false;plains;1
8658;250;255;234;land;false;plains;1
8659;143;254;215;land;false;plains;1
8660;255;249;221;land;true;plains;1
8661;195;252;241;land;false;plains;1
8662;180;249;191;land;false;plains;1
8663;215;83;124;land;false;plains;1
8664;154;251;234;land;false;plains;1
8665;207;255;245;land;false;plains;1
8666;227;145;253;land;true;plains;1
8667;255;250;254;land;false;plains;1
8668;38;42;254;land;false;plains;1
8669;243;142;121;land;false;plains;1
8670;119;53;232;land;false;plains;1
8671;247;16;212;land;false;plains;1
8672;210;228;255;land;false;plains;1
8673;204;98;246;land;false;plains;1
8674;96;243;178;land;false;plains;1
8675;248;92;245;land;false;plains;1
8676;249;172;157;land;false;plains;1
8677;252;58;127;land;false;plains;1
8678;90;214;116;land;false;plains;1
8679;246;127;106;land;false;plains;1
8680;115;247;166;land;true;plains;1
8681;117;130;252;land;false;plains;1
8682;116;246;174;land;false;plains;1
8683;197;253;247;land;false;plains;1
8684;102;254;137;land;false;plains;1
8685;196;253;190;land;false;plains;1
8686;211;160;249;land;false;plains;1
8687;98;44;236;land;false;plains;1
8688;139;210;249;land;false;plains;1
8689;255;255;249;land;false;plains;1
8690;246;175;161;land;false;plains;1
8691;240;39;51;land;false;plains;1
8692;245;158;115;land;false;plains;1
8693;107;226;169;land;false;plains;1
8694;72;192;239;land;false;plains;1
8695;255;237;244;land;false;plains;1
8696;163;250;193;land;false;plains;1
8697;254;229;215;land;false;plains;1
8698;179;177;255;land;false;plains;1
8699;125;181;251;land;true;plains;1
8700;244;105;172;land;false;plains;1
8701;253;253;200;land;false;plains;1
8702;248;252;255;land;false;plains;1
8703;122;210;239;land;false;plains;1
8704;191;175;249;land;false;plains;1
8705;238;254;223;land;false;plains;1
8706;135;244;159;land;false;plains;1
8707;168;254;229;land;false;plains;1
8708;60;145;239;land;false;plains;1
8709;236;254;148;land;false;plains;1
8710;252;235;255;land;false;plains;1
8711;216;82;217;land;false;plains;1
8712;239;175;125;land;false;plains;1
8713;51;222;158;land;false;plains;1
8714;240;240;255;land;false;plains;1
8715;212;252;254;land;false;plains;1
8716;230;254;223;land;false;plains;1
8717;188;53;226;land;false;plains;1
8718;205;253;146;land;true;plains;1
8719;165;241;255;land;false;plains;1
8720;250;172;210;land;false;plains;1
8721;251;189;173;land;false;plains;1
8722;253;206;170;land;false;plains;1
8723;33;86;222;land;false;plains;1
8724;243;94;114;land;false;plains;1
8725;157;215;74;land;false;plains;1
8726;221;254;214;land;false;plains;1
8727;247;174;166;land;false;plains;1
8728;24;85;244;land;false;plains;1
8729;183;234;125;land;true;plains;1
8730;246;130;59;land;false;plains;1
8731;217;255;232;land;false;plains;1
8732;170;205;248;land;true;plains;1
8733;249;140;194;land;false;plains;1
8734;95;241;234;land;false;plains;1
8735;120;252;233;land;false;plains;1
8736;254;239;208;land;false;plains;1
8737;188;233;251;land;false;plains;1
8738;155;224;92;land;false;plains;1
8739;255;243;234;land;true;plains;1
8740;248;173;14;land;false;plains;1
8741;250;255;254;land;false;plains;1
8742;230;89;45;land;false;plains;1
8743;240;233;255;land;false;plains;1
8744;224;254;252;land;false;plains;1
8745;252;126;162;land;false;plains;1
8746;176;253;207;land;false;plains;1
8747;246;254;255;land;false;plains;1
8748;254;233;221;land;false;plains;1
8749;204;38;238;land;false;plains;1
8750;248;167;233;land;false;plains;1
8751;49;234;88;land;false;plains;1
8752;252;108;54;land;true;plains;1
8753;104;242;93;land;false;plains;1
8754;54;204;190;land;false;plains;1
8755;127;236;166;land;false;plains;1
8756;216;81;116;land;false;plains;1
8757;242;240;255;land;false;plains;1
8758;229;100;94;land;false;plains;1
8759;24;251;244;land;false;plains;1
8760;246;162;143;land;false;plains;1
8761;204;207;253;land;false;plains;1
8762;215;121;49;land;false;plains;1
8763;233;199;28;land;true;plains;1
8764;232;176;250;land;false;plains;1
8765;255;232;238;land;false;plains;1
8766;231;254;202;land;false;plains;1
8767;186;253;215;land;false;plains;1
8768;225;195;252;land;false;plains;1
8769;243;243;130;land;false;plains;1
8770;92;98;219;land;false;plains;1
8771;236;219;255;land;false;plains;1
8772;209;242;255;land;false;plains;1
8773;199;238;97;land;false;plains;1
8774;232;103;179;land;false;plains;1
8775;195;86;240;land;false;plains;1
8776;191;234;252;land;true;plains;1
8777;231;225;97;land;false;plains;1
8778;249;67;38;land;true;plains;1
8779;224;213;62;land;false;plains;1
8780;225;254;146;land;false;plains;1
8781;254;228;187;land;false;plains;1
8782;138;252;211;land;false;plains;1
8783;251;171;227;land;true;plains;1
8784;252;201;253;land;false;plains;1
8785;66;240;213;land;false;plains;1
8786;110;234;128;land;false;plains;1
8787;245;220;156;land;true;plains;1
8788;214;197;254;land;false;plains;1
8789;248;60;26;land;false;plains;1
8790;231;255;218;land;false;plains;1
8791;124;242;153;land;false;plains;1
8792;21;36;253;land;false;plains;1
8793;254;38;48;land;false;plains;1
8794;222;91;134;land;false;plains;1
8795;219;139;238;land;false;plains;1
8796;107;245;207;land;false;plains;1
8797;196;252;203;land;false;plains;1
8798;181;247;150;land;false;plains;1
8799;221;185;81;land;false;plains;1
8800;113;248;239;land;false;plains;1
8801;202;255;235;land;false;plains;1
8802;141;213;85;land;false;plains;1
8803;220;255;236;land;false;plains;1
8804;56;101;233;land;false;plains;1
8805;228;195;254;land;false;plains;1
8806;211;249;254;land;false;plains;1
8807;250;96;204;land;false;plains;1
8808;141;45;236;land;false;plains;1
8809;160;80;244;land;false;plains;1
8810;245;207;154;land;false;plains;1
8811;205;98;73;land;false;plains;1
8812;144;244;190;land;true;plains;1
8813;225;255;250;land;false;plains;1
8814;242;126;119;land;false;plains;1
8815;111;187;225;land;false;plains;1
8816;132;179;246;land;false;plains;1
8817;94;168;245;land;false;plains;1
8818;253;227;181;land;false;plains;1
8819;225;244;254;land;false;plains;1
8820;253;240;255;land;false;plains;1
8821;187;236;121;land;false;plains;1
8822;173;71;223;land;false;plains;1
8823;121;251;65;land;false;plains;1
8824;43;231;253;land;false;plains;1
8825;99;142;232;land;false;plains;1
8826;255;198;193;land;false;plains;1
8827;242;255;236;land;false;plains;1
8828;247;252;186;land;false;plains;1
8829;247;250;186;land;false;plains;1
8830;86;253;236;land;false;plains;1
8831;200;255;249;land;false;plains;1
8832;168;254;150;land;false;plains;1
8833;93;48;231;land;false;plains;1
8834;75;84;216;land;false;plains;1
8835;225;231;254;land;false;plains;1
8836;205;115;242;land;false;plains;1
8837;67;45;254;land;false;plains;1
8838;60;84;250;land;true;plains;1
8839;180;130;240;land;true;plains;1
8840;236;213;119;land;true;plains;1
8841;247;235;147;land;false;plains;1
8842;182;254;187;land;false;plains;1
8843;253;118;167;land;false;plains;1
8844;41;111;249;land;false;plains;1
8845;129;251;179;land;false;plains;1
8846;78;225;227;land;true;plains;1
8847;247;184;174;land;false;plains;1
8848;119;211;60;land;false;plains;1
8849;253;123;89;land;false;plains;1
8850;121;115;240;land;false;plains;1
8851;186;133;253;land;false;plains;1
8852;159;190;253;land;false;plains;1
8853;241;254;154;land;false;plains;1
8854;249;179;204;land;false;plains;1
8855;168;203;247;land;false;plains;1
8856;221;68;176;land;false;plains;1
8857;225;254;166;land;false;plains;1
8858;195;246;103;land;false;plains;1
8859;231;90;215;land;false;plains;1
8860;100;57;231;land;false;plains;1
8861;189;253;229;land;false;plains;1
8862;212;185;74;land;false;plains;1
8863;255;202;243;land;false;plains;1
8864;228;76;103;land;false;plains;1
8865;140;249;220;land;false;plains;1
8866;216;237;104;land;true;plains;1
8867;128;209;64;land;false;plains;1
8868;241;255;242;land;false;plains;1
8869;227;254;212;land;false;plains;1
8870;254;198;212;land;false;plains;1
8871;179;210;250;land;false;plains;1
8872;228;254;229;land;false;plains;1
8873;64;146;220;land;false;plains;1
8874;119;168;233;land;false;plains;1
8875;42;245;27;land;false;plains;1
8876;73;144;223;land;false;plains;1
8877;206;232;253;land;false;plains;1
8878;255;246;250;land;false;plains;1
8879;253;207;228;land;false;plains;1
8880;201;146;247;land;false;plains;1
8881;50;131;212;land;false;plains;1
8882;134;246;213;land;false;plains;1
8883;193;222;253;land;true;plains;1
8884;219;151;244;land;false;plains;1
8885;226;171;247;land;false;plains;1
8886;160;62;197;land;false;plains;1
8887;107;214;84;land;true;plains;1
8888;181;227;111;land;false;plains;1
8889;252;105;15;land;false;plains;1
8890;197;251;142;land;false;plains;1
8891;252;217;201;land;true;plains;1
8892;215;72;128;land;false;plains;1
8893;219;243;148;land;false;plains;1
8894;233;190;250;land;false;plains;1
8895;144;249;96;land;false;plains;1
8896;253;186;70;land;false;plains;1
8897;115;229;156;land;false;plains;1
8898;254;246;211;land;false;plains;1
8899;184;202;255;land;false;plains;1
8900;252;199;205;land;false;plains;1
8901;86;227;133;land;false;plains;1
8902;167;241;105;land;false;plains;1
8903;191;146;243;land;false;plains;1
8904;219;253;105;land;false;plains;1
8905;186;196;255;land;false;plains;1
8906;156;127;244;land;false;plains;1
8907;122;152;245;land;false;plains;1
8908;232;249;255;land;false;plains;1
8909;192;254;233;land;false;plains;1
8910;245;143;72;land;false;plains;1
8911;67;220;57;land;false;plains;1
8912;139;127;242;land;false;plains;1
8913;213;238;74;land;false;plains;1
8914;160;227;246;land;true;plains;1
8915;239;174;249;land;false;plains;1
8916;239;139;135;land;true;plains;1
8917;241;168;121;land;false;plains;1
8918;242;187;139;land;false;plains;1
8919;237;84;176;land;false;plains;1
8920;138;194;241;land;false;plains;1
8921;240;187;104;land;false;plains;1
8922;194;253;188;land;true;plains;1
8923;177;147;241;land;false;plains;1
8924;242;80;102;land;true;plains;1
8925;249;188;126;land;false;plains;1
8926;234;231;255;land;false;plains;1
8927;173;251;246;land;false;plains;1
8928;235;81;47;land;false;plains;1
8929;49;245;66;land;false;plains;1
8930;117;246;24;land;false;plains;1
8931;232;240;255;land;false;plains;1
8932;222;254;255;land;false;plains;1
8933;229;132;235;land;true;plains;1
8934;251;175;197;land;false;plains;1
8935;156;167;251;land;false;plains;1
8936;107;230;164;land;false;plains;1
8937;248;129;196;land;false;plains;1
8938;243;164;249;land;false;plains;1
8939;255;241;240;land;false;plains;1
8940;113;94;249;land;true;plains;1
8941;183;149;243;land;false;plains;1
8942;245;255;231;land;false;plains;1
8943;178;249;202;land;false;plains;1
8944;228;71;109;land;false;plains;1
8945;254;131;2;land;false;plains;1
8946;249;123;166;land;false;plains;1
8947;255;231;237;land;false;plains;1
8948;255;202;135;land;false;plains;1
8949;242;191;108;land;false;plains;1
8950;191;179;251;land;false;plains;1
8951;206;230;117;land;false;plains;1
8952;223;56;225;land;false;plains;1
8953;251;157;162;land;true;plains;1
8954;50;245;102;land;false;plains;1
8955;250;254;112;land;true;plains;1
8956;249;199;161;land;false;plains;1
8957;28;247;43;land;false;plains;1
8958;249;170;195;land;false;plains;1
8959;234;63;176;land;false;plains;1
8960;154;249;167;land;false;plains;1
8961;120;84;240;land;false;plains;1
8962;251;255;198;land;false;plains;1
8963;39;215;226;land;false;plains;1
8964;252;149;177;land;false;plains;1
8965;255;246;238;land;false;plains;1
8966;227;247;143;land;false;plains;1
8967;222;228;254;land;false;plains;1
8968;164;79;216;land;false;plains;1
8969;254;250;193;land;false;plains;1
8970;153;72;229;land;false;plains;1
8971;142;249;212;land;false;plains;1
8972;244;208;253;land;false;plains;1
8973;255;228;234;land;false;plains;1
8974;220;251;51;land;false;plains;1
8975;198;215;254;land;false;plains;1
8976;255;234;172;land;false;plains;1
8977;240;160;249;land;true;plains;1
8978;73;239;50;land;false;plains;1
8979;100;122;242;land;false;plains;1
8980;211;232;95;land;false;plains;1
8981;249;255;200;land;true;plains;1
8982;56;129;233;land;false;plains;1
8983;34;181;252;land;false;plains;1
8984;96;250;221;land;false;plains;1
8985;213;232;66;land;false;plains;1
8986;191;234;31;land;false;plains;1
8987;58;237;225;land;false;plains;1
8988;238;52;137;land;true;plains;1
8989;229;207;254;land;false;plains;1
8990;253;91;34;land;false;plains;1
8991;197;236;128;land;false;plains;1
8992;254;182;178;land;false;plains;1
8993;191;255;194;land;false;plains;1
8994;200;198;252;land;false;plains;1
8995;126;237;59;land;false;plains;1
8996;247;215;254;land;false;plains;1
8997;251;143;164;land;false;plains;1
8998;186;179;254;land;false;plains;1
8999;169;246;61;land;false;plains;1
9000;207;253;215;land;false;plains;1
9001;44;235;143;land;false;plains;1
9002;102;42;229;land;false;plains;1
9003;214;49;227;land;false;plains;1
9004;220;219;96;land;false;plains;1
9005;236;40;239;land;false;plains;1
9006;246;207;162;land;false;plains;1
9007;216;130;236;land;false;plains;1
9008;231;87;201;land;false;plains;1
9009;175;249;150;land;false;plains;1
9010;75;208;83;land;false;plains;1
9011;220;91;61;land;false;plains;1
9012;219;254;223;land;false;plains;1
9013;244;214;254;land;false;plains;1
9014;195;114;244;land;false;plains;1
9015;192;200;251;land;false;plains;1
9016;226;255;131;land;false;plains;1
9017;170;245;150;land;true;plains;1
9018;212;254;233;land;false;plains;1
9019;138;251;223;land;false;plains;1
9020;238;102;94;land;true;plains;1
9021;252;160;190;land;false;plains;1
9022;51;242;68;land;true;plains;1
9023;252;120;130;land;false;plains;1
9024;143;137;249;land;false;plains;1
9025;201;239;253;land;false;plains;1
9026;255;214;209;land;false;plains;1
9027;231;157;74;land;false;plains;1
9028;105;109;247;land;true;plains;1
9029;248;120;194;land;false;plains;1
9030;240;224;143;land;false;plains;1
9031;162;241;116;land;false;plains;1
9032;251;192;153;land;false;plains;1
9033;255;196;197;land;false;plains;1
9034;49;206;107;land;false;plains;1
9035;207;217;73;land;true;plains;1
9036;240;198;122;land;false;plains;1
9037;254;235;213;land;false;plains;1
9038;112;245;179;land;false;plains;1
9039;227;68;224;land;false;plains;1
9040;200;251;171;land;false;plains;1
9041;96;181;247;land;false;plains;1
9042;16;247;217;land;false;plains;1
9043;182;254;216;land;false;plains;1
9044;225;243;254;land;false;plains;1
9045;218;194;96;land;false;plains;1
9046;246;85;247;land;true;plains;1
9047;201;93;251;land;false;plains;1
9048;251;255;242;land;false;plains;1
9049;217;240;124;land;false;plains;1
9050;233;115;182;land;false;plains;1
9051;252;171;188;land;false;plains;1
9052;121;219;56;land;false;plains;1
9053;255;217;218;land;false;plains;1
9054;119;241;176;land;true;plains;1
9055;190;107;234;land;false;plains;1
9056;96;161;249;land;false;plains;1
9057;253;209;247;land;false;plains;1
9058;207;250;185;land;false;plains;1
9059;159;250;197;land;false;plains;1
9060;25;254;230;land;false;plains;1
9061;106;254;145;land;false;plains;1
9062;236;160;124;land;false;plains;1
9063;217;251;27;land;false;plains;1
9064;208;65;103;land;false;plains;1
9065;232;78;234;land;false;plains;1
9066;251;38;151;land;false;plains;1
9067;218;70;244;land;false;plains;1
9068;68;130;255;land;false;plains;1
9069;248;187;87;land;false;plains;1
9070;235;205;45;land;false;plains;1
9071;255;253;250;land;false;plains;1
9072;85;152;254;land;false;plains;1
9073;215;193;47;land;false;plains;1
9074;52;104;207;land;false;plains;1
9075;209;253;204;land;false;plains;1
9076;237;110;20;land;false;plains;1
9077;255;251;223;land;false;plains;1
9078;254;118;173;land;true;plains;1
9079;232;255;232;land;false;plains;1
9080;188;251;125;land;false;plains;1
9081;82;30;254;land;false;plains;1
9082;118;232;171;land;false;plains;1
9083;198;155;253;land;true;plains;1
9084;237;82;89;land;false;plains;1
9085;251;252;255;land;false;plains;1
9086;226;254;251;land;true;plains;1
9087;181;251;204;land;false;plains;1
9088;158;250;127;land;false;plains;1
9089;202;245;135;land;true;plains;1
9090;238;80;155;land;false;plains;1
9091;254;249;232;land;true;plains;1
9092;166;156;251;land;false;plains;1
9093;221;120;240;land;false;plains;1
9094;82;249;102;land;false;plains;1
9095;247;235;255;land;false;plains;1
9096;148;160;244;land;false;plains;1
9097;14;247;243;land;false;plains;1
9098;253;238;211;land;false;plains;1
9099;177;239;96;land;false;plains;1
9100;246;255;239;land;false;plains;1
9101;203;253;236;land;false;plains;1
9102;243;232;254;land;false;plains;1
9103;112;250;193;land;false;plains;1
9104;77;32;252;land;false;plains;1
9105;232;248;171;land;false;plains;1
9106;70;166;245;land;false;plains;1
9107;251;245;255;land;false;plains;1
9108;235;157;244;land;true;plains;1
9109;246;83;93;land;false;plains;1
9110;226;248;124;land;false;plains;1
9111;177;168;252;land;false;plains;1
9112;247;252;199;land;false;plains;1
9113;219;39;239;land;false;plains;1
9114;217;254;208;land;false;plains;1
9115;73;190;254;land;true;plains;1
9116;227;254;240;land;false;plains;1
9117;100;248;184;land;false;plains;1
9118;195;91;235;land;false;plains;1
9119;251;255;254;land;false;plains;1
9120;192;252;166;land;false;plains;1
9121;155;228;70;land;true;plains;1
9122;97;6;250;land;false;plains;1
9123;218;159;57;land;false;plains;1
9124;254;177;169;land;true;plains;1
9125;245;199;128;land;false;plains;1
9126;233;180;255;land;false;plains;1
9127;241;130;135;land;false;plains;1
9128;237;60;192;land;false;plains;1
9129;247;253;172;land;false;plains;1
9130;141;73;235;land;false;plains;1
9131;248;184;106;land;false;plains;1
9132;110;45;247;land;false;plains;1
9133;241;145;106;land;false;plains;1
9134;52;205;128;land;false;plains;1
9135;98;127;227;land;false;plains;1
9136;181;57;199;land;true;plains;1
9137;93;107;234;land;false;plains;1
9138;220;77;139;land;false;plains;1
9139;48;171;212;land;false;plains;1
9140;93;227;242;land;false;plains;1
9141;15;105;255;land;false;plains;1
9142;254;255;251;land;false;plains;1
9143;241;88;164;land;false;plains;1
9144;246;246;255;land;false;plains;1
9145;159;249;157;land;false;plains;1
9146;114;235;38;land;false;plains;1
9147;132;145;251;land;false;plains;1
9148;251;166;190;land;false;plains;1
9149;246;255;251;land;true;plains;1
9150;94;146;218;land;false;plains;1
9151;221;213;254;land;false;plains;1
9152;82;236;188;land;false;plains;1
9153;218;98;79;land;false;plains;1
9154;241;71;172;land;false;plains;1
9155;246;127;50;land;false;plains;1
9156;177;102;247;land;false;plains;1
9157;161;223;246;land;false;plains;1
9158;214;218;253;land;false;plains;1
9159;125;250;238;land;false;plains;1
9160;254;157;59;land;false;plains;1
9161;78;216;251;land;false;plains;1
9162;250;247;255;land;false;plains;1
9163;184;149;245;land;false;plains;1
9164;78;72;205;land;false;plains;1
9165;230;255;248;land;false;plains;1
9166;124;254;103;land;false;plains;1
9167;255;249;238;land;false;plains;1
9168;249;235;167;land;false;plains;1
9169;245;192;31;land;false;plains;1
9170;189;229;252;land;false;plains;1
9171;70;226;101;land;false;plains;1
9172;82;233;96;land;false;plains;1
9173;255;239;242;land;false;plains;1
9174;36;233;81;land;false;plains;1
9175;169;119;251;land;false;plains;1
9176;243;208;153;land;false;plains;1
9177;232;222;254;land;false;plains;1
9178;189;250;96;land;false;plains;1
9179;102;115;240;land;true;plains;1
9180;238;255;97;land;true;plains;1
9181;91;242;147;land;false;plains;1
9182;128;240;189;land;false;plains;1
9183;103;246;237;land;false;plains;1
9184;199;243;26;land;false;plains;1
9185;198;115;234;land;false;plains;1
9186;241;254;213;land;false;plains;1
9187;93;122;223;land;false;plains;1
9188;245;125;91;land;false;plains;1
9189;127;174;246;land;false;plains;1
9190;255;182;252;land;false;plains;1
9191;141;173;242;land;false;plains;1
9192;215;112;249;land;false;plains;1
9193;182;253;181;land;false;plains;1
9194;191;251;252;land;false;plains;1
9195;227;108;149;land;false;plains;1
9196;61;28;240;land;false;plains;1
9197;224;170;252;land;false;plains;1
9198;210;144;68;land;false;plains;1
9199;76;211;157;land;false;plains;1
9200;217;130;95;land;false;plains;1
9201;124;147;245;land;false;plains;1
9202;187;238;252;land;false;plains;1
9203;71;85;227;land;false;plains;1
9204;242;134;234;land;false;plains;1
9205;90;218;123;land;false;plains;1
9206;156;252;213;land;false;plains;1
9207;255;187;242;land;false;plains;1
9208;230;210;254;land;false;plains;1
9209;24;234;144;land;false;plains;1
9210;246;254;183;land;false;plains;1
9211;127;214;248;land;false;plains;1
9212;253;255;242;land;true;plains;1
9213;225;130;100;land;false;plains;1
9214;227;234;254;land;false;plains;1
9215;117;239;192;land;false;plains;1
9216;136;241;88;land;false;plains;1
9217;243;130;176;land;false;plains;1
9218;79;236;158;land;false;plains;1
9219;207;239;254;land;false;plains;1
9220;254;196;191;land;false;plains;1
9221;119;197;65;land;true;plains;1
9222;135;167;251;land;false;plains;1
9223;255;199;250;land;false;plains;1
9224;198;60;122;land;false;plains;1
9225;33;243;163;land;false;plains;1
9226;6;250;189;land;true;plains;1
9227;255;234;251;land;false;plains;1
9228;252;159;173;land;false;plains;1
9229;163;112;248;land;true;plains;1
9230;98;202;223;land;false;plains;1
9231;226;255;175;land;false;plains;1
9232;249;191;130;land;false;plains;1
9233;254;70;87;land;false;plains;1
9234;209;251;146;land;false;plains;1
9235;242;201;126;land;false;plains;1
9236;248;150;248;land;false;plains;1
9237;250;172;225;land;false;plains;1
9238;226;123;50;land;false;plains;1
9239;171;86;228;land;false;plains;1
9240;192;232;117;land;false;plains;1
9241;226;93;236;land;false;plains;1
9242;229;250;187;land;false;plains;1
9243;243;192;54;land;false;plains;1
9244;114;249;244;land;false;plains;1
9245;192;249;253;land;false;plains;1
9246;241;237;255;land;false;plains;1
9247;244;155;151;land;false;plains;1
9248;241;70;194;land;false;plains;1
9249;210;253;230;land;false;plains;1
9250;255;249;250;land;false;plains;1
9251;253;225;182;land;false;plains;1
9252;134;73;228;land;false;plains;1
9253;242;253;206;land;false;plains;1
9254;221;255;242;land;false;plains;1
9255;247;252;255;land;false;plains;1
9256;237;238;255;land;false;plains;1
9257;168;211;45;land;false;plains;1
9258;255;239;254;land;true;plains;1
9259;217;254;248;land;false;plains;1
9260;141;162;241;land;false;plains;1
9261;255;242;247;land;false;plains;1
9262;204;252;185;land;false;plains;1
9263;190;249;151;land;false;plains;1
9264;214;254;157;land;true;plains;1
9265;254;243;164;land;false;plains;1
9266;132;203;241;land;false;plains;1
9267;250;193;251;land;false;plains;1
9268;172;41;234;land;false;plains;1
9269;73;54;233;land;false;plains;1
9270;255;211;215;land;false;plains;1
9271;118;141;238;land;false;plains;1
9272;237;229;255;land;false;plains;1
9273;65;224;254;land;false;plains;1
9274;231;122;64;land;false;plains;1
9275;243;148;220;land;false;plains;1
9276;225;230;254;land;false;plains;1
9277;255;254;249;land;false;plains;1
9278;111;191;247;land;false;plains;1
9279;141;101;241;land;false;plains;1
9280;156;215;252;land;false;plains;1
9281;233;242;255;land;false;plains;1
9282;126;250;196;land;false;plains;1
9283;206;253;219;land;false;plains;1
9284;234;181;124;land;false;plains;1
9285;163;253;205;land;false;plains;1
9286;240;169;116;land;false;plains;1
9287;200;248;93;land;false;plains;1
9288;243;159;128;land;true;plains;1
9289;255;247;253;land;false;plains;1
9290;253;206;246;land;false;plains;1
9291;254;252;192;land;true;plains;1
9292;231;84;219;land;false;plains;1
9293;19;30;251;land;false;plains;1
9294;255;253;222;land;false;plains;1
9295;230;155;87;land;false;plains;1
9296;247;254;218;land;false;plains;1
9297;233;106;51;land;true;plains;1
9298;254;237;206;land;false;plains;1
9299;165;245;101;land;false;plains;1
9300;229;252;166;land;false;plains;1
9301;67;218;53;land;false;plains;1
9302;220;253;124;land;false;plains;1
9303;135;244;186;land;false;plains;1
9304;254;225;170;land;false;plains;1
9305;110;102;228;land;false;plains;1
9306;67;205;201;land;false;plains;1
9307;116;245;171;land;false;plains;1
9308;227;71;140;land;false;plains;1
9309;209;254;201;land;false;plains;1
9310;51;232;168;land;false;plains;1
9311;220;127;101;land;false;plains;1
9312;255;244;240;land;false;plains;1
9313;113;52;213;land;false;plains;1
9314;144;252;163;land;true;plains;1
9315;137;62;201;land;false;plains;1
9316;206;245;152;land;false;plains;1
9317;235;201;73;land;false;plains;1
9318;255;234;231;land;false;plains;1
9319;220;78;148;land;false;plains;1
9320;79;118;239;land;false;plains;1
9321;253;171;203;land;false;plains;1
9322;241;33;204;land;false;plains;1
9323;155;255;250;land;false;plains;1
9324;254;221;232;land;true;plains;1
9325;158;207;253;land;true;plains;1
9326;14;222;252;land;false;plains;1
9327;252;155;127;land;false;plains;1
9328;243;131;248;land;false;plains;1
9329;132;109;250;land;false;plains;1
9330;58;240;57;land;false;plains;1
9331;210;253;250;land;false;plains;1
9332;253;185;187;land;false;plains;1
9333;49;222;130;land;false;plains;1
9334;98;226;154;land;false;plains;1
9335;220;227;254;land;false;plains;1
9336;180;210;251;land;true;plains;1
9337;120;246;128;land;false;plains;1
9338;127;236;131;land;false;plains;1
9339;254;196;210;land;false;plains;1
9340;139;243;125;land;true;plains;1
9341;206;241;253;land;false;plains;1
9342;234;105;213;land;false;plains;1
9343;142;244;76;land;false;plains;1
9344;211;249;170;land;false;plains;1
9345;239;33;214;land;true;plains;1
9346;123;170;232;land;false;plains;1
9347;217;241;111;land;false;plains;1
9348;104;240;214;land;false;plains;1
9349;219;127;47;land;true;plains;1
9350;99;228;67;land;false;plains;1
9351;185;233;252;land;true;plains;1
9352;244;125;214;land;false;plains;1
9353;241;130;107;land;false;plains;1
9354;167;30;248;land;false;plains;1
9355;239;141;133;land;false;plains;1
9356;186;120;236;land;false;plains;1
9357;242;51;240;land;false;plains;1
9358;249;159;171;land;false;plains;1
9359;55;203;99;land;false;plains;1
9360;231;249;161;land;false;plains;1
9361;108;133;237;land;false;plains;1
9362;252;255;245;land;false;plains;1
9363;130;193;239;land;false;plains;1
9364;184;250;236;land;false;plains;1
9365;243;253;172;land;false;plains;1
9366;80;169;219;land;false;plains;1
9367;83;179;242;land;true;plains;1
9368;163;236;253;land;false;plains;1
9369;246;168;243;land;false;plains;1
9370;248;186;134;land;false;plains;1
9371;243;38;215;land;false;plains;1
9372;240;108;77;land;false;plains;1
9373;95;226;143;land;false;plains;1
9374;118;120;238;land;false;plains;1
9375;38;213;250;land;false;plains;1
9376;254;191;242;land;false;plains;1
9377;251;188;224;land;false;plains;1
9378;137;252;43;land;false;plains;1
9379;104;207;75;land;false;plains;1
9380;37;251;63;land;false;plains;1
9381;50;131;231;land;false;plains;1
9382;217;85;244;land;false;plains;1
9383;84;218;192;land;false;plains;1
9384;167;247;94;land;false;plains;1
9385;237;120;56;land;false;plains;1
9386;253;69;122;land;false;plains;1
9387;157;239;54;land;true;plains;1
9388;193;135;251;land;false;plains;1
9389;204;242;79;land;false;plains;1
9390;197;222;42;land;false;plains;1
9391;237;79;251;land;false;plains;1
9392;192;58;227;land;false;plains;1
9393;239;124;158;land;false;plains;1
9394;93;35;238;land;false;plains;1
9395;210;76;224;land;false;plains;1
9396;254;221;228;land;false;plains;1
9397;132;144;248;land;false;plains;1
9398;209;231;253;land;false;plains;1
9399;251;196;249;land;false;plains;1
9400;255;174;132;land;false;plains;1
9401;158;245;149;land;false;plains;1
9402;148;254;255;land;false;plains;1
9403;196;219;255;land;false;plains;1
9404;253;220;254;land;false;plains;1
9405;213;233;253;land;false;plains;1
9406;240;206;253;land;false;plains;1
9407;205;75;53;land;false;plains;1
9408;243;194;254;land;false;plains;1
9409;241;238;102;land;false;plains;1
9410;239;182;130;land;false;plains;1
9411;180;247;11;land;false;plains;1
9412;48;25;254;land;false;plains;1
9413;137;254;111;land;true;plains;1
9414;69;115;255;land;false;plains;1
9415;217;254;224;land;false;plains;1
9416;247;67;120;land;false;plains;1
9417;240;167;94;land;false;plains;1
9418;254;109;153;land;false;plains;1
9419;27;34;241;land;false;plains;1
9420;192;247;170;land;false;plains;1
9421;225;251;255;land;false;plains;1
9422;197;241;252;land;false;plains;1
9423;239;95;245;land;false;plains;1
9424;251;180;148;land;false;plains;1
9425;205;231;253;land;false;plains;1
9426;139;221;248;land;false;plains;1
9427;248;212;130;land;false;plains;1
9428;255;230;249;land;false;plains;1
9429;248;249;172;land;false;plains;1
9430;151;254;235;land;false;plains;1
9431;127;239;204;land;true;plains;1
9432;109;249;211;land;false;plains;1
9433;179;131;254;land;false;plains;1
9434;250;222;255;land;false;plains;1
9435;202;254;131;land;false;plains;1
9436;255;45;238;land;false;plains;1
9437;247;254;194;land;false;plains;1
9438;48;249;235;land;false;plains;1
9439;226;111;241;land;true;plains;1
9440;227;142;250;land;false;plains;1
9441;252;255;249;land;false;plains;1
9442;125;144;247;land;false;plains;1
9443;249;168;74;land;false;plains;1
9444;118;221;245;land;false;plains;1
9445;78;73;241;land;false;plains;1
9446;92;160;252;land;false;plains;1
9447;227;224;254;land;false;plains;1
9448;96;254;75;land;false;plains;1
9449;125;245;210;land;false;plains;1
9450;255;235;250;land;true;plains;1
9451;253;60;249;land;false;plains;1
9452;222;71;56;land;true;plains;1
9453;69;127;213;land;false;plains;1
9454;239;255;252;land;false;plains;1
9455;144;203;242;land;true;plains;1
9456;234;53;144;land;false;plains;1
9457;254;207;191;land;false;plains;1
9458;246;182;152;land;true;plains;1
9459;242;172;145;land;false;plains;1
9460;246;164;253;land;false;plains;1
9461;188;245;252;land;false;plains;1
9462;202;221;99;land;false;plains;1
9463;31;228;146;land;false;plains;1
9464;230;254;234;land;false;plains;1
9465;68;146;227;land;false;plains;1
9466;147;246;136;land;false;plains;1
9467;210;252;180;land;false;plains;1
9468;251;237;255;land;false;plains;1
9469;162;246;249;land;false;plains;1
9470;252;215;157;land;false;plains;1
9471;252;209;151;land;false;plains;1
9472;247;246;158;land;false;plains;1
9473;105;239;180;land;false;plains;1
9474;239;100;172;land;false;plains;1
9475;217;71;131;land;false;plains;1
9476;84;102;240;land;false;plains;1
9477;254;190;191;land;false;plains;1
9478;251;60;31;land;false;plains;1
9479;141;252;238;land;false;plains;1
9480;197;162;254;land;false;plains;1
9481;53;249;228;land;false;plains;1
9482;252;245;173;land;false;plains;1
9483;152;244;210;land;true;plains;1
9484;242;255;247;land;false;plains;1
9485;253;231;210;land;false;plains;1
9486;228;252;170;land;true;plains;1
9487;254;218;197;land;false;plains;1
9488;128;199;252;land;false;plains;1
9489;249;157;255;land;false;plains;1
9490;171;208;253;land;false;plains;1
9491;210;49;131;land;false;plains;1
9492;255;215;228;land;false;plains;1
9493;195;111;236;land;false;plains;1
9494;227;247;53;land;false;plains;1
9495;64;197;237;land;false;plains;1
9496;108;227;206;land;true;plains;1
9497;247;220;106;land;false;plains;1
9498;255;250;255;land;false;plains;1
9499;255;221;209;land;false;plains;1
9500;234;255;231;land;false;plains;1
9501;134;125;245;land;false;plains;1
9502;159;182;252;land;false;plains;1
9503;239;95;225;land;false;plains;1
9504;224;158;89;land;true;plains;1
9505;229;105;133;land;true;plains;1
9506;250;40;44;land;false;plains;1
9507;192;233;253;land;false;plains;1
9508;210;101;251;land;false;plains;1
9509;251;230;118;land;false;plains;1
9510;253;228;157;land;false;plains;1
9511;216;251;255;land;false;plains;1
9512;130;192;244;land;false;plains;1
9513;234;145;101;land;false;plains;1
9514;254;193;194;land;false;plains;1
9515;193;86;251;land;false;plains;1
9516;57;83;200;land;false;plains;1
9517;151;239;127;land;false;plains;1
9518;255;255;248;land;false;plains;1
9519;119;230;240;land;false;plains;1
9520;251;219;168;land;false;plains;1
9521;252;193;163;land;false;plains;1
9522;255;237;245;land;true;plains;1
9523;183;193;251;land;false;plains;1
9524;177;251;154;land;false;plains;1
9525;217;97;230;land;false;plains;1
9526;137;249;189;land;false;plains;1
9527;111;209;228;land;false;plains;1
9528;138;248;228;land;false;plains;1
9529;224;254;116;land;false;plains;1
9530;121;251;189;land;false;plains;1
9531;127;251;218;land;true;plains;1
9532;46;213;132;land;false;plains;1
9533;254;128;136;land;true;plains;1
9534;90;200;241;land;false;plains;1
9535;247;186;251;land;false;plains;1
9536;213;254;243;land;false;plains;1
9537;253;234;183;land;false;plains;1
9538;205;177;249;land;true;plains;1
9539;246;126;141;land;false;plains;1
9540;254;170;254;land;false;plains;1
9541;255;193;144;land;false;plains;1
9542;110;229;175;land;false;plains;1
9543;104;83;215;land;false;plains;1
9544;73;218;170;land;false;plains;1
9545;131;49;244;land;false;plains;1
9546;67;248;13;land;false;plains;1
9547;233;204;255;land;false;plains;1
9548;225;255;233;land;false;plains;1
9549;235;155;93;land;false;plains;1
9550;199;139;244;land;false;plains;1
9551;173;244;81;land;false;plains;1
9552;192;255;214;land;false;plains;1
9553;249;255;229;land;false;plains;1
9554;144;240;229;land;false;plains;1
9555;245;195;252;land;false;plains;1
9556;249;231;169;land;false;plains;1
9557;246;229;255;land;false;plains;1
9558;101;249;116;land;false;plains;1
9559;196;204;254;land;false;plains;1
9560;123;242;186;land;false;plains;1
9561;253;202;235;land;false;plains;1
9562;57;174;205;land;false;plains;1
9563;250;143;181;land;false;plains;1
9564;242;255;251;land;false;plains;1
9565;255;225;239;land;false;plains;1
9566;248;242;255;land;true;plains;1
9567;254;218;201;land;false;plains;1
9568;253;65;242;land;false;plains;1
9569;250;211;172;land;false;plains;1
9570;131;239;225;land;false;plains;1
9571;126;251;158;land;false;plains;1
9572;142;246;137;land;false;plains;1
9573;179;252;180;land;false;plains;1
9574;241;88;103;land;false;plains;1
9575;199;111;249;land;false;plains;1
9576;141;132;248;land;false;plains;1
9577;240;252;152;land;false;plains;1
9578;113;232;206;land;false;plains;1
9579;240;242;152;land;false;plains;1
9580;245;96;162;land;false;plains;1
9581;242;165;40;land;false;plains;1
9582;143;156;253;land;false;plains;1
9583;74;58;229;land;false;plains;1
9584;248;212;154;land;true;plains;1
9585;199;246;252;land;false;plains;1
9586;31;226;35;land;true;plains;1
9587;205;251;80;land;false;plains;1
9588;85;132;239;land;false;plains;1
9589;229;77;183;land;false;plains;1
9590;128;89;226;land;false;plains;1
9591;160;89;213;land;false;plains;1
9592;254;188;235;land;false;plains;1
9593;176;94;245;land;false;plains;1
9594;241;255;253;land;false;plains;1
9595;72;208;161;land;false;plains;1
9596;194;61;195;land;false;plains;1
9597;249;209;254;land;false;plains;1
9598;202;255;234;land;false;plains;1
9599;239;210;253;land;false;plains;1
9600;253;210;195;land;true;plains;1
9601;194;202;254;land;false;plains;1
9602;215;82;175;land;false;plains;1
9603;92;8;41;sea;true;ocean;0
9604;69;3;58;sea;false;ocean;0
9605;0;50;37;sea;false;ocean;0
9606;96;1;27;sea;false;ocean;0
9607;0;22;14;sea;false;ocean;0
9608;84;83;1;sea;true;ocean;0
9609;64;2;56;sea;false;ocean;0
9610;31;38;1;sea;false;ocean;0
9611;44;0;43;sea;false;ocean;0
9612;44;8;86;sea;false;ocean;0
9613;52;27;0;sea;false;ocean;0
9614;0;26;22;sea;false;ocean;0
9615;19;4;66;sea;false;ocean;0
9616;14;1;57;sea;false;ocean;0
9617;3;55;18;sea;false;ocean;0
9618;5;46;83;sea;false;ocean;0
9619;1;28;9;sea;false;ocean;0
9620;77;25;5;sea;false;ocean;0
9621;43;1;75;sea;true;ocean;0
9622;21;10;0;sea;false;ocean;0
9623;30;3;81;sea;false;ocean;0
9624;3;15;51;sea;true;ocean;0
9625;56;2;40;sea;true;ocean;0
9626;1;1;43;sea;false;ocean;0
9627;39;79;3;sea;true;ocean;0
9628;10;1;35;sea;false;ocean;0
9629;52;42;3;sea;false;ocean;0
9630;50;1;56;sea;false;ocean;0
9631;29;2;87;sea;true;ocean;0
9632;0;50;25;sea;false;ocean;0
9633;42;89;6;sea;false;ocean;0
9634;4;36;1;sea;false;ocean;0
9635;90;2;57;sea;false;ocean;0
9636;58;5;70;sea;false;ocean;0
9637;7;36;1;sea;false;ocean;0
9638;34;28;1;sea;false;ocean;0
9639;90;72;6;sea;false;ocean;0
9640;31;1;38;sea;false;ocean;0
9641;4;70;27;sea;false;ocean;0
9642;1;51;43;sea;false;ocean;0
9643;5;0;63;sea;false;ocean;0
9644;0;43;38;sea;true;ocean;0
9645;25;0;41;sea;false;ocean;0
9646;95;30;4;sea;true;ocean;0
9647;1;28;5;sea;false;ocean;0
9648;3;77;60;sea;false;ocean;0
9649;37;1;90;sea;false;ocean;0
9650;30;0;24;sea;false;ocean;0
9651;35;39;1;sea;false;ocean;0
9652;57;2;83;sea;true;ocean;0
9653;2;41;53;sea;true;ocean;0
9654;56;1;32;sea;false;ocean;0
9655;74;39;4;sea;false;ocean;0
9656;51;4;71;sea;true;ocean;0
9657;69;1;58;sea;false;ocean;0
9658;4;4;85;sea;false;ocean;0
9659;2;62;19;sea;false;ocean;0
9660;92;8;65;sea;false;ocean;0
9661;100;28;0;sea;false;ocean;0
9662;29;3;53;sea;false;ocean;0
9663;70;1;26;sea;false;ocean;0
9664;5;25;77;sea;false;ocean;0
9665;2;69;66;sea;false;ocean;0
9666;8;93;79;sea;false;ocean;0
9667;2;63;21;sea;true;ocean;0
9668;34;1;23;sea;false;ocean;0
9669;37;0;60;sea;false;ocean;0
9670;0;36;49;sea;false;ocean;0
9671;50;5;77;sea;false;ocean;0
9672;46;0;38;sea;true;ocean;0
9673;6;77;18;sea;true;ocean;0
9674;39;1;49;sea;false;ocean;0
9675;0;26;14;sea;false;ocean;0
9676;23;12;0;sea;true;ocean;0
9677;91;87;7;sea;true;ocean;0
9678;77;3;29;sea;false;ocean;0
9679;11;33;1;sea;false;ocean;0
9680;0;32;12;sea;false;ocean;0
9681;64;9;93;sea;false;ocean;0
9682;9;55;3;sea;false;ocean;0
9683;4;14;61;sea;true;ocean;0
9684;1;7;31;sea;false;ocean;0
9685;49;84;4;sea;false;ocean;0
9686;44;35;2;sea;true;ocean;0
9687;70;4;45;sea;false;ocean;0
9688;35;0;40;sea;true;ocean;0
9689;24;1;36;sea;false;ocean;0
9690;2;87;5;sea;false;ocean;0
9691;0;60;57;sea;false;ocean;0
9692;25;90;7;sea;false;ocean;0
9693;31;88;6;sea;false;ocean;0
9694;34;18;1;sea;false;ocean;0
9695;50;1;16;sea;false;ocean;0
9696;39;41;1;sea;false;ocean;0
9697;4;0;25;sea;true;ocean;0
9698;85;2;39;sea;true;ocean;0
9699;55;4;70;sea;true;ocean;0
9700;22;7;0;sea;false;ocean;0
9701;77;5;41;sea;true;ocean;0
9702;3;73;54;sea;false;ocean;0
9703;5;84;90;sea;false;ocean;0
9704;2;30;47;sea;true;ocean;0
9705;59;2;49;sea;false;ocean;0
9706;2;43;29;sea;true;ocean;0
9707;70;3;64;sea;true;ocean;0
9708;5;54;75;sea;false;ocean;0
9709;86;79;6;sea;false;ocean;0
9710;1;43;30;sea;false;ocean;0
9711;2;77;53;sea;false;ocean;0
9712;2;4;51;sea;false;ocean;0
9713;14;31;1;sea;false;ocean;0
9714;56;1;72;sea;true;ocean;0
9715;23;0;9;sea;true;ocean;0
9716;42;1;12;sea;false;ocean;0
9717;44;99;1;sea;false;ocean;0
9718;3;34;93;sea;false;ocean;0
9719;60;47;1;sea;false;ocean;0
9720;49;2;59;sea;true;ocean;0
9721;55;84;1;sea;false;ocean;0
9722;18;56;0;sea;false;ocean;0
9723;17;1;40;sea;false;ocean;0
9724;19;7;87;sea;true;ocean;0
9725;2;48;51;sea;true;ocean;0
9726;1;19;38;sea;false;ocean;0
9727;2;57;57;sea;false;ocean;0
9728;0;86;11;sea;false;ocean;0
9729;11;2;56;sea;false;ocean;0
9730;31;3;58;sea;false;ocean;0
9731;22;65;3;sea;true;ocean;0
9732;0;95;81;sea;false;ocean;0
9733;19;0;34;sea;false;ocean;0
9734;76;26;2;sea;false;ocean;0
9735;55;37;1;sea;false;ocean;0
9736;65;96;6;sea;false;ocean;0
9737;29;15;0;sea;false;ocean;0
9738;43;77;5;sea;false;ocean;0
9739;60;1;49;sea;false;ocean;0
9740;5;0;27;sea;false;ocean;0
9741;0;6;28;sea;false;ocean;0
9742;1;2;53;sea;false;ocean;0
9743;4;52;1;sea;false;ocean;0
9744;26;3;96;sea;false;ocean;0
9745;5;65;76;sea;false;ocean;0
9746;17;24;0;sea;false;ocean;0
9747;0;12;26;sea;false;ocean;0
9748;81;1;59;sea;true;ocean;0
9749;95;21;2;sea;false;ocean;0
9750;9;2;60;sea;false;ocean;0
9751;44;62;2;sea;false;ocean;0
9752;0;54;1;sea;true;ocean;0
9753;98;3;46;sea;true;ocean;0
9754;15;28;0;sea;false;ocean;0
9755;26;26;0;sea;false;ocean;0
9756;58;1;41;sea;true;ocean;0
9757;1;65;6;sea;true;ocean;0
9758;16;0;29;sea;false;ocean;0
9759;3;0;24;sea;false;ocean;0
9760;51;1;77;sea;true;ocean;0
9761;50;1;8;sea;false;ocean;0
9762;72;3;36;sea;true;ocean;0
9763;82;66;2;sea;false;ocean;0
9764;0;38;45;sea;false;ocean;0
9765;38;6;87;sea;false;ocean;0
9766;71;0;55;sea;true;ocean;0
9767;83;20;2;sea;false;ocean;0
9768;8;0;43;sea;false;ocean;0
9769;28;40;1;sea;false;ocean;0
9770;1;36;9;sea;false;ocean;0
9771;22;35;0;sea;false;ocean;0
9772;13;0;45;sea;true;ocean;0
9773;4;91;85;sea;false;ocean;0
9774;36;1;17;sea;false;ocean;0
9775;62;62;2;sea;true;ocean;0
9776;54;2;15;sea;false;ocean;0
9777;2;1;38;sea;false;ocean;0
9778;1;39;71;sea;true;ocean;0
9779;62;1;35;sea;false;ocean;0
9780;54;60;3;sea;true;ocean;0
9781;50;2;58;sea;false;ocean;0
9782;18;0;26;sea;false;ocean;0
9783;20;61;2;sea;false;ocean;0
9784;68;2;20;sea;false;ocean;0
9785;26;4;97;sea;false;ocean;0
9786;20;44;1;sea;false;ocean;0
9787;57;1;28;sea;false;ocean;0
9788;1;35;19;sea;false;ocean;0
9789;22;0;18;sea;false;ocean;0
9790;1;99;38;sea;false;ocean;0
9791;0;18;53;sea;true;ocean;0
9792;67;26;2;sea;true;ocean;0
9793;57;35;1;sea;false;ocean;0
9794;12;46;0;sea;false;ocean;0
9795;71;5;60;sea;false;ocean;0
9796;76;15;4;sea;false;ocean;0
9797;64;8;84;sea;false;ocean;0
9798;68;91;4;sea;true;ocean;0
9799;6;72;78;sea;false;ocean;0
9800;61;11;0;sea;false;ocean;0
9801;2;77;84;sea;false;ocean;0
9802;6;1;35;sea;false;ocean;0
9803;9;61;3;sea;false;ocean;0
9804;2;54;39;sea;true;ocean;0
9805;11;1;28;sea;true;ocean;0
9806;3;68;92;sea;false;ocean;0
9807;49;59;1;sea;false;ocean;0
9808;5;87;5;sea;false;ocean;0
9809;8;3;57;sea;false;ocean;0
9810;5;61;1;sea;false;ocean;0
9811;50;3;86;sea;true;ocean;0
9812;84;70;6;sea;false;ocean;0
9813;44;1;61;sea;false;ocean;0
9814;26;20;0;sea;true;ocean;0
9815;67;1;99;sea;false;ocean;0
9816;31;0;16;sea;false;ocean;0
9817;36;42;0;sea;false;ocean;0
9818;20;31;0;sea;true;ocean;0
9819;2;37;66;sea;false;ocean;0
9820;4;68;62;sea;true;ocean;0
9821;66;30;0;sea;true;ocean;0
9822;77;26;7;sea;true;ocean;0
9823;30;41;1;sea;false;ocean;0
9824;79;3;1;sea;false;ocean;0
9825;3;57;62;sea;false;ocean;0
9826;44;2;24;sea;false;ocean;0
9827;1;15;35;sea;true;ocean;0
9828;6;1;55;sea;false;ocean;0
9829;1;6;41;sea;false;ocean;0
9830;19;1;47;sea;false;ocean;0
9831;1;94;85;sea;false;ocean;0
9832;8;81;20;sea;true;ocean;0
9833;4;85;61;sea;false;ocean;0
9834;16;4;93;sea;false;ocean;0
9835;35;1;2;sea;false;ocean;0
9836;1;9;38;sea;false;ocean;0
9837;82;0;38;sea;false;ocean;0
9838;73;3;45;sea;true;ocean;0
9839;16;1;31;sea;false;ocean;0
9840;98;50;0;sea;false;ocean;0
9841;75;2;37;sea;false;ocean;0
9842;36;2;50;sea;true;ocean;0
9843;29;25;0;sea;false;ocean;0
9844;1;41;15;sea;false;ocean;0
9845;4;73;49;sea;true;ocean;0
9846;50;3;34;sea;true;ocean;0
9847;14;57;0;sea;false;ocean;0
9848;29;8;0;sea;true;ocean;0
9849;28;1;14;sea;false;ocean;0
9850;4;50;65;sea;true;ocean;0
9851;15;2;63;sea;false;ocean;0
9852;17;33;0;sea;true;ocean;0
9853;35;2;44;sea;false;ocean;0
9854;57;1;36;sea;false;ocean;0
9855;20;0;20;sea;false;ocean;0
9856;95;63;2;sea;false;ocean;0
9857;1;46;9;sea;true;ocean;0
9858;4;60;61;sea;true;ocean;0
9859;26;3;59;sea;false;ocean;0
9860;2;50;43;sea;false;ocean;0
9861;1;89;47;sea;false;ocean;0
9862;1;52;65;sea;false;ocean;0
9863;38;1;5;sea;true;ocean;0
9864;0;4;33;sea;false;ocean;0
9865;6;50;0;sea;false;ocean;0
9866;4;43;2;sea;true;ocean;0
9867;33;0;52;sea;false;ocean;0
9868;42;0;58;sea;false;ocean;0
9869;4;33;0;sea;true;ocean;0
9870;2;75;60;sea;true;ocean;0
9871;4;70;79;sea;false;ocean;0
9872;28;20;1;sea;true;ocean;0
9873;1;26;33;sea;false;ocean;0
9874;27;10;90;sea;false;ocean;0
9875;0;22;41;sea;false;ocean;0
9876;89;25;2;sea;false;ocean;0
9877;78;1;16;sea;false;ocean;0
9878;11;0;30;sea;false;ocean;0
9879;31;1;77;sea;false;ocean;0
9880;30;1;25;sea;false;ocean;0
9881;29;59;1;sea;false;ocean;0
9882;41;28;1;sea;false;ocean;0
9883;1;46;29;sea;false;ocean;0
9884;30;94;0;sea;true;ocean;0
9885;16;3;66;sea;false;ocean;0
9886;14;1;32;sea;true;ocean;0
9887;60;42;0;sea;false;ocean;0
9888;27;5;1;sea;false;ocean;0
9889;28;0;17;sea;true;ocean;0
9890;18;63;1;sea;true;ocean;0
9891;14;2;60;sea;false;ocean;0
9892;13;4;61;sea;false;ocean;0
9893;41;0;5;sea;false;ocean;0
9894;6;1;31;sea;false;ocean;0
9895;1;30;8;sea;false;ocean;0
9896;56;2;65;sea;false;ocean;0
9897;61;1;34;sea;false;ocean;0
9898;27;0;60;sea;false;ocean;0
9899;4;53;80;sea;false;ocean;0
9900;50;57;3;sea;false;ocean;0
9901;0;25;27;sea;false;ocean;0
9902;2;36;60;sea;true;ocean;0
9903;97;53;2;sea;false;ocean;0
9904;0;42;9;sea;false;ocean;0
9905;1;54;13;sea;false;ocean;0
9906;84;6;93;sea;true;ocean;0
9907;83;4;60;sea;false;ocean;0
9908;85;21;8;sea;false;ocean;0
9909;50;62;1;sea;true;ocean;0
9910;78;10;6;sea;false;ocean;0
9911;6;81;94;sea;false;ocean;0
9912;78;2;33;sea;true;ocean;0
9913;39;1;20;sea;true;ocean;0
9914;38;1;29;sea;false;ocean;0
9915;4;1;64;sea;false;ocean;0
9916;50;66;4;sea;false;ocean;0
9917;37;4;60;sea;false;ocean;0
9918;26;0;25;sea;true;ocean;0
9919;6;23;76;sea;false;ocean;0
9920;41;53;2;sea;false;ocean;0
9921;82;7;74;sea;false;ocean;0
9922;3;85;85;sea;true;ocean;0
9923;3;56;33;sea;true;ocean;0
9924;30;0;3;sea;false;ocean;0
9925;1;58;97;sea;true;ocean;0
9926;7;28;0;sea;true;ocean;0
9927;35;0;77;sea;false;ocean;0
9928;35;1;46;sea;false;ocean;0
9929;6;71;65;sea;false;ocean;0
9930;1;64;48;sea;true;ocean;0
9931;4;3;63;sea;false;ocean;0
9932;2;44;66;sea;true;ocean;0
9933;1;75;22;sea;false;ocean;0
9934;1;18;32;sea;false;ocean;0
9935;43;0;42;sea;false;ocean;0
9936;89;8;10;sea;false;ocean;0
9937;83;4;40;sea;true;ocean;0
9938;36;4;87;sea;false;ocean;0
9939;5;71;5;sea;false;ocean;0
9940;3;61;15;sea;false;ocean;0
9941;0;26;21;sea;false;ocean;0
9942;38;90;5;sea;false;ocean;0
9943;1;38;17;sea;false;ocean;0
9944;1;26;64;sea;false;ocean;0
9945;4;44;76;sea;true;ocean;0
9946;45;76;4;sea;false;ocean;0
9947;3;62;76;sea;true;ocean;0
9948;44;12;0;sea;false;ocean;0
9949;54;40;2;sea;false;ocean;0
9950;1;13;56;sea;false;ocean;0
9951;0;32;21;sea;false;ocean;0
9952;59;3;32;sea;false;ocean;0
9953;5;66;63;sea;true;ocean;0
9954;0;21;3;sea;false;ocean;0
9955;2;32;54;sea;false;ocean;0
9956;99;59;3;sea;false;ocean;0
9957;83;44;5;sea;false;ocean;0
9958;3;83;65;sea;false;ocean;0
9959;2;47;58;sea;false;ocean;0
9960;57;20;2;sea;true;ocean;0
9961;0;22;5;sea;false;ocean;0
9962;53;8;2;sea;false;ocean;0
9963;33;0;89;sea;false;ocean;0
9964;42;95;3;sea;false;ocean;0
9965;31;1;41;sea;false;ocean;0
9966;70;6;91;sea;false;ocean;0
9967;67;5;17;sea;true;ocean;0
9968;0;26;25;sea;false;ocean;0
9969;6;12;89;sea;false;ocean;0
9970;29;82;3;sea;false;ocean;0
9971;65;70;1;sea;true;ocean;0
9972;73;0;59;sea;false;ocean;0
9973;3;55;31;sea;false;ocean;0
9974;80;32;4;sea;false;ocean;0
9975;1;40;53;sea;false;ocean;0
9976;0;40;38;sea;true;ocean;0
9977;8;68;3;sea;true;ocean;0
9978;1;32;5;sea;false;ocean;0
9979;2;28;55;sea;false;ocean;0
9980;1;7;34;sea;false;ocean;0
9981;34;88;7;sea;false;ocean;0
9982;37;91;8;sea;false;ocean;0
9983;1;37;11;sea;true;ocean;0
9984;43;27;1;sea;false;ocean;0
9985;2;47;54;sea;false;ocean;0
9986;23;2;57;sea;true;ocean;0
9987;54;28;3;sea;false;ocean;0
9988;58;3;41;sea;false;ocean;0
9989;23;4;65;sea;true;ocean;0
9990;43;1;37;sea;false;ocean;0
9991;40;0;26;sea;false;ocean;0
9992;4;0;22;sea;false;ocean;0
9993;46;18;0;sea;false;ocean;0
9994;56;58;2;sea;false;ocean;0
9995;7;85;73;sea;false;ocean;0
9996;94;6;54;sea;false;ocean;0
9997;0;56;16;sea;false;ocean;0
9998;11;1;47;sea;false;ocean;0
9999;18;76;3;sea;false;ocean;0
10000;50;26;1;sea;false;ocean;0
10001;34;1;22;sea;false;ocean;0
10002;1;44;13;sea;false;ocean;0
10003;35;10;1;sea;false;ocean;0
10004;75;4;96;sea;true;ocean;0
10005;32;9;91;sea;false;ocean;0
10006;17;38;1;sea;false;ocean;0
10007;8;2;39;sea;false;ocean;0
10008;32;1;20;sea;false;ocean;0
10009;0;6;37;sea;true;ocean;0
10010;5;73;1;sea;true;ocean;0
10011;27;24;0;sea;false;ocean;0
10012;6;43;2;sea;false;ocean;0
10013;38;9;0;sea;false;ocean;0
10014;48;42;1;sea;false;ocean;0
10015;64;89;5;sea;true;ocean;0
10016;0;20;72;sea;false;ocean;0
10017;42;2;62;sea;false;ocean;0
10018;40;1;28;sea;true;ocean;0
10019;3;97;21;sea;true;ocean;0
10020;6;81;9;sea;false;ocean;0
10021;81;82;1;sea;false;ocean;0
10022;42;48;1;sea;false;ocean;0
10023;1;37;7;sea;false;ocean;0
10024;93;27;5;sea;true;ocean;0
10025;1;100;92;sea;false;ocean;0
10026;4;38;0;sea;false;ocean;0
10027;40;0;22;sea;false;ocean;0
10028;7;27;0;sea;false;ocean;0
10029;69;4;40;sea;false;ocean;0
10030;29;1;14;sea;false;ocean;0
10031;74;2;27;sea;false;ocean;0
10032;1;49;58;sea;false;ocean;0
10033;15;1;65;sea;false;ocean;0
10034;5;23;0;sea;false;ocean;0
10035;58;19;1;sea;false;ocean;0
10036;5;84;91;sea;false;ocean;0
10037;34;2;90;sea;false;ocean;0
10038;26;2;1;sea;false;ocean;0
10039;25;0;16;sea;false;ocean;0
10040;2;49;74;sea;false;ocean;0
10041;1;41;62;sea;false;ocean;0
10042;2;43;28;sea;false;ocean;0
10043;61;69;5;sea;false;ocean;0
10044;80;68;0;sea;false;ocean;0
10045;65;80;2;sea;false;ocean;0
10046;54;17;1;sea;false;ocean;0
10047;39;28;1;sea;true;ocean;0
10048;9;2;47;sea;false;ocean;0
10049;98;18;3;sea;true;ocean;0
10050;1;31;32;sea;false;ocean;0
10051;4;71;7;sea;false;ocean;0
10052;0;54;52;sea;false;ocean;0
10053;97;4;61;sea;false;ocean;0
10054;42;1;11;sea;true;ocean;0
10055;67;2;7;sea;true;ocean;0
10056;15;0;47;sea;false;ocean;0
10057;4;68;65;sea;true;ocean;0
10058;31;13;0;sea;true;ocean;0
10059;3;60;69;sea;true;ocean;0
10060;5;86;11;sea;false;ocean;0
10061;58;2;34;sea;true;ocean;0
10062;76;4;95;sea;false;ocean;0
10063;55;3;10;sea;false;ocean;0
10064;1;19;37;sea;false;ocean;0
10065;53;53;3;sea;false;ocean;0
10066;19;0;33;sea;true;ocean;0
10067;71;0;34;sea;true;ocean;0
10068;1;49;46;sea;true;ocean;0
10069;13;39;0;sea;false;ocean;0
10070;59;7;0;sea;false;ocean;0
10071;53;34;2;sea;false;ocean;0
10072;3;61;63;sea;false;ocean;0
10073;1;74;56;sea;false;ocean;0
10074;27;3;50;sea;false;ocean;0
10075;25;0;4;sea;false;ocean;0
10076;38;26;0;sea;true;ocean;0
10077;3;10;79;sea;false;ocean;0
10078;61;4;65;sea;false;ocean;0
10079;29;0;28;sea;true;ocean;0
10080;0;12;25;sea;true;ocean;0
10081;0;20;32;sea;false;ocean;0
10082;96;3;45;sea;false;ocean;0
10083;22;3;64;sea;true;ocean;0
10084;4;93;83;sea;false;ocean;0
10085;31;64;2;sea;true;ocean;0
10086;6;45;82;sea;true;ocean;0
10087;1;35;44;sea;true;ocean;0
10088;82;2;87;sea;false;ocean;0
10089;1;22;58;sea;false;ocean;0
10090;71;3;17;sea;false;ocean;0
10091;56;89;7;sea;false;ocean;0
10092;30;3;0;sea;false;ocean;0
10093;5;93;53;sea;false;ocean;0
10094;29;85;1;sea;false;ocean;0
10095;25;1;26;sea;true;ocean;0
10096;49;2;32;sea;false;ocean;0
10097;51;2;2;sea;true;ocean;0
10098;23;82;7;sea;false;ocean;0
10099;1;61;34;sea;false;ocean;0
10100;0;60;2;sea;false;ocean;0
10101;36;44;1;sea;false;ocean;0
10102;7;25;1;sea;true;ocean;0
10103;55;3;22;sea;false;ocean;0
10104;75;0;75;sea;true;ocean;0
10105;2;97;63;sea;false;ocean;0
10106;45;0;38;sea;true;ocean;0
10107;84;86;1;sea;false;ocean;0
10108;31;37;0;sea;false;ocean;0
10109;56;3;30;sea;false;ocean;0
10110;0;100;57;sea;false;ocean;0
10111;35;22;1;sea;false;ocean;0
10112;0;64;69;sea;false;ocean;0
10113;2;24;60;sea;false;ocean;0
10114;1;2;62;sea;false;ocean;0
10115;79;4;4;sea;false;ocean;0
10116;2;45;20;sea;false;ocean;0
10117;47;2;36;sea;true;ocean;0
10118;3;74;46;sea;false;ocean;0
10119;64;2;6;sea;false;ocean;0
10120;84;6;12;sea;false;ocean;0
10121;1;41;22;sea;false;ocean;0
10122;31;0;3;sea;true;ocean;0
10123;87;5;53;sea;true;ocean;0
10124;1;35;16;sea;false;ocean;0
10125;6;24;92;sea;true;ocean;0
10126;45;75;6;sea;false;ocean;0
10127;62;85;5;sea;false;ocean;0
10128;83;80;6;sea;false;ocean;0
10129;81;4;18;sea;false;ocean;0
10130;38;1;44;sea;true;ocean;0
10131;53;2;19;sea;false;ocean;0
10132;44;2;5;sea;false;ocean;0
10133;0;30;1;sea;false;ocean;0
10134;85;3;51;sea;true;ocean;0
10135;9;61;2;sea;false;ocean;0
10136;61;20;1;sea;false;ocean;0
10137;1;29;74;sea;false;ocean;0
10138;93;2;86;sea;false;ocean;0
10139;37;0;15;sea;true;ocean;0
10140;47;52;1;sea;true;ocean;0
10141;13;24;1;sea;false;ocean;0
10142;42;90;4;sea;false;ocean;0
10143;39;0;45;sea;false;ocean;0
10144;6;85;5;sea;false;ocean;0
10145;60;1;6;sea;false;ocean;0
10146;0;34;28;sea;true;ocean;0
10147;2;45;0;sea;true;ocean;0
10148;1;26;8;sea;true;ocean;0
10149;26;30;1;sea;false;ocean;0
10150;14;0;29;sea;false;ocean;0
10151;68;4;63;sea;false;ocean;0
10152;79;53;5;sea;true;ocean;0
10153;43;2;35;sea;false;ocean;0
10154;3;25;0;sea;false;ocean;0
10155;85;7;75;sea;false;ocean;0
10156;30;39;0;sea;true;ocean;0
10157;4;68;61;sea;false;ocean;0
10158;66;30;1;sea;false;ocean;0
10159;6;79;37;sea;true;ocean;0
10160;4;37;93;sea;false;ocean;0
10161;35;5;87;sea;true;ocean;0
10162;5;3;60;sea;false;ocean;0
10163;28;0;8;sea;false;ocean;0
10164;33;46;2;sea;false;ocean;0
10165;6;30;83;sea;false;ocean;0
10166;72;3;15;sea;false;ocean;0
10167;71;6;3;sea;false;ocean;0
10168;2;92;65;sea;false;ocean;0
10169;17;78;2;sea;false;ocean;0
10170;39;4;68;sea;true;ocean;0
10171;63;2;74;sea;false;ocean;0
10172;24;55;2;sea;false;ocean;0
10173;88;4;78;sea;false;ocean;0
10174;6;19;77;sea;false;ocean;0
10175;27;1;38;sea;true;ocean;0
10176;7;79;38;sea;false;ocean;0
10177;57;93;5;sea;false;ocean;0
10178;58;92;5;sea;false;ocean;0
10179;0;14;26;sea;false;ocean;0
10180;62;65;1;sea;false;ocean;0
10181;44;28;1;sea;false;ocean;0
10182;0;37;12;sea;true;ocean;0
10183;11;44;0;sea;false;ocean;0
10184;83;7;89;sea;false;ocean;0
10185;76;0;15;sea;true;ocean;0
10186;20;0;21;sea;true;ocean;0
10187;21;26;0;sea;false;ocean;0
10188;24;0;23;sea;false;ocean;0
10189;1;40;4;sea;false;ocean;0
10190;59;3;5;sea;false;ocean;0
10191;40;37;1;sea;false;ocean;0
10192;34;42;2;sea;false;ocean;0
10193;51;44;2;sea;false;ocean;0
10194;6;80;35;sea;false;ocean;0
10195;1;42;37;sea;false;ocean;0
10196;1;30;27;sea;true;ocean;0
10197;91;8;73;sea;false;ocean;0
10198;2;62;33;sea;false;ocean;0
10199;35;1;23;sea;false;ocean;0
10200;91;36;5;sea;true;ocean;0
10201;0;44;4;sea;true;ocean;0
10202;28;20;0;sea;false;ocean;0
10203;75;32;6;sea;false;ocean;0
10204;67;4;14;sea;false;ocean;0
10205;5;39;70;sea;false;ocean;0
10206;1;39;34;sea;true;ocean;0
10207;0;22;40;sea;false;ocean;0
10208;5;72;58;sea;false;ocean;0
10209;36;2;57;sea;false;ocean;0
10210;69;5;14;sea;false;ocean;0
10211;3;46;71;sea;true;ocean;0
10212;26;7;0;sea;false;ocean;0
10213;2;55;20;sea;false;ocean;0
10214;4;85;79;sea;false;ocean;0
10215;64;1;35;sea;false;ocean;0
10216;11;0;29;sea;false;ocean;0
10217;20;0;1;sea;false;ocean;0
10218;55;93;0;sea;false;ocean;0
10219;39;18;0;sea;false;ocean;0
10220;1;62;67;sea;false;ocean;0
10221;1;17;33;sea;false;ocean;0
10222;72;72;6;sea;false;ocean;0
10223;26;0;46;sea;false;ocean;0
10224;53;2;55;sea;true;ocean;0
10225;70;1;73;sea;false;ocean;0
10226;43;2;68;sea;false;ocean;0
10227;40;1;45;sea;false;ocean;0
10228;42;2;9;sea;false;ocean;0
10229;27;62;2;sea;false;ocean;0
10230;0;38;30;sea;false;ocean;0
10231;1;30;15;sea;false;ocean;0
10232;0;11;35;sea;false;ocean;0
10233;2;67;72;sea;false;ocean;0
10234;35;1;27;sea;false;ocean;0
10235;4;77;55;sea;true;ocean;0
10236;47;1;72;sea;false;ocean;0
10237;82;6;59;sea;false;ocean;0
10238;32;4;60;sea;false;ocean;0
10239;86;1;97;sea;true;ocean;0
10240;53;31;0;sea;true;ocean;0
10241;45;1;28;sea;false;ocean;0
10242;43;3;62;sea;false;ocean;0
10243;0;28;34;sea;false;ocean;0
10244;83;43;0;sea;true;ocean;0
10245;38;12;1;sea;false;ocean;0
10246;42;42;2;sea;false;ocean;0
10247;23;1;36;sea;false;ocean;0
10248;46;1;61;sea;false;ocean;0
10249;0;18;26;sea;false;ocean;0
10250;32;9;0;sea;true;ocean;0
10251;5;1;35;sea;true;ocean;0
10252;15;25;0;sea;false;ocean;0
10253;38;1;28;sea;false;ocean;0
10254;45;57;0;sea;false;ocean;0
10255;26;0;26;sea;false;ocean;0
10256;3;36;0;sea;true;ocean;0
10257;96;2;11;sea;false;ocean;0
10258;65;3;17;sea;false;ocean;0
10259;34;51;1;sea;false;ocean;0
10260;1;58;96;sea;false;ocean;0
10261;3;58;26;sea;true;ocean;0
10262;49;30;1;sea;true;ocean;0
10263;7;33;80;sea;false;ocean;0
10264;73;3;8;sea;false;ocean;0
10265;22;23;0;sea;false;ocean;0
10266;2;72;33;sea;false;ocean;0
10267;75;2;66;sea;true;ocean;0
10268;3;54;18;sea;false;ocean;0
10269;59;1;81;sea;true;ocean;0
10270;92;21;1;sea;false;ocean;0
10271;18;1;33;sea;false;ocean;0
10272;73;56;4;sea;false;ocean;0
10273;94;6;29;sea;true;ocean;0
10274;60;2;8;sea;true;ocean;0
10275;62;38;3;sea;false;ocean;0
10276;0;26;20;sea;false;ocean;0
10277;90;6;7;sea;false;ocean;0
10278;7;83;91;sea;false;ocean;0
10279;53;68;0;sea;true;ocean;0
10280;72;1;31;sea;false;ocean;0
10281;17;0;24;sea;false;ocean;0
10282;14;1;55;sea;true;ocean;0
10283;36;8;92;sea;true;ocean;0
10284;21;0;0;sea;true;ocean;0
10285;6;66;80;sea;false;ocean;0
10286;37;1;76;sea;true;ocean;0
10287;28;3;52;sea;false;ocean;0
10288;5;21;87;sea;false;ocean;0
10289;42;1;38;sea;false;ocean;0
10290;5;76;60;sea;false;ocean;0
10291;76;29;1;sea;false;ocean;0
10292;4;77;47;sea;false;ocean;0
10293;75;5;41;sea;false;ocean;0
10294;24;1;14;sea;false;ocean;0
10295;1;24;51;sea;true;ocean;0
10296;3;72;6;sea;false;ocean;0
10297;13;44;1;sea;false;ocean;0
10298;50;65;1;sea;false;ocean;0
10299;34;26;0;sea;false;ocean;0
10300;75;3;57;sea;true;ocean;0
10301;0;22;4;sea;true;ocean;0
10302;45;1;4;sea;false;ocean;0
10303;3;76;80;sea;false;ocean;0
10304;44;8;92;sea;false;ocean;0
10305;1;48;32;sea;false;ocean;0
10306;3;20;66;sea;false;ocean;0
10307;11;24;0;sea;true;ocean;0
10308;80;1;42;sea;false;ocean;0
10309;4;70;25;sea;false;ocean;0
10310;3;73;28;sea;true;ocean;0
10311;51;12;1;sea;false;ocean;0
10312;3;61;26;sea;true;ocean;0
10313;48;1;54;sea;false;ocean;0
10314;82;89;3;sea;true;ocean;0
10315;2;50;20;sea;false;ocean;0
10316;1;13;45;sea;false;ocean;0
10317;72;60;0;sea;false;ocean;0
10318;2;35;63;sea;true;ocean;0
10319;76;6;66;sea;false;ocean;0
10320;80;92;7;sea;false;ocean;0
10321;28;52;3;sea;false;ocean;0
10322;33;38;1;sea;false;ocean;0
10323;44;2;93;sea;false;ocean;0
10324;30;36;1;sea;false;ocean;0
10325;64;51;3;sea;false;ocean;0
10326;26;62;4;sea;false;ocean;0
10327;53;4;94;sea;false;ocean;0
10328;92;0;3;sea;false;ocean;0
10329;0;5;24;sea;false;ocean;0
10330;51;72;2;sea;true;ocean;0
10331;78;1;67;sea;false;ocean;0
10332;4;5;85;sea;false;ocean;0
10333;34;1;9;sea;false;ocean;0
10334;50;5;79;sea;false;ocean;0
10335;48;3;2;sea;false;ocean;0
10336;11;71;5;sea;false;ocean;0
10337;44;14;1;sea;false;ocean;0
10338;0;26;12;sea;false;ocean;0
10339;12;53;2;sea;false;ocean;0
10340;1;38;8;sea;false;ocean;0
10341;51;3;11;sea;false;ocean;0
10342;89;92;7;sea;false;ocean;0
10343;7;88;8;sea;false;ocean;0
10344;72;1;7;sea;false;ocean;0
10345;3;18;51;sea;false;ocean;0
10346;21;6;0;sea;true;ocean;0
10347;15;61;2;sea;false;ocean;0
10348;6;95;80;sea;false;ocean;0
10349;29;0;5;sea;true;ocean;0
10350;0;40;43;sea;false;ocean;0
10351;1;28;31;sea;true;ocean;0
10352;40;1;29;sea;true;ocean;0
10353;0;29;0;sea;false;ocean;0
10354;46;89;2;sea;false;ocean;0
10355;2;28;60;sea;false;ocean;0
10356;1;7;29;sea;false;ocean;0
10357;33;1;23;sea;false;ocean;0
10358;2;4;69;sea;false;ocean;0
10359;56;65;3;sea;false;ocean;0
10360;3;70;65;sea;true;ocean;0
10361;7;81;52;sea;true;ocean;0
10362;1;61;57;sea;false;ocean;0
10363;17;1;30;sea;false;ocean;0
10364;3;52;15;sea;false;ocean;0
10365;32;2;44;sea;false;ocean;0
10366;37;33;1;sea;false;ocean;0
10367;0;14;82;sea;false;ocean;0
10368;7;91;58;sea;false;ocean;0
10369;2;49;50;sea;true;ocean;0
10370;77;36;2;sea;false;ocean;0
10371;7;60;80;sea;false;ocean;0
10372;59;1;13;sea;false;ocean;0
10373;32;52;3;sea;false;ocean;0
10374;2;55;80;sea;false;ocean;0
10375;11;1;34;sea;false;ocean;0
10376;5;90;57;sea;false;ocean;0
10377;26;4;0;sea;false;ocean;0
10378;41;21;0;sea;true;ocean;0
10379;87;6;96;sea;false;ocean;0
10380;35;46;1;sea;false;ocean;0
10381;0;53;25;sea;false;ocean;0
10382;71;2;24;sea;true;ocean;0
10383;12;0;31;sea;false;ocean;0
10384;2;65;63;sea;false;ocean;0
10385;60;1;35;sea;false;ocean;0
10386;54;2;53;sea;false;ocean;0
10387;88;3;31;sea;false;ocean;0
10388;75;2;23;sea;false;ocean;0
10389;44;1;27;sea;false;ocean;0
10390;0;56;102;sea;false;ocean;0
10391;27;6;1;sea;false;ocean;0
10392;18;34;0;sea;false;ocean;0
10393;0;10;22;sea;false;ocean;0
10394;90;58;7;sea;false;ocean;0
10395;45;0;82;sea;false;ocean;0
10396;42;1;10;sea;true;ocean;0
10397;0;19;36;sea;false;ocean;0
10398;70;80;1;sea;false;ocean;0
10399;1;61;53;sea;false;ocean;0
10400;58;38;1;sea;false;ocean;0
10401;4;67;51;sea;false;ocean;0
10402;77;1;79;sea;true;ocean;0
10403;57;77;4;sea;false;ocean;0
10404;1;55;53;sea;false;ocean;0
10405;2;21;44;sea;false;ocean;0
10406;65;2;63;sea;false;ocean;0
10407;2;82;21;sea;false;ocean;0
10408;20;2;48;sea;false;ocean;0
10409;41;2;12;sea;false;ocean;0
10410;61;9;3;sea;false;ocean;0
10411;59;7;1;sea;false;ocean;0
10412;13;0;83;sea;false;ocean;0
10413;64;4;86;sea;false;ocean;0
10414;39;0;52;sea;false;ocean;0
10415;0;6;26;sea;false;ocean;0
10416;1;26;23;sea;false;ocean;0
10417;0;23;26;sea;false;ocean;0
10418;47;61;4;sea;false;ocean;0
10419;93;9;72;sea;false;ocean;0
10420;51;28;1;sea;true;ocean;0
10421;0;10;26;sea;false;ocean;0
10422;5;96;20;sea;true;ocean;0
10423;36;34;0;sea;false;ocean;0
10424;0;18;39;sea;true;ocean;0
10425;58;1;43;sea;false;ocean;0
10426;3;90;89;sea;false;ocean;0
10427;39;62;1;sea;false;ocean;0
10428;3;27;1;sea;false;ocean;0
10429;4;18;72;sea;false;ocean;0
10430;85;17;7;sea;false;ocean;0
10431;83;3;1;sea;false;ocean;0
10432;91;78;7;sea;false;ocean;0
10433;64;8;90;sea;true;ocean;0
10434;1;34;99;sea;true;ocean;0
10435;18;1;29;sea;false;ocean;0
10436;47;7;1;sea;false;ocean;0
10437;5;77;22;sea;false;ocean;0
10438;22;2;81;sea;false;ocean;0
10439;1;36;11;sea;false;ocean;0
10440;55;87;5;sea;false;ocean;0
10441;2;52;21;sea;false;ocean;0
10442;62;1;37;sea;true;ocean;0
10443;7;0;40;sea;false;ocean;0
10444;8;4;77;sea;false;ocean;0
10445;50;3;68;sea;false;ocean;0
10446;1;68;66;sea;true;ocean;0
10447;96;3;34;sea;true;ocean;0
10448;0;29;44;sea;false;ocean;0
10449;9;2;54;sea;true;ocean;0
10450;57;1;26;sea;true;ocean;0
10451;1;31;57;sea;true;ocean;0
10452;12;20;0;sea;false;ocean;0
10453;21;3;0;sea;false;ocean;0
10454;0;18;43;sea;false;ocean;0
10455;1;50;31;sea;false;ocean;0
10456;35;0;6;sea;false;ocean;0
10457;25;1;1;sea;false;ocean;0
10458;3;83;12;sea;false;ocean;0
10459;1;25;54;sea;false;ocean;0
10460;71;5;50;sea;false;ocean;0
10461;1;80;4;sea;false;ocean;0
10462;4;66;42;sea;false;ocean;0
10463;40;0;43;sea;false;ocean;0
10464;10;87;0;sea;false;ocean;0
10465;33;0;30;sea;false;ocean;0
10466;52;1;28;sea;false;ocean;0
10467;79;1;59;sea;false;ocean;0
10468;41;2;20;sea;false;ocean;0
10469;81;72;4;sea;false;ocean;0
10470;85;5;8;sea;false;ocean;0
10471;39;0;44;sea;false;ocean;0
10472;43;85;8;sea;false;ocean;0
10473;62;2;35;sea;false;ocean;0
10474;86;4;11;sea;false;ocean;0
10475;26;30;0;sea;false;ocean;0
10476;69;5;21;sea;false;ocean;0
10477;4;1;45;sea;false;ocean;0
10478;4;72;86;sea;false;ocean;0
10479;21;72;4;sea;false;ocean;0
10480;1;31;13;sea;false;ocean;0
10481;2;53;19;sea;true;ocean;0
10482;38;2;53;sea;false;ocean;0
10483;90;7;69;sea;false;ocean;0
10484;0;35;21;sea;false;ocean;0
10485;4;68;60;sea;false;ocean;0
10486;39;54;2;sea;false;ocean;0
10487;22;6;93;sea;false;ocean;0
10488;27;44;1;sea;false;ocean;0
10489;73;88;8;sea;false;ocean;0
10490;7;17;81;sea;false;ocean;0
10491;18;20;0;sea;true;ocean;0
10492;52;31;2;sea;true;ocean;0
10493;44;85;3;sea;false;ocean;0
10494;0;13;30;sea;false;ocean;0
10495;46;4;81;sea;false;ocean;0
10496;22;45;1;sea;false;ocean;0
10497;46;2;56;sea;false;ocean;0
10498;1;9;36;sea;false;ocean;0
10499;65;4;68;sea;false;ocean;0
10500;66;95;5;sea;true;ocean;0
10501;18;68;5;sea;false;ocean;0
10502;6;19;76;sea;false;ocean;0
10503;5;22;68;sea;true;ocean;0
10504;56;57;1;sea;true;ocean;0
10505;8;21;94;sea;false;ocean;0
10506;99;0;3;sea;true;ocean;0
10507;32;87;8;sea;false;ocean;0
10508;11;88;6;sea;false;ocean;0
10509;30;1;43;sea;false;ocean;0
10510;30;0;98;sea;false;ocean;0
10511;57;1;34;sea;false;ocean;0
10512;1;31;17;sea;false;ocean;0
10513;17;50;2;sea;false;ocean;0
10514;24;3;90;sea;false;ocean;0
10515;71;3;50;sea;false;ocean;0
10516;9;1;30;sea;false;ocean;0
10517;83;65;7;sea;false;ocean;0
10518;3;70;13;sea;true;ocean;0
10519;58;0;53;sea;false;ocean;0
10520;21;26;1;sea;false;ocean;0
10521;1;2;92;sea;false;ocean;0
10522;0;7;24;sea;false;ocean;0
10523;4;52;88;sea;false;ocean;0
10524;9;48;0;sea;false;ocean;0
10525;51;38;1;sea;true;ocean;0
10526;1;89;45;sea;false;ocean;0
10527;93;7;6;sea;false;ocean;0
10528;45;33;0;sea;true;ocean;0
10529;2;92;54;sea;false;ocean;0
10530;82;2;13;sea;false;ocean;0
10531;1;30;26;sea;false;ocean;0
10532;43;52;0;sea;true;ocean;0
10533;63;68;3;sea;false;ocean;0
10534;72;41;5;sea;true;ocean;0
10535;28;25;1;sea;true;ocean;0
10536;8;0;73;sea;false;ocean;0
10537;71;9;90;sea;false;ocean;0
10538;1;36;39;sea;false;ocean;0
10539;22;15;0;sea;false;ocean;0
10540;44;89;7;sea;false;ocean;0
10541;63;89;1;sea;false;ocean;0
10542;48;72;5;sea;false;ocean;0
10543;31;63;1;sea;true;ocean;0
10544;0;23;74;sea;false;ocean;0
10545;2;97;85;sea;false;ocean;0
10546;3;66;53;sea;true;ocean;0
10547;52;77;6;sea;false;ocean;0
10548;5;25;0;sea;false;ocean;0
10549;1;29;36;sea;false;ocean;0
10550;1;20;35;sea;false;ocean;0
10551;33;54;2;sea;true;ocean;0
10552;7;50;90;sea;false;ocean;0
10553;2;46;18;sea;false;ocean;0
10554;5;2;56;sea;false;ocean;0
10555;25;31;1;sea;true;ocean;0
10556;1;7;76;sea;false;ocean;0
10557;31;3;0;sea;true;ocean;0
10558;1;21;81;sea;false;ocean;0
10559;98;84;1;sea;false;ocean;0
10560;26;75;0;sea;false;ocean;0
10561;63;4;12;sea;false;ocean;0
10562;1;45;29;sea;false;ocean;0
10563;1;60;23;sea;true;ocean;0
10564;53;54;3;sea;false;ocean;0
10565;1;39;25;sea;true;ocean;0
10566;31;83;7;sea;false;ocean;0
10567;1;54;11;sea;true;ocean;0
10568;40;0;68;sea;false;ocean;0
10569;3;54;31;sea;false;ocean;0
10570;79;2;73;sea;false;ocean;0
10571;56;95;2;sea;true;ocean;0
10572;17;29;1;sea;true;ocean;0
10573;68;2;98;sea;true;ocean;0
10574;31;1;67;sea;false;ocean;0
10575;0;37;37;sea;false;ocean;0
10576;82;0;65;sea;false;ocean;0
10577;3;89;82;sea;false;ocean;0
10578;79;7;14;sea;true;ocean;0
10579;1;99;20;sea;true;ocean;0
10580;53;4;62;sea;true;ocean;0
10581;1;1;65;sea;true;ocean;0
10582;0;24;23;sea;false;ocean;0
10583;39;35;0;sea;false;ocean;0
10584;2;92;46;sea;false;ocean;0
10585;22;1;38;sea;true;ocean;0
10586;46;2;20;sea;false;ocean;0
10587;22;9;0;sea;false;ocean;0
10588;92;6;82;sea;false;ocean;0
10589;9;0;28;sea;true;ocean;0
10590;49;30;2;sea;true;ocean;0
10591;30;2;53;sea;true;ocean;0
10592;1;45;9;sea;false;ocean;0
10593;63;7;85;sea;false;ocean;0
10594;36;0;40;sea;true;ocean;0
10595;26;37;1;sea;false;ocean;0
10596;2;49;23;sea;false;ocean;0
10597;41;15;1;sea;false;ocean;0
10598;5;81;91;sea;true;ocean;0
10599;54;7;3;sea;true;ocean;0
10600;0;39;17;sea;true;ocean;0
10601;59;1;80;sea;false;ocean;0
10602;4;57;57;sea;false;ocean;0
10603;52;0;33;sea;false;ocean;0
10604;60;51;2;sea;false;ocean;0
10605;78;1;58;sea;false;ocean;0
10606;1;33;21;sea;false;ocean;0
10607;1;21;34;sea;false;ocean;0
10608;45;1;23;sea;false;ocean;0
10609;96;58;1;sea;false;ocean;0
10610;33;17;0;sea;false;ocean;0
10611;0;10;66;sea;false;ocean;0
10612;17;2;63;sea;false;ocean;0
10613;6;92;13;sea;false;ocean;0
10614;27;3;0;sea;false;ocean;0
10615;19;4;71;sea;true;ocean;0
10616;82;17;7;sea;false;ocean;0
10617;17;0;31;sea;false;ocean;0
10618;1;53;17;sea;true;ocean;0
10619;27;16;0;sea;false;ocean;0
10620;12;43;2;sea;false;ocean;0
10621;6;30;0;sea;false;ocean;0
10622;21;0;1;sea;false;ocean;0
10623;1;15;29;sea;false;ocean;0
10624;77;80;6;sea;true;ocean;0
10625;10;43;0;sea;true;ocean;0
10626;1;34;59;sea;false;ocean;0
10627;49;1;27;sea;true;ocean;0
10628;80;63;3;sea;false;ocean;0
10629;85;5;68;sea;false;ocean;0
10630;80;3;88;sea;false;ocean;0
10631;27;0;38;sea;false;ocean;0
10632;37;72;3;sea;true;ocean;0
10633;55;11;2;sea;true;ocean;0
10634;5;47;72;sea;false;ocean;0
10635;2;49;43;sea;false;ocean;0
10636;32;13;1;sea;true;ocean;0
10637;80;50;1;sea;false;ocean;0
10638;4;29;61;sea;true;ocean;0
10639;34;1;4;sea;false;ocean;0
10640;6;82;1;sea;true;ocean;0
10641;74;4;5;sea;false;ocean;0
10642;30;51;0;sea;false;ocean;0
10643;23;83;3;sea;true;ocean;0
10644;73;1;82;sea;false;ocean;0
10645;66;3;83;sea;false;ocean;0
10646;43;30;1;sea;false;ocean;0
10647;70;2;24;sea;false;ocean;0
10648;3;69;16;sea;false;ocean;0
10649;3;97;7;sea;false;ocean;0
10650;1;7;32;sea;false;ocean;0
10651;94;20;2;sea;false;ocean;0
10652;61;3;52;sea;false;ocean;0
10653;90;50;8;sea;false;ocean;0
10654;74;3;16;sea;false;ocean;0
10655;8;62;87;sea;true;ocean;0
10656;60;20;2;sea;false;ocean;0
10657;40;4;86;sea;false;ocean;0
10658;83;49;8;sea;false;ocean;0
10659;16;28;0;sea;false;ocean;0
10660;86;11;5;sea;true;ocean;0
10661;0;5;25;sea;false;ocean;0
10662;25;47;1;sea;true;ocean;0
10663;16;38;1;sea;false;ocean;0
10664;6;64;88;sea;false;ocean;0
10665;40;0;24;sea;false;ocean;0
10666;0;39;41;sea;false;ocean;0
10667;1;41;69;sea;false;ocean;0
10668;4;64;35;sea;true;ocean;0
10669;8;16;93;sea;false;ocean;0
10670;82;47;6;sea;false;ocean;0
10671;2;61;39;sea;true;ocean;0
10672;7;88;9;sea;false;ocean;0
10673;46;83;7;sea;true;ocean;0
10674;54;32;2;sea;false;ocean;0
10675;32;31;1;sea;false;ocean;0
10676;53;3;52;sea;false;ocean;0
10677;81;1;22;sea;true;ocean;0
10678;1;32;11;sea;true;ocean;0
10679;67;100;1;sea;false;ocean;0
10680;36;28;0;sea;true;ocean;0
10681;0;21;41;sea;false;ocean;0
10682;0;29;1;sea;false;ocean;0
10683;12;68;3;sea;false;ocean;0
10684;24;91;8;sea;true;ocean;0
10685;70;24;0;sea;false;ocean;0
10686;2;2;57;sea;false;ocean;0
10687;62;8;86;sea;true;ocean;0
10688;36;0;4;sea;true;ocean;0
10689;6;94;73;sea;false;ocean;0
10690;27;82;3;sea;false;ocean;0
10691;12;80;3;sea;true;ocean;0
10692;1;19;87;sea;true;ocean;0
10693;0;39;53;sea;false;ocean;0
10694;52;1;55;sea;true;ocean;0
10695;47;15;0;sea;false;ocean;0
10696;4;93;38;sea;false;ocean;0
10697;81;36;7;sea;true;ocean;0
10698;29;48;1;sea;false;ocean;0
10699;2;63;10;sea;true;ocean;0
10700;34;1;28;sea;false;ocean;0
10701;30;2;64;sea;true;ocean;0
10702;57;85;3;sea;false;ocean;0
10703;1;11;34;sea;true;ocean;0
10704;1;47;38;sea;false;ocean;0
10705;2;73;29;sea;false;ocean;0
10706;1;2;36;sea;true;ocean;0
10707;14;24;0;sea;false;ocean;0
10708;65;78;6;sea;false;ocean;0
10709;0;23;21;sea;false;ocean;0
10710;90;27;6;sea;false;ocean;0
10711;71;32;5;sea;false;ocean;0
10712;1;5;32;sea;false;ocean;0
10713;2;43;18;sea;false;ocean;0
10714;18;36;1;sea;false;ocean;0
10715;3;76;54;sea;true;ocean;0
10716;73;6;93;sea;false;ocean;0
10717;27;6;0;sea;false;ocean;0
10718;1;31;34;sea;true;ocean;0
10719;4;71;5;sea;false;ocean;0
10720;81;7;52;sea;false;ocean;0
10721;1;22;40;sea;false;ocean;0
10722;0;27;25;sea;false;ocean;0
10723;96;12;5;sea;false;ocean;0
10724;82;1;3;sea;false;ocean;0
10725;54;84;6;sea;false;ocean;0
10726;48;1;84;sea;false;ocean;0
10727;94;38;3;sea;false;ocean;0
10728;2;11;67;sea;false;ocean;0
10729;93;83;6;sea;true;ocean;0
10730;0;16;27;sea;true;ocean;0
10731;90;32;5;sea;false;ocean;0
10732;4;90;78;sea;false;ocean;0
10733;67;28;1;sea;false;ocean;0
10734;38;0;37;sea;true;ocean;0
10735;1;80;31;sea;false;ocean;0
10736;4;23;0;sea;false;ocean;0
10737;1;55;54;sea;false;ocean;0
10738;1;19;43;sea;false;ocean;0
10739;9;69;2;sea;false;ocean;0
10740;1;42;27;sea;false;ocean;0
10741;2;5;72;sea;false;ocean;0
10742;90;87;3;sea;false;ocean;0
10743;3;31;56;sea;false;ocean;0
10744;2;54;56;sea;false;ocean;0
10745;7;93;51;sea;false;ocean;0
10746;59;18;0;sea;false;ocean;0
10747;1;49;48;sea;false;ocean;0
10748;44;0;24;sea;true;ocean;0
10749;57;75;6;sea;true;ocean;0
10750;65;4;57;sea;false;ocean;0
10751;1;44;35;sea;true;ocean;0
10752;17;49;1;sea;false;ocean;0
10753;20;1;45;sea;true;ocean;0
10754;0;53;4;sea;false;ocean;0
10755;3;24;52;sea;false;ocean;0
10756;3;61;61;sea;true;ocean;0
10757;5;0;24;sea;true;ocean;0
10758;0;23;25;sea;false;ocean;0
10759;32;12;0;sea;false;ocean;0
10760;1;5;52;sea;false;ocean;0
10761;28;1;37;sea;true;ocean;0
10762;42;47;1;sea;false;ocean;0
10763;18;0;21;sea;true;ocean;0
10764;22;3;66;sea;false;ocean;0
10765;41;1;46;sea;false;ocean;0
10766;10;4;90;sea;false;ocean;0
10767;36;53;2;sea;true;ocean;0
10768;51;28;2;sea;false;ocean;0
10769;93;17;7;sea;false;ocean;0
10770;0;10;27;sea;false;ocean;0
10771;73;5;20;sea;true;ocean;0
10772;43;4;1;sea;false;ocean;0
10773;0;60;12;sea;false;ocean;0
10774;0;16;23;sea;true;ocean;0
10775;76;43;2;sea;false;ocean;0
10776;38;80;3;sea;false;ocean;0
10777;3;0;37;sea;false;ocean;0
10778;51;1;64;sea;true;ocean;0
10779;1;27;0;sea;false;ocean;0
10780;60;4;4;sea;false;ocean;0
10781;2;19;67;sea;false;ocean;0
10782;6;55;91;sea;true;ocean;0
10783;45;2;24;sea;false;ocean;0
10784;2;88;20;sea;true;ocean;0
10785;0;42;52;sea;false;ocean;0
10786;18;38;1;sea;false;ocean;0
10787;4;88;20;sea;false;ocean;0
10788;3;10;69;sea;true;ocean;0
10789;57;63;2;sea;false;ocean;0
10790;28;1;17;sea;false;ocean;0
10791;27;21;0;sea;false;ocean;0
10792;2;40;50;sea;false;ocean;0
10793;1;22;48;sea;true;ocean;0
10794;95;27;7;sea;true;ocean;0
10795;8;2;78;sea;false;ocean;0
10796;6;76;9;sea;true;ocean;0
10797;36;98;0;sea;false;ocean;0
10798;15;8;86;sea;false;ocean;0
10799;0;91;25;sea;false;ocean;0
10800;36;19;0;sea;false;ocean;0
10801;2;87;58;sea;false;ocean;0
10802;61;5;69;sea;false;ocean;0
10803;0;69;20;sea;false;ocean;0
10804;7;26;81;sea;false;ocean;0
10805;64;3;10;sea;false;ocean;0
10806;66;1;32;sea;false;ocean;0
10807;6;44;90;sea;false;ocean;0
10808;1;42;3;sea;false;ocean;0
10809;17;28;0;sea;true;ocean;0
10810;42;87;4;sea;false;ocean;0
10811;7;77;8;sea;true;ocean;0
10812;56;3;20;sea;false;ocean;0
10813;91;44;7;sea;true;ocean;0
10814;3;35;91;sea;false;ocean;0
10815;67;5;75;sea;false;ocean;0
10816;47;37;1;sea;false;ocean;0
10817;69;75;4;sea;true;ocean;0
10818;47;2;46;sea;true;ocean;0
10819;0;23;49;sea;true;ocean;0
10820;3;54;32;sea;false;ocean;0
10821;27;76;3;sea;false;ocean;0
10822;20;25;1;sea;true;ocean;0
10823;3;20;0;sea;false;ocean;0
10824;0;37;30;sea;false;ocean;0
10825;37;1;3;sea;false;ocean;0
10826;1;31;14;sea;true;ocean;0
10827;1;35;26;sea;true;ocean;0
10828;23;0;42;sea;false;ocean;0
10829;13;81;6;sea;false;ocean;0
10830;34;0;75;sea;false;ocean;0
10831;1;2;73;sea;false;ocean;0
10832;51;2;60;sea;false;ocean;0
10833;1;25;3;sea;false;ocean;0
10834;60;19;2;sea;false;ocean;0
10835;37;24;1;sea;false;ocean;0
10836;38;1;50;sea;false;ocean;0
10837;43;22;2;sea;false;ocean;0
10838;4;31;69;sea;false;ocean;0
10839;14;2;87;sea;false;ocean;0
10840;87;68;2;sea;true;ocean;0
10841;85;3;37;sea;false;ocean;0
10842;26;34;0;sea;false;ocean;0
10843;1;42;55;sea;false;ocean;0
10844;2;81;69;sea;false;ocean;0
10845;47;91;3;sea;false;ocean;0
10846;31;22;1;sea;false;ocean;0
10847;45;72;6;sea;false;ocean;0
10848;2;67;46;sea;true;ocean;0
10849;14;53;1;sea;true;ocean;0
10850;1;36;52;sea;false;ocean;0
10851;4;26;0;sea;false;ocean;0
10852;67;4;60;sea;false;ocean;0
10853;58;67;5;sea;false;ocean;0
10854;1;39;48;sea;false;ocean;0
10855;0;42;44;sea;false;ocean;0
10856;0;14;28;sea;false;ocean;0
10857;0;51;46;sea;false;ocean;0
10858;44;3;1;sea;false;ocean;0
10859;27;19;1;sea;true;ocean;0
10860;42;60;3;sea;false;ocean;0
10861;18;73;0;sea;true;ocean;0
10862;28;1;9;sea;false;ocean;0
10863;4;22;75;sea;false;ocean;0
10864;35;2;47;sea;true;ocean;0
10865;85;4;19;sea;false;ocean;0
10866;4;63;60;sea;false;ocean;0
10867;1;31;18;sea;false;ocean;0
10868;9;1;31;sea;false;ocean;0
10869;1;17;51;sea;true;ocean;0
10870;0;24;14;sea;false;ocean;0
10871;0;4;36;sea;true;ocean;0
10872;26;0;60;sea;true;ocean;0
10873;1;40;2;sea;false;ocean;0
10874;70;10;1;sea;false;ocean;0
10875;0;13;21;sea;false;ocean;0
10876;0;97;61;sea;false;ocean;0
10877;40;1;35;sea;false;ocean;0
10878;5;83;64;sea;false;ocean;0
10879;8;94;33;sea;false;ocean;0
10880;52;1;11;sea;false;ocean;0
10881;2;81;73;sea;false;ocean;0
10882;33;64;2;sea;false;ocean;0
10883;34;44;1;sea;true;ocean;0
10884;35;1;21;sea;false;ocean;0
10885;80;0;30;sea;false;ocean;0
10886;1;24;25;sea;false;ocean;0
10887;70;90;6;sea;true;ocean;0
10888;15;71;2;sea;false;ocean;0
10889;2;64;3;sea;false;ocean;0
10890;3;9;60;sea;false;ocean;0
10891;91;94;4;sea;false;ocean;0
10892;0;42;24;sea;false;ocean;0
10893;1;62;58;sea;false;ocean;0
10894;39;5;88;sea;false;ocean;0
10895;0;31;48;sea;false;ocean;0
10896;2;15;44;sea;false;ocean;0
10897;0;20;18;sea;false;ocean;0
10898;3;51;67;sea;false;ocean;0
10899;27;49;2;sea;true;ocean;0
10900;37;1;43;sea;false;ocean;0
10901;2;12;48;sea;false;ocean;0
10902;95;3;16;sea;false;ocean;0
10903;25;1;36;sea;false;ocean;0
10904;2;47;100;sea;false;ocean;0
10905;7;89;90;sea;false;ocean;0
10906;1;17;47;sea;false;ocean;0
10907;1;12;48;sea;false;ocean;0
10908;6;22;0;sea;true;ocean;0
10909;59;3;11;sea;false;ocean;0
10910;91;19;9;sea;false;ocean;0
10911;22;1;53;sea;false;ocean;0
10912;19;37;1;sea;false;ocean;0
10913;18;81;4;sea;false;ocean;0
10914;5;97;59;sea;false;ocean;0
10915;41;66;4;sea;true;ocean;0
10916;24;1;16;sea;true;ocean;0
10917;13;75;1;sea;true;ocean;0
10918;0;8;36;sea;false;ocean;0
10919;47;0;45;sea;false;ocean;0
10920;0;61;38;sea;false;ocean;0
10921;23;17;0;sea;true;ocean;0
10922;0;17;34;sea;false;ocean;0
10923;43;5;67;sea;false;ocean;0
10924;19;5;89;sea;false;ocean;0
10925;70;0;65;sea;false;ocean;0
10926;8;41;1;sea;false;ocean;0
10927;0;87;42;sea;false;ocean;0
10928;21;22;0;sea;false;ocean;0
10929;28;1;97;sea;false;ocean;0
10930;35;81;4;sea;true;ocean;0
10931;7;85;48;sea;false;ocean;0
10932;0;20;30;sea;false;ocean;0
10933;32;15;0;sea;false;ocean;0
10934;51;21;0;sea;true;ocean;0
10935;48;39;2;sea;true;ocean;0
10936;57;9;1;sea;false;ocean;0
10937;0;10;95;sea;false;ocean;0
10938;1;46;36;sea;false;ocean;0
10939;4;60;8;sea;false;ocean;0
10940;31;62;4;sea;false;ocean;0
10941;43;7;2;sea;true;ocean;0
10942;85;1;57;sea;false;ocean;0
10943;39;35;1;sea;false;ocean;0
10944;30;6;71;sea;true;ocean;0
10945;7;1;31;sea;false;ocean;0
10946;55;0;99;sea;false;ocean;0
10947;47;5;2;sea;true;ocean;0
10948;86;36;9;sea;true;ocean;0
10949;12;96;0;sea;false;ocean;0
10950;0;2;50;sea;true;ocean;0
10951;74;3;15;sea;false;ocean;0
10952;73;5;81;sea;false;ocean;0
10953;60;3;4;sea;false;ocean;0
10954;43;19;2;sea;false;ocean;0
10955;7;33;86;sea;false;ocean;0
10956;0;64;15;sea;false;ocean;0
10957;62;39;3;sea;true;ocean;0
10958;13;0;20;sea;false;ocean;0
10959;2;49;20;sea;true;ocean;0
10960;3;66;10;sea;false;ocean;0
10961;69;5;36;sea;false;ocean;0
10962;90;3;76;sea;false;ocean;0
10963;60;51;1;sea;true;ocean;0
10964;1;33;18;sea;true;ocean;0
10965;19;0;22;sea;false;ocean;0
10966;8;24;0;sea;false;ocean;0
10967;85;4;63;sea;true;ocean;0
10968;45;2;71;sea;false;ocean;0
10969;12;0;33;sea;false;ocean;0
10970;1;51;59;sea;false;ocean;0
10971;2;65;17;sea;false;ocean;0
10972;14;60;3;sea;false;ocean;0
10973;17;0;30;sea;false;ocean;0
10974;1;32;20;sea;false;ocean;0
10975;53;1;47;sea;true;ocean;0
10976;54;75;5;sea;false;ocean;0
10977;40;4;69;sea;false;ocean;0
10978;60;3;8;sea;true;ocean;0
10979;27;0;39;sea;false;ocean;0
10980;4;26;80;sea;true;ocean;0
10981;0;97;72;sea;false;ocean;0
10982;32;13;0;sea;false;ocean;0
10983;42;89;2;sea;false;ocean;0
10984;2;94;95;sea;false;ocean;0
10985;84;6;74;sea;false;ocean;0
10986;27;4;88;sea;false;ocean;0
10987;2;82;63;sea;false;ocean;0
10988;9;88;16;sea;true;ocean;0
10989;1;20;64;sea;false;ocean;0
10990;1;57;59;sea;false;ocean;0
10991;0;28;24;sea;false;ocean;0
10992;77;6;8;sea;false;ocean;0
10993;26;12;0;sea;false;ocean;0
10994;59;71;4;sea;false;ocean;0
10995;19;2;50;sea;false;ocean;0
10996;0;26;30;sea;false;ocean;0
10997;24;8;0;sea;true;ocean;0
10998;27;88;4;sea;false;ocean;0
10999;88;84;5;sea;false;ocean;0
11000;80;32;7;sea;true;ocean;0
11001;37;4;1;sea;true;ocean;0
11002;38;96;6;sea;false;ocean;0
11003;8;43;86;sea;false;ocean;0
11004;33;1;37;sea;true;ocean;0
11005;30;0;28;sea;true;ocean;0
11006;1;43;58;sea;false;ocean;0
11007;2;41;49;sea;false;ocean;0
11008;1;30;41;sea;false;ocean;0
11009;1;71;92;sea;false;ocean;0
11010;23;0;21;sea;false;ocean;0
11011;2;75;81;sea;true;ocean;0
11012;67;4;96;sea;false;ocean;0
11013;16;0;37;sea;false;ocean;0
11014;52;23;2;sea;false;ocean;0
11015;4;82;27;sea;false;ocean;0
11016;50;37;2;sea;false;ocean;0
11017;70;1;30;sea;false;ocean;0
11018;64;3;57;sea;true;ocean;0
11019;44;11;1;sea;true;ocean;0
11020;4;0;41;sea;false;ocean;0
11021;0;3;28;sea;true;ocean;0
11022;95;5;8;sea;true;ocean;0
11023;66;87;2;sea;false;ocean;0
11024;2;27;0;sea;false;ocean;0
11025;5;31;72;sea;false;ocean;0
11026;13;1;38;sea;false;ocean;0
11027;0;26;2;sea;false;ocean;0
11028;1;3;100;sea;false;ocean;0
11029;25;0;33;sea;true;ocean;0
11030;85;1;29;sea;true;ocean;0
11031;0;4;24;sea;false;ocean;0
11032;64;25;4;sea;false;ocean;0
11033;0;48;85;sea;false;ocean;0
11034;0;29;2;sea;false;ocean;0
11035;4;40;1;sea;false;ocean;0
11036;78;16;4;sea;true;ocean;0
11037;32;0;5;sea;false;ocean;0
11038;1;1;31;sea;false;ocean;0
11039;31;77;4;sea;false;ocean;0
11040;24;1;32;sea;false;ocean;0
11041;40;49;2;sea;false;ocean;0
11042;58;3;34;sea;false;ocean;0
11043;2;8;55;sea;false;ocean;0
11044;77;36;0;sea;false;ocean;0
11045;29;1;13;sea;false;ocean;0
11046;12;69;4;sea;true;ocean;0
11047;68;1;99;sea;false;ocean;0
11048;11;1;36;sea;false;ocean;0
11049;2;52;15;sea;true;ocean;0
11050;8;83;23;sea;false;ocean;0
11051;60;29;1;sea;true;ocean;0
11052;5;0;43;sea;false;ocean;0
11053;1;2;37;sea;true;ocean;0
11054;14;0;58;sea;false;ocean;0
11055;0;23;20;sea;false;ocean;0
11056;18;21;0;sea;true;ocean;0
11057;1;81;16;sea;false;ocean;0
11058;4;73;13;sea;false;ocean;0
11059;1;5;39;sea;false;ocean;0
11060;28;1;58;sea;false;ocean;0
11061;53;3;43;sea;false;ocean;0
11062;55;0;19;sea;false;ocean;0
11063;70;3;76;sea;true;ocean;0
11064;42;2;71;sea;false;ocean;0
11065;21;36;0;sea;true;ocean;0
11066;95;4;30;sea;true;ocean;0
11067;32;78;3;sea;false;ocean;0
11068;1;43;18;sea;false;ocean;0
11069;83;6;9;sea;false;ocean;0
11070;1;22;41;sea;false;ocean;0
11071;1;58;50;sea;true;ocean;0
11072;67;2;0;sea;false;ocean;0
11073;2;65;68;sea;false;ocean;0
11074;39;1;64;sea;false;ocean;0
11075;0;75;81;sea;true;ocean;0
11076;31;6;1;sea;false;ocean;0
11077;61;0;40;sea;true;ocean;0
11078;27;0;3;sea;false;ocean;0
11079;67;15;2;sea;false;ocean;0
11080;36;0;27;sea;false;ocean;0
11081;78;42;6;sea;true;ocean;0
11082;16;53;2;sea;false;ocean;0
11083;1;27;15;sea;false;ocean;0
11084;5;44;78;sea;false;ocean;0
11085;2;93;21;sea;false;ocean;0
11086;59;1;7;sea;false;ocean;0
11087;0;47;27;sea;false;ocean;0
11088;4;64;52;sea;true;ocean;0
11089;2;19;78;sea;false;ocean;0
11090;11;1;56;sea;true;ocean;0
11091;90;8;25;sea;false;ocean;0
11092;80;1;72;sea;false;ocean;0
11093;75;96;6;sea;false;ocean;0
11094;55;4;78;sea;false;ocean;0
11095;0;9;26;sea;false;ocean;0
11096;9;42;1;sea;false;ocean;0
11097;0;34;1;sea;false;ocean;0
11098;2;1;54;sea;false;ocean;0
11099;48;0;68;sea;false;ocean;0
11100;41;51;1;sea;false;ocean;0
11101;61;4;70;sea;false;ocean;0
11102;7;0;58;sea;false;ocean;0
11103;4;66;95;sea;false;ocean;0
11104;3;48;1;sea;true;ocean;0
11105;1;35;35;sea;false;ocean;0
11106;0;54;13;sea;false;ocean;0
11107;1;22;37;sea;false;ocean;0
11108;3;78;16;sea;true;ocean;0
11109;66;5;5;sea;false;ocean;0
11110;4;60;69;sea;false;ocean;0
11111;22;14;0;sea;false;ocean;0
11112;0;16;22;sea;false;ocean;0
11113;63;79;3;sea;true;ocean;0
11114;0;33;19;sea;true;ocean;0
11115;59;84;3;sea;false;ocean;0
11116;2;56;71;sea;false;ocean;0
11117;58;4;3;sea;true;ocean;0
11118;35;40;0;sea;true;ocean;0
11119;0;47;47;sea;false;ocean;0
11120;18;1;27;sea;false;ocean;0
11121;35;25;0;sea;false;ocean;0
11122;1;0;29;sea;false;ocean;0
11123;47;1;63;sea;true;ocean;0
11124;3;61;72;sea;false;ocean;0
11125;68;43;4;sea;false;ocean;0
11126;0;73;5;sea;true;ocean;0
11127;5;59;70;sea;false;ocean;0
11128;34;2;49;sea;false;ocean;0
11129;2;36;72;sea;false;ocean;0
11130;1;47;15;sea;false;ocean;0
11131;2;37;45;sea;false;ocean;0
11132;33;5;70;sea;false;ocean;0
11133;1;66;8;sea;false;ocean;0
11134;36;2;86;sea;false;ocean;0
11135;2;22;96;sea;true;ocean;0
11136;0;40;21;sea;false;ocean;0
11137;90;52;1;sea;false;ocean;0
11138;3;59;83;sea;false;ocean;0
11139;4;78;40;sea;false;ocean;0
11140;87;4;69;sea;false;ocean;0
11141;89;67;3;sea;false;ocean;0
11142;22;0;14;sea;false;ocean;0
11143;5;84;63;sea;true;ocean;0
11144;19;21;0;sea;false;ocean;0
11145;29;85;8;sea;true;ocean;0
11146;16;0;21;sea;false;ocean;0
11147;1;16;53;sea;false;ocean;0
11148;92;56;8;sea;false;ocean;0
11149;43;73;6;sea;false;ocean;0
11150;80;58;3;sea;true;ocean;0
11151;83;93;5;sea;true;ocean;0
11152;93;30;6;sea;true;ocean;0
11153;53;28;1;sea;true;ocean;0
11154;81;6;69;sea;false;ocean;0
11155;3;16;62;sea;false;ocean;0
11156;39;0;42;sea;false;ocean;0
11157;32;1;75;sea;false;ocean;0
11158;76;12;6;sea;false;ocean;0
11159;6;20;88;sea;false;ocean;0
11160;89;48;4;sea;false;ocean;0
11161;72;53;0;sea;true;ocean;0
11162;63;0;20;sea;true;ocean;0
11163;19;88;2;sea;false;ocean;0
11164;59;74;3;sea;false;ocean;0
11165;98;1;26;sea;false;ocean;0
11166;41;1;7;sea;false;ocean;0
11167;43;2;38;sea;false;ocean;0
11168;3;13;71;sea;false;ocean;0
11169;1;31;15;sea;false;ocean;0
11170;49;0;35;sea;false;ocean;0
11171;69;0;49;sea;true;ocean;0
11172;66;77;6;sea;false;ocean;0
11173;18;30;0;sea;false;ocean;0
11174;12;1;39;sea;true;ocean;0
11175;65;5;95;sea;false;ocean;0
11176;37;7;0;sea;false;ocean;0
11177;25;1;15;sea;false;ocean;0
11178;22;42;1;sea;false;ocean;0
11179;97;83;1;sea;false;ocean;0
11180;11;5;71;sea;false;ocean;0
11181;25;2;48;sea;false;ocean;0
11182;1;76;20;sea;false;ocean;0
11183;16;25;0;sea;false;ocean;0
11184;6;30;86;sea;true;ocean;0
11185;22;48;1;sea;false;ocean;0
11186;2;69;10;sea;false;ocean;0
11187;26;34;1;sea;false;ocean;0
11188;1;6;45;sea;false;ocean;0
11189;78;88;8;sea;false;ocean;0
11190;4;28;0;sea;false;ocean;0
11191;14;53;0;sea;false;ocean;0
11192;94;22;4;sea;false;ocean;0
11193;63;23;2;sea;false;ocean;0
11194;57;44;3;sea;false;ocean;0
11195;14;34;0;sea;false;ocean;0
11196;17;1;83;sea;false;ocean;0
11197;0;17;27;sea;false;ocean;0
11198;2;36;80;sea;false;ocean;0
11199;26;1;91;sea;false;ocean;0
11200;50;44;1;sea;true;ocean;0
11201;1;26;49;sea;false;ocean;0
11202;15;52;2;sea;false;ocean;0
11203;1;54;17;sea;false;ocean;0
11204;28;1;10;sea;false;ocean;0
11205;29;0;59;sea;false;ocean;0
11206;36;23;1;sea;false;ocean;0
11207;22;2;54;sea;false;ocean;0
11208;24;97;4;sea;true;ocean;0
11209;30;1;41;sea;false;ocean;0
11210;52;2;48;sea;false;ocean;0
11211;0;65;76;sea;false;ocean;0
11212;82;54;3;sea;false;ocean;0
11213;35;0;16;sea;true;ocean;0
11214;79;5;53;sea;false;ocean;0
11215;13;22;0;sea;false;ocean;0
11216;1;25;28;sea;true;ocean;0
11217;2;50;39;sea;false;ocean;0
11218;46;43;1;sea;false;ocean;0
11219;1;17;50;sea;false;ocean;0
11220;2;59;37;sea;false;ocean;0
11221;1;40;1;sea;true;ocean;0
11222;34;42;1;sea;false;ocean;0
11223;20;4;58;sea;false;ocean;0
11224;96;1;71;sea;false;ocean;0
11225;6;73;38;sea;false;ocean;0
11226;23;72;0;sea;true;ocean;0
11227;1;34;1;sea;true;ocean;0
11228;22;1;0;sea;false;ocean;0
11229;2;26;59;sea;false;ocean;0
11230;35;1;10;sea;false;ocean;0
11231;1;45;35;sea;false;ocean;0
11232;87;6;42;sea;false;ocean;0
11233;26;60;1;sea;false;ocean;0
11234;41;29;0;sea;false;ocean;0
11235;1;24;26;sea;false;ocean;0
11236;48;3;72;sea;false;ocean;0
11237;1;11;31;sea;false;ocean;0
11238;25;83;6;sea;false;ocean;0
11239;35;35;0;sea;false;ocean;0
11240;32;49;2;sea;true;ocean;0
11241;96;0;93;sea;false;ocean;0
11242;55;65;3;sea;false;ocean;0
11243;65;73;3;sea;true;ocean;0
11244;1;20;37;sea;false;ocean;0
11245;63;63;1;sea;false;ocean;0
11246;5;26;66;sea;true;ocean;0
11247;57;1;60;sea;false;ocean;0
11248;46;1;12;sea;true;ocean;0
11249;2;53;41;sea;false;ocean;0
11250;15;0;22;sea;true;ocean;0
11251;13;74;4;sea;false;ocean;0
11252;2;46;16;sea;false;ocean;0
11253;31;26;0;sea;false;ocean;0
11254;22;50;1;sea;false;ocean;0
11255;68;6;89;sea;false;ocean;0
11256;38;1;13;sea;false;ocean;0
11257;13;71;1;sea;true;ocean;0
11258;5;2;54;sea;false;ocean;0
11259;65;8;2;sea;false;ocean;0
11260;26;0;41;sea;false;ocean;0
11261;4;30;1;sea;false;ocean;0
11262;3;57;66;sea;false;ocean;0
11263;94;4;87;sea;false;ocean;0
11264;19;42;1;sea;false;ocean;0
11265;1;7;74;sea;false;ocean;0
11266;1;6;53;sea;false;ocean;0
11267;55;42;3;sea;true;ocean;0
11268;67;27;5;sea;false;ocean;0
11269;1;45;31;sea;false;ocean;0
11270;10;45;2;sea;true;ocean;0
11271;48;2;33;sea;false;ocean;0
11272;53;54;1;sea;false;ocean;0
11273;2;72;48;sea;false;ocean;0
11274;20;4;73;sea;false;ocean;0
11275;1;33;7;sea;false;ocean;0
11276;0;1;27;sea;false;ocean;0
11277;42;42;1;sea;true;ocean;0
11278;9;22;0;sea;false;ocean;0
11279;23;1;39;sea;false;ocean;0
11280;84;8;89;sea;false;ocean;0
11281;0;71;5;sea;true;ocean;0
11282;14;1;40;sea;false;ocean;0
11283;16;0;69;sea;false;ocean;0
11284;8;84;72;sea;true;ocean;0
11285;7;53;79;sea;false;ocean;0
11286;3;92;31;sea;false;ocean;0
11287;0;21;19;sea;true;ocean;0
11288;14;2;52;sea;false;ocean;0
11289;0;57;66;sea;true;ocean;0
11290;43;9;1;sea;true;ocean;0
11291;2;69;46;sea;false;ocean;0
11292;5;68;47;sea;true;ocean;0
11293;25;76;0;sea;false;ocean;0
11294;45;0;31;sea;false;ocean;0
11295;67;2;51;sea;false;ocean;0
11296;0;19;23;sea;false;ocean;0
11297;41;10;1;sea;false;ocean;0
11298;9;0;26;sea;false;ocean;0
11299;61;1;58;sea;false;ocean;0
11300;3;27;64;sea;false;ocean;0
11301;1;100;36;sea;true;ocean;0
11302;13;0;21;sea;false;ocean;0
11303;10;0;65;sea;false;ocean;0
11304;0;25;19;sea;false;ocean;0
11305;20;40;1;sea;false;ocean;0
11306;10;28;1;sea;true;ocean;0
11307;1;75;26;sea;false;ocean;0
11308;24;43;1;sea;true;ocean;0
11309;72;2;22;sea;true;ocean;0
11310;0;22;53;sea;false;ocean;0
11311;3;54;17;sea;false;ocean;0
11312;60;51;0;sea;true;ocean;0
11313;19;0;21;sea;true;ocean;0
11314;7;93;1;sea;false;ocean;0
11315;73;4;72;sea;false;ocean;0
11316;91;9;88;sea;true;ocean;0
11317;2;55;9;sea;false;ocean;0
11318;11;1;75;sea;false;ocean;0
11319;26;4;89;sea;true;ocean;0
11320;82;0;79;sea;true;ocean;0
11321;27;22;0;sea;false;ocean;0
11322;5;96;82;sea;false;ocean;0
11323;21;47;1;sea;true;ocean;0
11324;46;58;3;sea;false;ocean;0
11325;78;4;57;sea;false;ocean;0
11326;0;99;24;sea;true;ocean;0
11327;74;6;6;sea;true;ocean;0
11328;67;31;1;sea;true;ocean;0
11329;46;15;1;sea;false;ocean;0
11330;0;32;41;sea;false;ocean;0
11331;28;0;37;sea;true;ocean;0
11332;25;2;0;sea;false;ocean;0
11333;75;0;14;sea;false;ocean;0
11334;21;0;3;sea;false;ocean;0
11335;69;4;85;sea;false;ocean;0
11336;52;1;86;sea;false;ocean;0
11337;76;1;33;sea;true;ocean;0
11338;3;15;56;sea;false;ocean;0
11339;1;52;24;sea;false;ocean;0
11340;3;9;95;sea;false;ocean;0
11341;1;27;50;sea;true;ocean;0
11342;81;3;67;sea;true;ocean;0
11343;59;65;5;sea;true;ocean;0
11344;10;69;92;sea;false;ocean;0
11345;91;8;33;sea;false;ocean;0
11346;80;1;21;sea;false;ocean;0
11347;19;3;66;sea;true;ocean;0
11348;77;5;76;sea;true;ocean;0
11349;60;21;1;sea;false;ocean;0
11350;73;2;31;sea;false;ocean;0
11351;39;1;32;sea;false;ocean;0
11352;2;45;64;sea;false;ocean;0
11353;71;4;27;sea;true;ocean;0
11354;18;29;0;sea;false;ocean;0
11355;1;13;32;sea;false;ocean;0
11356;7;1;40;sea;false;ocean;0
11357;29;3;65;sea;false;ocean;0
11358;1;32;25;sea;false;ocean;0
11359;5;74;74;sea;false;ocean;0
11360;2;68;33;sea;false;ocean;0
11361;41;8;1;sea;true;ocean;0
11362;37;1;69;sea;true;ocean;0
11363;30;0;31;sea;false;ocean;0
11364;16;26;0;sea;false;ocean;0
11365;0;2;25;sea;false;ocean;0
11366;23;0;20;sea;true;ocean;0
11367;61;67;1;sea;true;ocean;0
11368;61;44;0;sea;false;ocean;0
11369;0;5;27;sea;false;ocean;0
11370;63;42;2;sea;false;ocean;0
11371;1;27;38;sea;false;ocean;0
11372;1;54;45;sea;false;ocean;0
11373;62;53;4;sea;false;ocean;0
11374;0;39;39;sea;false;ocean;0
11375;29;1;30;sea;false;ocean;0
11376;15;49;2;sea;true;ocean;0
11377;48;54;1;sea;false;ocean;0
11378;1;48;41;sea;true;ocean;0
11379;47;1;16;sea;false;ocean;0
11380;42;14;0;sea;false;ocean;0
11381;74;4;15;sea;true;ocean;0
11382;2;25;57;sea;false;ocean;0
11383;0;6;33;sea;true;ocean;0
11384;94;67;3;sea;true;ocean;0
11385;48;1;63;sea;false;ocean;0
11386;0;23;7;sea;false;ocean;0
11387;7;1;60;sea;false;ocean;0
11388;49;7;1;sea;false;ocean;0
11389;40;1;24;sea;false;ocean;0
11390;3;69;10;sea;true;ocean;0
11391;63;9;92;sea;false;ocean;0
11392;59;0;24;sea;false;ocean;0
11393;7;38;90;sea;false;ocean;0
11394;0;2;21;sea;false;ocean;0
11395;75;6;73;sea;false;ocean;0
11396;45;3;84;sea;false;ocean;0
11397;1;98;48;sea;true;ocean;0
11398;90;79;1;sea;false;ocean;0
11399;32;0;6;sea;false;ocean;0
11400;1;1;24;sea;false;ocean;0
11401;24;0;87;sea;false;ocean;0
11402;2;47;46;sea;false;ocean;0
11403;48;2;17;sea;true;ocean;0
11404;4;45;69;sea;true;ocean;0
11405;34;41;2;sea;false;ocean;0
11406;26;8;88;sea;false;ocean;0
11407;80;93;4;sea;false;ocean;0
11408;4;59;28;sea;false;ocean;0
11409;0;42;85;sea;false;ocean;0
11410;8;23;86;sea;false;ocean;0
11411;84;79;4;sea;false;ocean;0
11412;34;84;7;sea;true;ocean;0
11413;47;15;2;sea;false;ocean;0
11414;74;38;3;sea;false;ocean;0
11415;99;69;2;sea;true;ocean;0
11416;45;1;41;sea;true;ocean;0
11417;1;49;62;sea;false;ocean;0
11418;34;89;5;sea;false;ocean;0
11419;54;29;1;sea;false;ocean;0
11420;60;29;0;sea;false;ocean;0
11421;6;84;82;sea;false;ocean;0
11422;1;2;26;sea;false;ocean;0
11423;79;4;32;sea;true;ocean;0
11424;70;0;15;sea;false;ocean;0
11425;4;81;44;sea;true;ocean;0
11426;29;0;12;sea;false;ocean;0
11427;0;12;41;sea;false;ocean;0
11428;5;74;82;sea;false;ocean;0
11429;16;41;1;sea;false;ocean;0
11430;63;2;25;sea;false;ocean;0
11431;13;68;2;sea;false;ocean;0
11432;19;62;1;sea;false;ocean;0
11433;23;0;12;sea;true;ocean;0
11434;28;6;81;sea;true;ocean;0
11435;1;45;91;sea;false;ocean;0
11436;4;69;48;sea;false;ocean;0
11437;75;5;6;sea;true;ocean;0
11438;0;42;65;sea;false;ocean;0
11439;44;38;1;sea;true;ocean;0
11440;50;8;80;sea;false;ocean;0
11441;8;34;0;sea;true;ocean;0
11442;23;20;0;sea;false;ocean;0
11443;0;30;29;sea;true;ocean;0
11444;0;86;22;sea;false;ocean;0
11445;52;1;57;sea;false;ocean;0
11446;5;69;25;sea;false;ocean;0
11447;4;78;68;sea;false;ocean;0
11448;1;44;33;sea;false;ocean;0
11449;36;52;2;sea;false;ocean;0
11450;0;45;59;sea;true;ocean;0
11451;1;72;5;sea;true;ocean;0
11452;3;24;58;sea;false;ocean;0
11453;32;18;1;sea;false;ocean;0
11454;15;27;1;sea;false;ocean;0
11455;42;34;1;sea;false;ocean;0
11456;90;82;3;sea;false;ocean;0
11457;27;3;62;sea;true;ocean;0
11458;5;45;73;sea;false;ocean;0
11459;39;42;0;sea;false;ocean;0
11460;49;18;2;sea;false;ocean;0
11461;30;6;0;sea;false;ocean;0
11462;6;10;72;sea;true;ocean;0
11463;2;13;49;sea;false;ocean;0
11464;25;1;22;sea;false;ocean;0
11465;7;41;80;sea;false;ocean;0
11466;67;4;95;sea;true;ocean;0
11467;4;2;54;sea;false;ocean;0
11468;0;33;18;sea;false;ocean;0
11469;56;4;1;sea;false;ocean;0
11470;51;0;54;sea;false;ocean;0
11471;5;55;92;sea;false;ocean;0
11472;58;4;2;sea;false;ocean;0
11473;92;30;0;sea;false;ocean;0
11474;59;1;26;sea;false;ocean;0
11475;35;40;1;sea;false;ocean;0
11476;20;2;41;sea;false;ocean;0
11477;67;3;5;sea;false;ocean;0
11478;2;19;69;sea;false;ocean;0
11479;50;6;1;sea;false;ocean;0
11480;1;0;26;sea;false;ocean;0
11481;63;58;0;sea;false;ocean;0
11482;84;8;1;sea;false;ocean;0
11483;6;48;92;sea;false;ocean;0
11484;9;4;63;sea;false;ocean;0
11485;13;94;4;sea;true;ocean;0
11486;80;7;92;sea;false;ocean;0
11487;67;23;1;sea;false;ocean;0
11488;29;0;36;sea;false;ocean;0
11489;6;23;0;sea;false;ocean;0
11490;90;52;6;sea;false;ocean;0
11491;3;69;46;sea;true;ocean;0
11492;4;7;63;sea;false;ocean;0
11493;10;52;3;sea;false;ocean;0
11494;9;66;0;sea;false;ocean;0
11495;59;8;3;sea;true;ocean;0
11496;40;4;0;sea;true;ocean;0
11497;9;1;49;sea;false;ocean;0
11498;61;0;1;sea;false;ocean;0
11499;60;3;77;sea;false;ocean;0
11500;56;2;17;sea;false;ocean;0
11501;64;70;3;sea;true;ocean;0
11502;52;40;2;sea;false;ocean;0
11503;3;75;96;sea;true;ocean;0
11504;40;45;1;sea;true;ocean;0
11505;68;27;2;sea;false;ocean;0
11506;2;20;70;sea;false;ocean;0
11507;17;23;0;sea;true;ocean;0
11508;67;74;2;sea;false;ocean;0
11509;4;64;13;sea;true;ocean;0
11510;35;2;68;sea;false;ocean;0
11511;20;1;27;sea;false;ocean;0
11512;55;7;84;sea;false;ocean;0
11513;90;6;90;sea;true;ocean;0
11514;2;1;45;sea;false;ocean;0
11515;24;31;1;sea;false;ocean;0
11516;47;2;44;sea;false;ocean;0
11517;4;36;67;sea;false;ocean;0
11518;2;98;13;sea;true;ocean;0
11519;1;41;30;sea;false;ocean;0
11520;57;1;19;sea;true;ocean;0
11521;82;3;29;sea;true;ocean;0
11522;46;1;21;sea;false;ocean;0
11523;4;76;5;sea;false;ocean;0
11524;64;62;1;sea;false;ocean;0
11525;0;7;23;sea;false;ocean;0
11526;11;77;0;sea;false;ocean;0
11527;1;12;42;sea;false;ocean;0
11528;17;78;6;sea;false;ocean;0
11529;43;1;29;sea;false;ocean;0
11530;31;8;87;sea;false;ocean;0
11531;13;69;0;sea;false;ocean;0
11532;50;24;1;sea;false;ocean;0
11533;1;42;53;sea;false;ocean;0
11534;7;92;46;sea;false;ocean;0
11535;1;9;41;sea;false;ocean;0
11536;34;1;78;sea;false;ocean;0
11537;23;10;0;sea;false;ocean;0
11538;2;24;0;sea;false;ocean;0
11539;2;36;81;sea;false;ocean;0
11540;0;78;41;sea;false;ocean;0
11541;59;49;4;sea;false;ocean;0
11542;21;14;0;sea;false;ocean;0
11543;0;31;6;sea;false;ocean;0
11544;90;3;42;sea;false;ocean;0
11545;1;33;44;sea;false;ocean;0
11546;63;3;68;sea;false;ocean;0
11547;1;48;20;sea;true;ocean;0
11548;37;1;29;sea;false;ocean;0
11549;98;2;47;sea;true;ocean;0
11550;0;62;42;sea;false;ocean;0
11551;12;1;44;sea;false;ocean;0
11552;3;6;55;sea;false;ocean;0
11553;1;1;100;sea;false;ocean;0
11554;34;16;0;sea;false;ocean;0
11555;0;24;12;sea;false;ocean;0
11556;6;86;35;sea;false;ocean;0
11557;48;94;0;sea;false;ocean;0
11558;28;31;0;sea;false;ocean;0
11559;0;29;64;sea;false;ocean;0
11560;56;9;3;sea;false;ocean;0
11561;63;85;0;sea;true;ocean;0
11562;27;6;77;sea;false;ocean;0
11563;52;1;9;sea;false;ocean;0
11564;1;34;2;sea;false;ocean;0
11565;19;1;38;sea;true;ocean;0
11566;0;55;6;sea;true;ocean;0
11567;87;55;8;sea;false;ocean;0
11568;62;4;58;sea;false;ocean;0
11569;35;37;0;sea;true;ocean;0
11570;32;55;1;sea;true;ocean;0
11571;69;62;5;sea;false;ocean;0
11572;3;60;8;sea;false;ocean;0
11573;2;64;5;sea;false;ocean;0
11574;81;22;3;sea;false;ocean;0
11575;30;40;1;sea;false;ocean;0
11576;33;48;1;sea;false;ocean;0
11577;71;40;3;sea;false;ocean;0
11578;2;78;62;sea;true;ocean;0
11579;1;78;74;sea;true;ocean;0
11580;55;1;63;sea;true;ocean;0
11581;2;6;48;sea;false;ocean;0
11582;29;59;4;sea;false;ocean;0
11583;20;0;29;sea;false;ocean;0
11584;96;5;29;sea;false;ocean;0
11585;24;0;15;sea;false;ocean;0
11586;63;52;4;sea;true;ocean;0
11587;2;86;61;sea;false;ocean;0
11588;2;51;64;sea;false;ocean;0
11589;19;32;1;sea;false;ocean;0
11590;22;67;2;sea;false;ocean;0
11591;51;1;22;sea;true;ocean;0
11592;2;84;29;sea;true;ocean;0
11593;46;13;1;sea;true;ocean;0
11594;1;79;72;sea;true;ocean;0
11595;23;23;0;sea;false;ocean;0
11596;93;2;54;sea;true;ocean;0
11597;34;0;38;sea;true;ocean;0
11598;4;77;51;sea;false;ocean;0
11599;47;0;47;sea;false;ocean;0
11600;9;87;6;sea;false;ocean;0
11601;13;0;26;sea;false;ocean;0
11602;77;69;1;sea;false;ocean;0
11603;5;3;83;sea;false;ocean;0
11604;78;35;2;sea;false;ocean;0
11605;2;0;34;sea;true;ocean;0
11606;1;39;26;sea;true;ocean;0
11607;1;75;7;sea;true;ocean;0
11608;2;45;32;sea;true;ocean;0
11609;89;1;33;sea;false;ocean;0
11610;59;1;65;sea;true;ocean;0
11611;11;0;37;sea;false;ocean;0
11612;2;76;13;sea;false;ocean;0
11613;0;1;26;sea;true;ocean;0
11614;23;1;40;sea;false;ocean;0
11615;68;59;5;sea;true;ocean;0
11616;2;88;73;sea;false;ocean;0
11617;33;89;0;sea;false;ocean;0
11618;7;95;44;sea;false;ocean;0
11619;55;22;1;sea;true;ocean;0
11620;4;52;71;sea;false;ocean;0
11621;0;24;20;sea;false;ocean;0
11622;59;3;49;sea;false;ocean;0
11623;49;4;87;sea;false;ocean;0
11624;5;67;41;sea;true;ocean;0
11625;21;0;16;sea;true;ocean;0
11626;78;3;90;sea;false;ocean;0
11627;5;13;82;sea;false;ocean;0
11628;46;2;27;sea;true;ocean;0
11629;21;66;3;sea;false;ocean;0
11630;32;80;5;sea;false;ocean;0
11631;8;1;59;sea;false;ocean;0
11632;4;77;63;sea;false;ocean;0
11633;1;45;20;sea;false;ocean;0
11634;1;72;93;sea;false;ocean;0
11635;20;57;0;sea;false;ocean;0
11636;82;6;67;sea;true;ocean;0
11637;46;5;84;sea;false;ocean;0
11638;1;18;31;sea;false;ocean;0
11639;63;61;3;sea;true;ocean;0
11640;84;15;2;sea;false;ocean;0
11641;99;36;1;sea;false;ocean;0
11642;90;11;1;sea;true;ocean;0
11643;19;0;20;sea;true;ocean;0
11644;3;59;20;sea;false;ocean;0
11645;88;6;76;sea;false;ocean;0
11646;30;1;12;sea;false;ocean;0
11647;80;1;26;sea;false;ocean;0
11648;46;1;37;sea;false;ocean;0
11649;6;25;0;sea;true;ocean;0
11650;46;9;2;sea;false;ocean;0
11651;6;77;48;sea;false;ocean;0
11652;6;84;55;sea;false;ocean;0
11653;2;1;100;sea;false;ocean;0
11654;7;88;36;sea;true;ocean;0
11655;4;81;23;sea;true;ocean;0
11656;0;32;42;sea;true;ocean;0
11657;0;21;14;sea;false;ocean;0
11658;9;90;81;sea;true;ocean;0
11659;41;0;50;sea;false;ocean;0
11660;1;43;40;sea;false;ocean;0
11661;1;58;24;sea;false;ocean;0
11662;92;6;75;sea;false;ocean;0
11663;2;39;74;sea;false;ocean;0
11664;78;13;6;sea;false;ocean;0
11665;32;19;0;sea;false;ocean;0
11666;47;0;23;sea;true;ocean;0
11667;38;36;1;sea;false;ocean;0
11668;5;95;24;sea;false;ocean;0
11669;75;67;6;sea;false;ocean;0
11670;3;1;61;sea;true;ocean;0
11671;2;49;46;sea;false;ocean;0
11672;1;55;93;sea;false;ocean;0
11673;1;14;27;sea;false;ocean;0
11674;27;71;2;sea;true;ocean;0
11675;2;82;61;sea;false;ocean;0
11676;57;11;3;sea;false;ocean;0
11677;51;6;1;sea;false;ocean;0
11678;3;31;1;sea;false;ocean;0
11679;1;20;66;sea;false;ocean;0
11680;36;87;5;sea;false;ocean;0
11681;38;5;75;sea;true;ocean;0
11682;76;3;66;sea;false;ocean;0
11683;80;1;22;sea;false;ocean;0
11684;39;48;1;sea;true;ocean;0
11685;27;94;4;sea;false;ocean;0
11686;89;15;9;sea;false;ocean;0
11687;2;16;48;sea;true;ocean;0
11688;1;51;33;sea;false;ocean;0
11689;3;61;22;sea;true;ocean;0
11690;17;2;40;sea;false;ocean;0
11691;8;91;92;sea;false;ocean;0
11692;32;1;5;sea;true;ocean;0
11693;86;5;40;sea;true;ocean;0
11694;8;66;2;sea;false;ocean;0
11695;33;32;1;sea;false;ocean;0
11696;25;1;74;sea;false;ocean;0
11697;0;15;52;sea;false;ocean;0
11698;28;57;1;sea;false;ocean;0
11699;22;30;0;sea;false;ocean;0
11700;26;0;14;sea;true;ocean;0
11701;1;40;48;sea;false;ocean;0
11702;50;2;4;sea;false;ocean;0
11703;21;0;8;sea;false;ocean;0
11704;3;56;22;sea;false;ocean;0
11705;67;1;33;sea;false;ocean;0
11706;33;1;39;sea;false;ocean;0
11707;31;31;1;sea;false;ocean;0
11708;71;59;0;sea;false;ocean;0
11709;9;1;66;sea;false;ocean;0
11710;35;9;0;sea;false;ocean;0
11711;27;0;29;sea;true;ocean;0
11712;23;62;0;sea;false;ocean;0
11713;10;1;37;sea;false;ocean;0
11714;57;4;86;sea;false;ocean;0
11715;23;13;0;sea;false;ocean;0
11716;29;3;63;sea;false;ocean;0
11717;6;22;87;sea;false;ocean;0
11718;1;27;41;sea;false;ocean;0
11719;2;21;0;sea;false;ocean;0
11720;17;35;0;sea;true;ocean;0
11721;38;6;1;sea;false;ocean;0
11722;0;39;36;sea;false;ocean;0
11723;34;4;64;sea;false;ocean;0
11724;3;95;56;sea;false;ocean;0
11725;42;8;1;sea;false;ocean;0
11726;21;9;0;sea;false;ocean;0
11727;0;28;2;sea;false;ocean;0
11728;1;48;40;sea;false;ocean;0
11729;37;0;58;sea;false;ocean;0
11730;31;1;32;sea;false;ocean;0
11731;54;1;26;sea;true;ocean;0
11732;84;29;2;sea;false;ocean;0
11733;0;45;34;sea;false;ocean;0
11734;39;1;55;sea;true;ocean;0
11735;32;1;25;sea;false;ocean;0
11736;0;26;0;sea;false;ocean;0
11737;6;12;80;sea;false;ocean;0
11738;79;4;45;sea;false;ocean;0
11739;33;76;2;sea;false;ocean;0
11740;91;31;3;sea;false;ocean;0
11741;9;57;1;sea;true;ocean;0
11742;83;37;5;sea;false;ocean;0
11743;0;40;47;sea;false;ocean;0
11744;79;2;49;sea;false;ocean;0
11745;41;0;42;sea;false;ocean;0
11746;2;68;42;sea;true;ocean;0
11747;28;3;0;sea;true;ocean;0
11748;47;14;2;sea;true;ocean;0
11749;34;23;1;sea;true;ocean;0
11750;69;1;48;sea;true;ocean;0
11751;63;4;49;sea;true;ocean;0
11752;58;1;23;sea;false;ocean;0
11753;56;2;58;sea;false;ocean;0
11754;27;0;17;sea;false;ocean;0
11755;32;47;1;sea;false;ocean;0
11756;41;33;0;sea;false;ocean;0
11757;31;4;59;sea;false;ocean;0
11758;6;85;85;sea;false;ocean;0
11759;0;33;9;sea;false;ocean;0
11760;85;36;5;sea;true;ocean;0
11761;0;22;16;sea;true;ocean;0
11762;43;1;34;sea;false;ocean;0
11763;6;0;46;sea;false;ocean;0
11764;20;19;0;sea;false;ocean;0
11765;35;32;1;sea;false;ocean;0
11766;1;8;31;sea;true;ocean;0
11767;82;8;85;sea;false;ocean;0
11768;96;30;3;sea;false;ocean;0
11769;0;81;88;sea;false;ocean;0
11770;61;43;3;sea;false;ocean;0
11771;5;0;41;sea;true;ocean;0
11772;1;75;76;sea;false;ocean;0
11773;0;15;44;sea;false;ocean;0
11774;14;0;36;sea;false;ocean;0
11775;0;23;10;sea;false;ocean;0
11776;3;67;10;sea;false;ocean;0
11777;1;5;37;sea;true;ocean;0
11778;67;59;0;sea;true;ocean;0
11779;28;1;52;sea;false;ocean;0
11780;0;12;40;sea;false;ocean;0
11781;3;13;61;sea;false;ocean;0
11782;16;62;0;sea;false;ocean;0
11783;50;40;2;sea;true;ocean;0
11784;68;0;23;sea;true;ocean;0
11785;85;6;17;sea;true;ocean;0
11786;0;27;26;sea;false;ocean;0
11787;58;1;27;sea;false;ocean;0
11788;8;44;93;sea;false;ocean;0
11789;1;37;30;sea;false;ocean;0
11790;24;1;46;sea;false;ocean;0
11791;2;11;76;sea;true;ocean;0
11792;39;71;1;sea;false;ocean;0
11793;3;60;64;sea;false;ocean;0
11794;62;3;13;sea;true;ocean;0
11795;38;8;1;sea;false;ocean;0
11796;1;91;58;sea;false;ocean;0
11797;87;52;3;sea;false;ocean;0
11798;57;26;1;sea;false;ocean;0
11799;44;19;2;sea;false;ocean;0
11800;38;14;1;sea;false;ocean;0
11801;53;0;7;sea;true;ocean;0
11802;21;30;1;sea;false;ocean;0
11803;48;33;1;sea;false;ocean;0
11804;6;75;40;sea;false;ocean;0
11805;8;0;21;sea;false;ocean;0
11806;5;34;77;sea;false;ocean;0
11807;20;1;48;sea;false;ocean;0
11808;15;27;0;sea;false;ocean;0
11809;0;9;24;sea;false;ocean;0
11810;54;2;61;sea;false;ocean;0
11811;2;1;52;sea;false;ocean;0
11812;86;4;39;sea;false;ocean;0
11813;1;2;47;sea;false;ocean;0
11814;1;38;36;sea;false;ocean;0
11815;7;80;70;sea;false;ocean;0
11816;96;0;11;sea;false;ocean;0
11817;5;73;44;sea;false;ocean;0
11818;66;2;1;sea;false;ocean;0
11819;3;54;95;sea;false;ocean;0
11820;0;12;28;sea;false;ocean;0
11821;1;28;35;sea;false;ocean;0
11822;1;32;38;sea;false;ocean;0
11823;43;2;0;sea;true;ocean;0
11824;22;0;0;sea;true;ocean;0
11825;2;13;48;sea;false;ocean;0
11826;42;1;18;sea;true;ocean;0
11827;22;17;0;sea;false;ocean;0
11828;35;0;54;sea;false;ocean;0
11829;4;96;83;sea;true;ocean;0
11830;58;26;1;sea;false;ocean;0
11831;3;64;21;sea;false;ocean;0
11832;31;49;1;sea;false;ocean;0
11833;0;33;17;sea;true;ocean;0
11834;66;56;2;sea;false;ocean;0
11835;3;37;53;sea;false;ocean;0
11836;20;4;0;sea;false;ocean;0
11837;89;8;83;sea;true;ocean;0
11838;65;3;86;sea;false;ocean;0
11839;1;14;43;sea;false;ocean;0
11840;6;72;48;sea;false;ocean;0
11841;33;0;14;sea;true;ocean;0
11842;3;87;34;sea;false;ocean;0
11843;3;79;23;sea;false;ocean;0
11844;2;54;49;sea;false;ocean;0
11845;2;91;79;sea;false;ocean;0
11846;2;63;55;sea;false;ocean;0
11847;60;2;48;sea;true;ocean;0
11848;12;23;1;sea;false;ocean;0
11849;3;80;57;sea;false;ocean;0
11850;20;1;36;sea;false;ocean;0
11851;2;88;17;sea;false;ocean;0
11852;60;1;55;sea;true;ocean;0
11853;19;6;83;sea;true;ocean;0
11854;43;64;1;sea;false;ocean;0
11855;17;83;2;sea;true;ocean;0
11856;35;4;64;sea;false;ocean;0
11857;1;20;27;sea;false;ocean;0
11858;19;43;0;sea;false;ocean;0
11859;40;25;1;sea;false;ocean;0
11860;31;0;6;sea;false;ocean;0
11861;37;74;3;sea;false;ocean;0
11862;5;49;71;sea;true;ocean;0
11863;0;27;34;sea;false;ocean;0
11864;60;3;66;sea;false;ocean;0
11865;25;1;29;sea;false;ocean;0
11866;4;18;80;sea;false;ocean;0
11867;3;16;71;sea;true;ocean;0
11868;0;88;88;sea;false;ocean;0
11869;4;31;82;sea;false;ocean;0
11870;72;3;62;sea;false;ocean;0
11871;69;4;11;sea;true;ocean;0
11872;32;5;1;sea;false;ocean;0
11873;2;69;24;sea;true;ocean;0
11874;6;1;41;sea;false;ocean;0
11875;0;38;39;sea;false;ocean;0
11876;7;8;79;sea;false;ocean;0
11877;3;30;58;sea;false;ocean;0
11878;3;23;61;sea;false;ocean;0
11879;77;5;7;sea;true;ocean;0
11880;2;100;51;sea;true;ocean;0
11881;0;34;27;sea;false;ocean;0
11882;19;6;95;sea;false;ocean;0
11883;1;62;31;sea;false;ocean;0
11884;3;92;66;sea;true;ocean;0
11885;43;2;40;sea;false;ocean;0
11886;24;54;1;sea;true;ocean;0
11887;21;72;0;sea;false;ocean;0
11888;22;0;24;sea;true;ocean;0
11889;47;90;2;sea;false;ocean;0
11890;70;5;36;sea;false;ocean;0
11891;41;11;1;sea;false;ocean;0
11892;1;16;75;sea;false;ocean;0
11893;10;29;1;sea;false;ocean;0
11894;0;13;26;sea;false;ocean;0
11895;2;48;21;sea;false;ocean;0
11896;50;24;0;sea;false;ocean;0
11897;33;0;38;sea;false;ocean;0
11898;0;55;21;sea;true;ocean;0
11899;16;4;87;sea;false;ocean;0
11900;17;32;0;sea;false;ocean;0
11901;0;17;29;sea;true;ocean;0
11902;15;63;2;sea;false;ocean;0
11903;39;0;20;sea;false;ocean;0
11904;60;1;31;sea;false;ocean;0
11905;0;14;31;sea;false;ocean;0
11906;7;0;28;sea;false;ocean;0
11907;22;2;52;sea;false;ocean;0
11908;55;24;1;sea;false;ocean;0
11909;41;1;17;sea;true;ocean;0
11910;36;4;1;sea;true;ocean;0
11911;37;1;28;sea;false;ocean;0
11912;61;2;34;sea;false;ocean;0
11913;93;44;4;sea;false;ocean;0
11914;13;40;0;sea;true;ocean;0
11915;1;23;50;sea;true;ocean;0
11916;44;7;87;sea;false;ocean;0
11917;7;68;85;sea;true;ocean;0
11918;38;2;61;sea;true;ocean;0
11919;1;46;3;sea;false;ocean;0
11920;80;47;3;sea;false;ocean;0
11921;54;76;6;sea;false;ocean;0
11922;97;2;74;sea;false;ocean;0
11923;52;68;3;sea;false;ocean;0
11924;0;80;9;sea;false;ocean;0
11925;85;44;5;sea;false;ocean;0
11926;70;1;88;sea;false;ocean;0
11927;2;56;37;sea;false;ocean;0
11928;5;63;70;sea;false;ocean;0
11929;78;75;1;sea;false;ocean;0
11930;84;80;6;sea;false;ocean;0
11931;6;72;92;sea;false;ocean;0
11932;1;6;35;sea;false;ocean;0
11933;60;4;37;sea;false;ocean;0
11934;79;60;5;sea;false;ocean;0
11935;57;2;8;sea;true;ocean;0
11936;19;1;41;sea;false;ocean;0
11937;5;21;0;sea;false;ocean;0
11938;1;58;71;sea;true;ocean;0
11939;94;7;27;sea;false;ocean;0
11940;1;9;60;sea;false;ocean;0
11941;1;45;45;sea;false;ocean;0
11942;28;4;78;sea;true;ocean;0
11943;0;0;22;sea;false;ocean;0
11944;2;39;47;sea;false;ocean;0
11945;80;85;1;sea;false;ocean;0
11946;1;90;16;sea;false;ocean;0
11947;47;88;2;sea;true;ocean;0
11948;4;22;66;sea;true;ocean;0
11949;44;1;35;sea;false;ocean;0
11950;0;20;15;sea;false;ocean;0
11951;72;68;1;sea;false;ocean;0
11952;18;43;2;sea;false;ocean;0
11953;31;28;0;sea;true;ocean;0
11954;28;75;4;sea;false;ocean;0
11955;13;74;2;sea;false;ocean;0
11956;29;0;74;sea;false;ocean;0
11957;70;66;5;sea;false;ocean;0
11958;40;9;1;sea;false;ocean;0
11959;50;53;1;sea;false;ocean;0
11960;63;1;68;sea;false;ocean;0
11961;1;34;31;sea;false;ocean;0
11962;0;3;74;sea;true;ocean;0
11963;56;94;4;sea;false;ocean;0
11964;8;1;38;sea;false;ocean;0
11965;32;27;1;sea;false;ocean;0
11966;0;8;39;sea;true;ocean;0
11967;49;3;31;sea;false;ocean;0
11968;3;72;37;sea;true;ocean;0
11969;36;24;1;sea;false;ocean;0
11970;13;0;27;sea;true;ocean;0
11971;57;5;0;sea;false;ocean;0
11972;1;26;47;sea;false;ocean;0
11973;77;72;6;sea;true;ocean;0
11974;42;52;2;sea;false;ocean;0
11975;28;2;91;sea;false;ocean;0
11976;42;39;1;sea;true;ocean;0
11977;77;78;4;sea;false;ocean;0
11978;31;0;54;sea;false;ocean;0
11979;24;26;0;sea;false;ocean;0
11980;76;3;91;sea;false;ocean;0
11981;0;1;21;sea;false;ocean;0
11982;2;12;57;sea;false;ocean;0
11983;49;0;1;sea;false;ocean;0
11984;31;71;3;sea;false;ocean;0
11985;0;18;31;sea;false;ocean;0
11986;85;7;42;sea;true;ocean;0
11987;25;1;45;sea;true;ocean;0
11988;4;24;83;sea;false;ocean;0
11989;0;15;29;sea;false;ocean;0
11990;94;2;33;sea;false;ocean;0
11991;0;24;19;sea;false;ocean;0
11992;34;57;2;sea;false;ocean;0
11993;83;27;0;sea;false;ocean;0
11994;78;6;23;sea;false;ocean;0
11995;40;1;54;sea;false;ocean;0
11996;7;2;93;sea;true;ocean;0
11997;0;38;23;sea;false;ocean;0
11998;56;1;1;sea;true;ocean;0
11999;22;1;58;sea;false;ocean;0
12000;35;16;0;sea;false;ocean;0
12001;30;74;2;sea;false;ocean;0
12002;1;37;41;sea;false;ocean;0
12003;69;2;80;sea;true;ocean;0
12004;93;4;12;sea;false;ocean;0
12005;38;0;25;sea;false;ocean;0
12006;62;3;60;sea;false;ocean;0
12007;83;2;60;sea;true;ocean;0
12008;2;44;72;sea;false;ocean;0
12009;1;18;30;sea;false;ocean;0
12010;21;50;1;sea;false;ocean;0
12011;5;89;27;sea;false;ocean;0
12012;42;16;2;sea;true;ocean;0
12013;27;12;0;sea;false;ocean;0
12014;31;9;0;sea;true;ocean;0
12015;51;49;3;sea;true;ocean;0
12016;30;1;11;sea;true;ocean;0
12017;10;44;2;sea;false;ocean;0
12018;23;1;29;sea;true;ocean;0
12019;58;0;21;sea;false;ocean;0
12020;19;29;1;sea;true;ocean;0
12021;0;43;9;sea;false;ocean;0
12022;15;53;2;sea;true;ocean;0
12023;40;11;0;sea;false;ocean;0
12024;71;4;9;sea;false;ocean;0
12025;1;4;60;sea;true;ocean;0
12026;5;46;90;sea;false;ocean;0
12027;74;1;55;sea;false;ocean;0
12028;26;0;19;sea;true;ocean;0
12029;0;21;13;sea;false;ocean;0
12030;44;1;66;sea;false;ocean;0
12031;23;21;0;sea;false;ocean;0
12032;97;29;5;sea;true;ocean;0
12033;2;68;83;sea;false;ocean;0
12034;2;32;72;sea;true;ocean;0
12035;33;1;58;sea;false;ocean;0
12036;0;38;99;sea;true;ocean;0
12037;1;43;41;sea;false;ocean;0
12038;66;89;9;sea;false;ocean;0
12039;46;53;3;sea;false;ocean;0
12040;37;66;3;sea;false;ocean;0
12041;22;1;46;sea;false;ocean;0
12042;4;12;63;sea;false;ocean;0
12043;5;49;2;sea;true;ocean;0
12044;47;27;1;sea;false;ocean;0
12045;3;15;58;sea;true;ocean;0
12046;85;5;64;sea;true;ocean;0
12047;1;1;50;sea;false;ocean;0
12048;32;19;1;sea;false;ocean;0
12049;16;84;3;sea;false;ocean;0
12050;1;24;56;sea;true;ocean;0
12051;0;25;9;sea;true;ocean;0
12052;10;84;5;sea;false;ocean;0
12053;66;20;2;sea;false;ocean;0
12054;5;0;73;sea;true;ocean;0
12055;29;2;44;sea;true;ocean;0
12056;70;1;47;sea;false;ocean;0
12057;20;27;0;sea;false;ocean;0
12058;44;67;3;sea;false;ocean;0
12059;6;0;23;sea;false;ocean;0
12060;77;83;7;sea;true;ocean;0
12061;82;5;23;sea;false;ocean;0
12062;1;33;29;sea;false;ocean;0
12063;62;12;3;sea;false;ocean;0
12064;1;93;41;sea;false;ocean;0
12065;2;80;26;sea;false;ocean;0
12066;81;6;6;sea;true;ocean;0
12067;22;33;1;sea;true;ocean;0
12068;0;43;29;sea;true;ocean;0
12069;3;26;60;sea;false;ocean;0
12070;17;0;23;sea;false;ocean;0
12071;1;53;25;sea;false;ocean;0
12072;4;1;82;sea;false;ocean;0
12073;85;1;12;sea;false;ocean;0
12074;1;4;40;sea;true;ocean;0
12075;0;40;88;sea;true;ocean;0
12076;50;2;3;sea;false;ocean;0
12077;81;1;6;sea;false;ocean;0
12078;76;71;6;sea;false;ocean;0
12079;16;33;0;sea;false;ocean;0
12080;21;0;9;sea;false;ocean;0
12081;69;4;67;sea;false;ocean;0
12082;0;46;19;sea;false;ocean;0
12083;73;5;60;sea;false;ocean;0
12084;9;1;67;sea;false;ocean;0
12085;3;91;7;sea;true;ocean;0
12086;1;72;100;sea;false;ocean;0
12087;1;24;44;sea;false;ocean;0
12088;81;5;49;sea;true;ocean;0
12089;29;3;60;sea;false;ocean;0
12090;62;78;5;sea;false;ocean;0
12091;87;8;70;sea;false;ocean;0
12092;4;57;37;sea;false;ocean;0
12093;63;3;1;sea;false;ocean;0
12094;1;48;47;sea;false;ocean;0
12095;3;48;95;sea;false;ocean;0
12096;55;7;2;sea;false;ocean;0
12097;84;44;6;sea;false;ocean;0
12098;51;40;1;sea;false;ocean;0
12099;13;1;37;sea;false;ocean;0
12100;1;51;44;sea;false;ocean;0
12101;1;11;82;sea;true;ocean;0
12102;1;47;86;sea;false;ocean;0
12103;84;27;4;sea;false;ocean;0
12104;40;39;0;sea;false;ocean;0
12105;2;86;12;sea;false;ocean;0
12106;0;23;5;sea;false;ocean;0
12107;76;14;1;sea;false;ocean;0
12108;0;32;3;sea;false;ocean;0
12109;33;2;46;sea;false;ocean;0
12110;6;31;96;sea;true;ocean;0
12111;2;28;57;sea;false;ocean;0
12112;30;0;37;sea;false;ocean;0
12113;2;77;38;sea;false;ocean;0
12114;53;1;0;sea;false;ocean;0
12115;2;5;63;sea;false;ocean;0
12116;7;47;2;sea;false;ocean;0
12117;6;96;5;sea;false;ocean;0
12118;4;40;60;sea;false;ocean;0
12119;55;77;5;sea;false;ocean;0
12120;0;27;9;sea;false;ocean;0
12121;58;1;8;sea;true;ocean;0
12122;5;22;0;sea;false;ocean;0
12123;66;39;2;sea;false;ocean;0
12124;62;8;90;sea;false;ocean;0
12125;55;3;56;sea;false;ocean;0
12126;70;1;7;sea;false;ocean;0
12127;43;1;35;sea;false;ocean;0
12128;64;3;34;sea;false;ocean;0
12129;24;32;1;sea;false;ocean;0
12130;52;0;65;sea;false;ocean;0
12131;6;75;39;sea;false;ocean;0
12132;45;25;2;sea;true;ocean;0
12133;2;63;14;sea;false;ocean;0
12134;37;0;33;sea;true;ocean;0
12135;58;63;2;sea;false;ocean;0
12136;6;26;80;sea;false;ocean;0
12137;63;50;0;sea;false;ocean;0
12138;69;0;71;sea;false;ocean;0
12139;3;61;45;sea;false;ocean;0
12140;27;50;1;sea;false;ocean;0
12141;31;35;0;sea;false;ocean;0
12142;51;75;5;sea;false;ocean;0
12143;0;23;9;sea;true;ocean;0
12144;59;3;66;sea;false;ocean;0
12145;87;38;8;sea;false;ocean;0
12146;65;16;5;sea;true;ocean;0
12147;24;85;1;sea;false;ocean;0
12148;5;88;65;sea;false;ocean;0
12149;56;1;49;sea;false;ocean;0
12150;16;62;1;sea;false;ocean;0
12151;23;0;2;sea;true;ocean;0
12152;19;45;1;sea;false;ocean;0
12153;86;5;78;sea;true;ocean;0
12154;65;13;3;sea;false;ocean;0
12155;1;37;25;sea;false;ocean;0
12156;6;63;4;sea;false;ocean;0
12157;23;3;74;sea;false;ocean;0
12158;97;19;5;sea;false;ocean;0
12159;74;6;81;sea;true;ocean;0
12160;92;8;80;sea;false;ocean;0
12161;69;2;32;sea;false;ocean;0
12162;67;28;5;sea;false;ocean;0
12163;27;25;0;sea;true;ocean;0
12164;89;87;6;sea;true;ocean;0
12165;6;0;51;sea;false;ocean;0
12166;45;1;35;sea;false;ocean;0
12167;6;75;43;sea;false;ocean;0
12168;8;0;20;sea;true;ocean;0
12169;91;1;69;sea;false;ocean;0
12170;88;89;7;sea;false;ocean;0
12171;66;4;0;sea;false;ocean;0
12172;0;6;23;sea;false;ocean;0
12173;25;0;14;sea;false;ocean;0
12174;4;88;36;sea;false;ocean;0
12175;55;21;2;sea;false;ocean;0
12176;2;58;26;sea;false;ocean;0
12177;68;5;60;sea;true;ocean;0
12178;4;30;71;sea;false;ocean;0
12179;28;16;0;sea;true;ocean;0
12180;44;1;18;sea;false;ocean;0
12181;15;75;4;sea;false;ocean;0
12182;32;45;0;sea;false;ocean;0
12183;5;76;17;sea;false;ocean;0
12184;2;25;84;sea;false;ocean;0
12185;56;2;3;sea;false;ocean;0
12186;73;3;71;sea;false;ocean;0
12187;1;16;34;sea;false;ocean;0
12188;41;13;1;sea;false;ocean;0
12189;0;33;16;sea;false;ocean;0
12190;66;56;3;sea;false;ocean;0
12191;2;44;20;sea;false;ocean;0
12192;7;90;78;sea;false;ocean;0
12193;2;20;80;sea;false;ocean;0
12194;24;40;0;sea;false;ocean;0
12195;1;33;77;sea;true;ocean;0
12196;43;75;2;sea;false;ocean;0
12197;94;14;6;sea;false;ocean;0
12198;36;95;7;sea;false;ocean;0
12199;3;71;82;sea;false;ocean;0
12200;60;46;2;sea;false;ocean;0
12201;73;2;41;sea;false;ocean;0
12202;36;1;10;sea;false;ocean;0
12203;7;34;85;sea;true;ocean;0
12204;83;1;94;sea;false;ocean;0
12205;1;2;48;sea;false;ocean;0
12206;52;41;2;sea;true;ocean;0
12207;75;94;5;sea;true;ocean;0
12208;6;28;0;sea;true;ocean;0
12209;19;33;1;sea;false;ocean;0
12210;66;2;14;sea;false;ocean;0
12211;2;34;44;sea;false;ocean;0
12212;51;50;1;sea;false;ocean;0
12213;53;3;20;sea;false;ocean;0
12214;18;0;29;sea;false;ocean;0
12215;19;43;1;sea;false;ocean;0
12216;7;62;2;sea;false;ocean;0
12217;7;46;81;sea;false;ocean;0
12218;49;1;35;sea;true;ocean;0
12219;23;24;0;sea;true;ocean;0
12220;75;82;1;sea;false;ocean;0
12221;6;76;5;sea;true;ocean;0
12222;32;0;36;sea;false;ocean;0
12223;2;74;27;sea;true;ocean;0
12224;47;55;1;sea;false;ocean;0
12225;22;5;81;sea;false;ocean;0
12226;16;0;22;sea;false;ocean;0
12227;55;3;28;sea;true;ocean;0
12228;4;31;85;sea;true;ocean;0
12229;14;75;2;sea;true;ocean;0
12230;2;57;40;sea;false;ocean;0
12231;63;1;25;sea;false;ocean;0
12232;1;42;7;sea;false;ocean;0
12233;94;7;60;sea;false;ocean;0
12234;2;90;59;sea;false;ocean;0
12235;36;35;1;sea;false;ocean;0
12236;3;7;83;sea;false;ocean;0
12237;94;8;36;sea;false;ocean;0
12238;1;62;30;sea;false;ocean;0
12239;68;4;65;sea;false;ocean;0
12240;0;31;20;sea;false;ocean;0
12241;1;28;74;sea;true;ocean;0
12242;68;38;1;sea;true;ocean;0
12243;41;1;2;sea;false;ocean;0
12244;21;72;1;sea;false;ocean;0
12245;2;4;46;sea;false;ocean;0
12246;1;31;2;sea;true;ocean;0
12247;22;0;23;sea;false;ocean;0
12248;2;53;22;sea;false;ocean;0
12249;1;25;15;sea;false;ocean;0
12250;49;2;30;sea;false;ocean;0
12251;47;0;80;sea;false;ocean;0
12252;6;71;15;sea;false;ocean;0
12253;42;4;79;sea;false;ocean;0
12254;29;16;0;sea;false;ocean;0
12255;0;5;33;sea;false;ocean;0
12256;29;3;0;sea;false;ocean;0
12257;53;2;21;sea;true;ocean;0
12258;80;97;3;sea;false;ocean;0
12259;77;1;44;sea;false;ocean;0
12260;23;33;0;sea;false;ocean;0
12261;91;6;58;sea;false;ocean;0
12262;6;80;53;sea;false;ocean;0
12263;48;61;1;sea;false;ocean;0
12264;3;23;54;sea;false;ocean;0
12265;70;87;8;sea;false;ocean;0
12266;15;2;77;sea;true;ocean;0
12267;4;34;64;sea;false;ocean;0
12268;6;83;51;sea;true;ocean;0
12269;86;6;36;sea;false;ocean;0
12270;0;44;54;sea;true;ocean;0
12271;15;46;1;sea;false;ocean;0
12272;47;1;42;sea;false;ocean;0
12273;1;64;31;sea;false;ocean;0
12274;10;0;26;sea;false;ocean;0
12275;0;14;32;sea;false;ocean;0
12276;46;42;2;sea;false;ocean;0
12277;28;1;5;sea;false;ocean;0
12278;19;24;0;sea;false;ocean;0
12279;2;83;5;sea;false;ocean;0
12280;77;42;5;sea;false;ocean;0
12281;3;31;83;sea;false;ocean;0
12282;43;3;80;sea;false;ocean;0
12283;57;1;45;sea;true;ocean;0
12284;4;71;57;sea;false;ocean;0
12285;20;0;19;sea;true;ocean;0
12286;2;17;55;sea;false;ocean;0
12287;53;4;1;sea;false;ocean;0
12288;66;47;5;sea;false;ocean;0
12289;1;12;32;sea;true;ocean;0
12290;35;6;75;sea;false;ocean;0
12291;1;4;25;sea;true;ocean;0
12292;77;1;24;sea;false;ocean;0
12293;1;15;36;sea;false;ocean;0
12294;2;33;42;sea;false;ocean;0
12295;1;6;34;sea;false;ocean;0
12296;1;42;47;sea;false;ocean;0
12297;41;19;1;sea;false;ocean;0
12298;45;17;0;sea;false;ocean;0
12299;1;45;46;sea;false;ocean;0
12300;50;7;82;sea;false;ocean;0
12301;1;36;44;sea;false;ocean;0
12302;3;53;48;sea;false;ocean;0
12303;19;70;1;sea;false;ocean;0
12304;5;56;86;sea;true;ocean;0
12305;1;3;63;sea;false;ocean;0
12306;1;63;70;sea;false;ocean;0
12307;91;99;2;sea;true;ocean;0
12308;40;0;85;sea;false;ocean;0
12309;65;2;77;sea;false;ocean;0
12310;84;6;34;sea;false;ocean;0
12311;0;20;14;sea;false;ocean;0
12312;0;28;48;sea;false;ocean;0
12313;46;16;1;sea;false;ocean;0
12314;36;68;1;sea;false;ocean;0
12315;73;26;2;sea;false;ocean;0
12316;3;81;12;sea;false;ocean;0
12317;17;3;61;sea;false;ocean;0
12318;25;16;0;sea;false;ocean;0
12319;50;28;2;sea;false;ocean;0
12320;64;77;3;sea;false;ocean;0
12321;0;4;44;sea;true;ocean;0
12322;61;58;3;sea;false;ocean;0
12323;23;29;0;sea;false;ocean;0
12324;40;1;43;sea;false;ocean;0
12325;0;77;30;sea;true;ocean;0
12326;10;51;3;sea;false;ocean;0
12327;1;42;35;sea;false;ocean;0
12328;5;13;68;sea;false;ocean;0
12329;53;56;2;sea;false;ocean;0
12330;85;6;83;sea;false;ocean;0
12331;35;1;29;sea;true;ocean;0
12332;7;57;88;sea;false;ocean;0
12333;11;37;1;sea;false;ocean;0
12334;38;13;1;sea;false;ocean;0
12335;5;34;0;sea;false;ocean;0
12336;42;43;1;sea;false;ocean;0
12337;47;1;66;sea;true;ocean;0
12338;36;24;0;sea;false;ocean;0
12339;3;60;6;sea;false;ocean;0
12340;89;7;39;sea;false;ocean;0
12341;5;39;76;sea;true;ocean;0
12342;6;93;40;sea;false;ocean;0
12343;1;75;5;sea;false;ocean;0
12344;6;64;1;sea;false;ocean;0
12345;30;31;0;sea;true;ocean;0
12346;75;1;16;sea;false;ocean;0
12347;68;1;95;sea;false;ocean;0
12348;31;0;53;sea;false;ocean;0
12349;3;32;61;sea;false;ocean;0
12350;4;70;59;sea;false;ocean;0
12351;55;6;80;sea;false;ocean;0
12352;37;54;1;sea;false;ocean;0
12353;2;17;47;sea;true;ocean;0
12354;24;0;5;sea;false;ocean;0
12355;34;52;1;sea;false;ocean;0
12356;40;2;52;sea;false;ocean;0
12357;91;4;62;sea;false;ocean;0
12358;3;3;78;sea;false;ocean;0
12359;5;2;63;sea;true;ocean;0
12360;82;7;67;sea;false;ocean;0
12361;2;92;35;sea;false;ocean;0
12362;91;90;2;sea;false;ocean;0
12363;33;1;73;sea;false;ocean;0
12364;50;4;3;sea;false;ocean;0
12365;0;55;48;sea;false;ocean;0
12366;2;14;90;sea;false;ocean;0
12367;33;15;1;sea;true;ocean;0
12368;90;20;0;sea;true;ocean;0
12369;20;57;2;sea;false;ocean;0
12370;36;0;47;sea;false;ocean;0
12371;2;0;24;sea;true;ocean;0
12372;43;0;49;sea;true;ocean;0
12373;1;13;74;sea;false;ocean;0
12374;93;14;9;sea;false;ocean;0
12375;0;39;10;sea;true;ocean;0
12376;43;67;1;sea;true;ocean;0
12377;75;1;4;sea;false;ocean;0
12378;77;6;24;sea;false;ocean;0
12379;43;3;52;sea;true;ocean;0
12380;4;78;19;sea;true;ocean;0
12381;10;44;1;sea;false;ocean;0
12382;94;44;7;sea;false;ocean;0
12383;6;77;50;sea;false;ocean;0
12384;5;1;41;sea;false;ocean;0
12385;3;82;32;sea;false;ocean;0
12386;0;43;10;sea;false;ocean;0
12387;10;38;1;sea;false;ocean;0
12388;14;1;49;sea;true;ocean;0
12389;13;35;1;sea;true;ocean;0
12390;59;3;39;sea;false;ocean;0
12391;23;5;94;sea;false;ocean;0
12392;4;15;58;sea;true;ocean;0
12393;30;0;12;sea;false;ocean;0
12394;5;32;0;sea;false;ocean;0
12395;21;2;54;sea;false;ocean;0
12396;38;49;1;sea;false;ocean;0
12397;69;2;69;sea;false;ocean;0
12398;16;1;64;sea;false;ocean;0
12399;2;72;31;sea;false;ocean;0
12400;36;49;1;sea;false;ocean;0
12401;23;4;84;sea;false;ocean;0
12402;46;6;73;sea;false;ocean;0
12403;1;14;29;sea;true;ocean;0
12404;24;28;0;sea;true;ocean;0
12405;55;1;25;sea;false;ocean;0
12406;78;1;53;sea;true;ocean;0
12407;67;67;5;sea;false;ocean;0
12408;2;14;47;sea;true;ocean;0
12409;24;13;0;sea;false;ocean;0
12410;31;1;46;sea;true;ocean;0
12411;52;3;58;sea;true;ocean;0
12412;2;52;43;sea;false;ocean;0
12413;39;1;37;sea;false;ocean;0
12414;1;11;71;sea;false;ocean;0
12415;72;1;17;sea;false;ocean;0
12416;71;4;30;sea;false;ocean;0
12417;3;62;73;sea;false;ocean;0
12418;35;5;1;sea;false;ocean;0
12419;1;13;39;sea;true;ocean;0
12420;1;4;41;sea;false;ocean;0
12421;0;48;101;sea;true;ocean;0
12422;44;2;67;sea;true;ocean;0
12423;30;72;2;sea;false;ocean;0
12424;19;54;3;sea;false;ocean;0
12425;6;80;73;sea;true;ocean;0
12426;58;52;3;sea;false;ocean;0
12427;1;34;60;sea;false;ocean;0
12428;0;55;88;sea;true;ocean;0
12429;81;7;27;sea;false;ocean;0
12430;3;70;95;sea;false;ocean;0
12431;44;13;1;sea;false;ocean;0
12432;90;4;69;sea;false;ocean;0
12433;58;3;50;sea;false;ocean;0
12434;30;4;94;sea;false;ocean;0
12435;50;1;36;sea;true;ocean;0
12436;57;33;1;sea;false;ocean;0
12437;2;49;32;sea;false;ocean;0
12438;42;5;1;sea;true;ocean;0
12439;36;31;1;sea;false;ocean;0
12440;46;39;2;sea;false;ocean;0
12441;30;2;83;sea;false;ocean;0
12442;1;10;44;sea;false;ocean;0
12443;86;4;65;sea;false;ocean;0
12444;55;29;1;sea;true;ocean;0
12445;1;4;37;sea;false;ocean;0
12446;2;43;1;sea;true;ocean;0
12447;79;3;66;sea;false;ocean;0
12448;62;15;2;sea;false;ocean;0
12449;0;21;52;sea;false;ocean;0
12450;32;6;1;sea;true;ocean;0
12451;11;27;0;sea;false;ocean;0
12452;37;38;1;sea;false;ocean;0
12453;51;15;1;sea;false;ocean;0
12454;38;57;2;sea;true;ocean;0
12455;65;69;0;sea;true;ocean;0
12456;69;2;61;sea;false;ocean;0
12457;20;29;1;sea;true;ocean;0
12458;58;3;38;sea;false;ocean;0
12459;80;33;5;sea;true;ocean;0
12460;81;2;1;sea;false;ocean;0
12461;65;2;9;sea;false;ocean;0
12462;0;86;39;sea;false;ocean;0
12463;30;43;1;sea;false;ocean;0
12464;80;71;7;sea;true;ocean;0
12465;72;5;53;sea;true;ocean;0
12466;33;63;1;sea;false;ocean;0
12467;2;63;17;sea;true;ocean;0
12468;79;7;57;sea;false;ocean;0
12469;77;5;33;sea;true;ocean;0
12470;1;51;27;sea;true;ocean;0
12471;1;2;25;sea;false;ocean;0
12472;7;88;2;sea;true;ocean;0
12473;3;62;49;sea;true;ocean;0
12474;0;23;8;sea;true;ocean;0
12475;0;32;8;sea;false;ocean;0
12476;33;2;91;sea;false;ocean;0
12477;81;1;47;sea;false;ocean;0
12478;4;66;79;sea;false;ocean;0
12479;4;22;0;sea;false;ocean;0
12480;43;2;14;sea;false;ocean;0
12481;51;4;87;sea;true;ocean;0
12482;79;69;2;sea;true;ocean;0
12483;53;48;0;sea;false;ocean;0
12484;27;0;7;sea;false;ocean;0
12485;49;2;51;sea;false;ocean;0
12486;1;24;85;sea;false;ocean;0
12487;38;27;1;sea;false;ocean;0
12488;2;48;75;sea;true;ocean;0
12489;1;19;46;sea;false;ocean;0
12490;93;57;0;sea;false;ocean;0
12491;88;27;9;sea;false;ocean;0
12492;64;3;45;sea;false;ocean;0
12493;0;30;32;sea;true;ocean;0
12494;78;0;46;sea;false;ocean;0
12495;45;1;34;sea;true;ocean;0
12496;36;7;1;sea;true;ocean;0
12497;61;2;79;sea;false;ocean;0
12498;93;8;73;sea;false;ocean;0
12499;47;1;15;sea;false;ocean;0
12500;34;46;1;sea;true;ocean;0
12501;0;17;99;sea;false;ocean;0
12502;3;61;56;sea;false;ocean;0
12503;12;0;21;sea;true;ocean;0
12504;24;23;0;sea;false;ocean;0
12505;5;0;35;sea;true;ocean;0
12506;72;2;66;sea;false;ocean;0
12507;73;1;49;sea;false;ocean;0
12508;1;54;73;sea;true;ocean;0
12509;15;6;77;sea;false;ocean;0
12510;28;1;34;sea;true;ocean;0
12511;28;16;1;sea;false;ocean;0
12512;44;1;29;sea;false;ocean;0
12513;70;58;2;sea;false;ocean;0
12514;22;11;0;sea;true;ocean;0
12515;4;63;19;sea;false;ocean;0
12516;1;23;84;sea;false;ocean;0
12517;1;22;33;sea;true;ocean;0
12518;7;71;77;sea;false;ocean;0
12519;23;3;55;sea;true;ocean;0
12520;35;21;1;sea;true;ocean;0
12521;14;25;1;sea;true;ocean;0
12522;81;21;7;sea;true;ocean;0
12523;3;0;32;sea;true;ocean;0
12524;0;33;23;sea;false;ocean;0
12525;29;63;1;sea;true;ocean;0
12526;52;7;85;sea;true;ocean;0
12527;78;6;85;sea;false;ocean;0
12528;1;27;7;sea;true;ocean;0
12529;0;86;15;sea;false;ocean;0
12530;70;76;3;sea;false;ocean;0
12531;48;5;2;sea;false;ocean;0
12532;94;42;2;sea;false;ocean;0
12533;15;1;80;sea;false;ocean;0
12534;11;1;48;sea;false;ocean;0
12535;8;88;45;sea;false;ocean;0
12536;1;8;49;sea;false;ocean;0
12537;95;41;6;sea;false;ocean;0
12538;1;0;25;sea;false;ocean;0
12539;4;55;66;sea;false;ocean;0
12540;19;39;2;sea;false;ocean;0
12541;88;30;7;sea;false;ocean;0
12542;94;0;87;sea;false;ocean;0
12543;52;58;3;sea;false;ocean;0
12544;2;24;59;sea;false;ocean;0
12545;62;2;17;sea;true;ocean;0
12546;1;47;51;sea;false;ocean;0
12547;1;2;49;sea;false;ocean;0
12548;25;0;1;sea;false;ocean;0
12549;19;33;0;sea;false;ocean;0
12550;59;19;2;sea;true;ocean;0
12551;6;45;87;sea;true;ocean;0
12552;11;3;77;sea;true;ocean;0
12553;46;61;2;sea;false;ocean;0
12554;7;87;54;sea;false;ocean;0
12555;22;0;10;sea;true;ocean;0
12556;5;96;18;sea;false;ocean;0
12557;0;63;71;sea;false;ocean;0
12558;15;8;91;sea;true;ocean;0
12559;34;24;1;sea;false;ocean;0
12560;52;92;1;sea;true;ocean;0
12561;2;95;24;sea;true;ocean;0
12562;26;1;34;sea;false;ocean;0
12563;32;22;1;sea;false;ocean;0
12564;0;30;8;sea;false;ocean;0
12565;37;2;52;sea;false;ocean;0
12566;41;55;2;sea;false;ocean;0
12567;4;92;38;sea;true;ocean;0
12568;1;49;31;sea;false;ocean;0
12569;4;33;96;sea;false;ocean;0
12570;21;73;3;sea;false;ocean;0
12571;56;3;27;sea;true;ocean;0
12572;47;9;90;sea;false;ocean;0
12573;36;1;29;sea;true;ocean;0
12574;1;47;7;sea;false;ocean;0
12575;0;34;21;sea;false;ocean;0
12576;35;4;58;sea;false;ocean;0
12577;1;14;90;sea;false;ocean;0
12578;31;46;1;sea;false;ocean;0
12579;1;41;27;sea;false;ocean;0
12580;33;62;3;sea;false;ocean;0
12581;2;68;24;sea;false;ocean;0
12582;9;2;76;sea;true;ocean;0
12583;10;24;1;sea;false;ocean;0
12584;83;6;41;sea;true;ocean;0
12585;22;0;22;sea;true;ocean;0
12586;15;0;50;sea;false;ocean;0
12587;58;24;3;sea;false;ocean;0
12588;12;1;35;sea;false;ocean;0
12589;91;3;50;sea;false;ocean;0
12590;20;34;1;sea;true;ocean;0
12591;93;7;20;sea;false;ocean;0
12592;32;3;55;sea;false;ocean;0
12593;23;54;1;sea;false;ocean;0
12594;3;45;98;sea;false;ocean;0
12595;4;59;79;sea;true;ocean;0
12596;1;55;23;sea;false;ocean;0
12597;66;0;92;sea;false;ocean;0
12598;3;86;59;sea;false;ocean;0
12599;1;97;73;sea;false;ocean;0
12600;38;5;1;sea;true;ocean;0
12601;56;75;1;sea;false;ocean;0
12602;1;36;57;sea;false;ocean;0
12603;3;73;94;sea;true;ocean;0
12604;96;42;4;sea;false;ocean;0
12605;12;3;68;sea;false;ocean;0
12606;37;81;7;sea;false;ocean;0
12607;41;4;74;sea;true;ocean;0
12608;77;97;3;sea;false;ocean;0
12609;35;68;1;sea;false;ocean;0
12610;59;2;25;sea;true;ocean;0
12611;33;75;0;sea;false;ocean;0
12612;43;51;2;sea;false;ocean;0
12613;1;29;54;sea;true;ocean;0
12614;1;68;92;sea;false;ocean;0
12615;41;1;15;sea;false;ocean;0
12616;0;37;7;sea;true;ocean;0
12617;1;35;3;sea;false;ocean;0
12618;6;24;77;sea;false;ocean;0
12619;76;13;4;sea;false;ocean;0
12620;7;28;89;sea;false;ocean;0
12621;0;7;30;sea;true;ocean;0
12622;83;60;1;sea;false;ocean;0
12623;58;2;11;sea;true;ocean;0
12624;20;24;0;sea;false;ocean;0
12625;2;20;51;sea;true;ocean;0
12626;1;15;39;sea;false;ocean;0
12627;35;63;1;sea;false;ocean;0
12628;84;4;85;sea;false;ocean;0
12629;8;98;2;sea;false;ocean;0
12630;60;4;39;sea;false;ocean;0
12631;20;2;70;sea;true;ocean;0
12632;3;78;75;sea;false;ocean;0
12633;68;0;66;sea;false;ocean;0
12634;86;6;49;sea;false;ocean;0
12635;0;0;20;sea;true;ocean;0
12636;1;36;45;sea;true;ocean;0
12637;3;72;51;sea;false;ocean;0
12638;24;35;1;sea;false;ocean;0
12639;36;2;54;sea;true;ocean;0
12640;0;79;85;sea;false;ocean;0
12641;95;6;55;sea;false;ocean;0
12642;7;0;22;sea;true;ocean;0
12643;31;17;0;sea;false;ocean;0
12644;15;3;66;sea;false;ocean;0
12645;31;0;32;sea;true;ocean;0
12646;36;68;2;sea;true;ocean;0
12647;88;14;3;sea;false;ocean;0
12648;20;0;24;sea;true;ocean;0
12649;1;23;36;sea;false;ocean;0
12650;96;5;30;sea;false;ocean;0
12651;15;0;26;sea;false;ocean;0
12652;6;76;40;sea;false;ocean;0
12653;25;16;1;sea;false;ocean;0
12654;0;27;64;sea;false;ocean;0
12655;7;35;80;sea;false;ocean;0
12656;26;3;55;sea;true;ocean;0
12657;24;0;16;sea;false;ocean;0
12658;59;6;77;sea;false;ocean;0
12659;0;13;44;sea;false;ocean;0
12660;5;66;95;sea;false;ocean;0
12661;72;3;28;sea;false;ocean;0
12662;0;38;5;sea;false;ocean;0
12663;1;79;79;sea;false;ocean;0
12664;34;0;37;sea;false;ocean;0
12665;51;18;3;sea;false;ocean;0
12666;69;3;47;sea;true;ocean;0
12667;58;3;21;sea;false;ocean;0
12668;1;39;31;sea;false;ocean;0
12669;43;49;2;sea;true;ocean;0
12670;52;5;88;sea;true;ocean;0
12671;8;29;85;sea;true;ocean;0
12672;46;82;7;sea;false;ocean;0
12673;3;54;1;sea;false;ocean;0
12674;24;20;0;sea;false;ocean;0
12675;29;1;54;sea;false;ocean;0
12676;79;2;71;sea;false;ocean;0
12677;33;67;1;sea;false;ocean;0
12678;0;20;21;sea;true;ocean;0
12679;7;21;0;sea;false;ocean;0
12680;4;70;58;sea;true;ocean;0
12681;77;5;80;sea;false;ocean;0
12682;7;95;41;sea;false;ocean;0
12683;32;1;32;sea;false;ocean;0
12684;39;1;12;sea;false;ocean;0
12685;81;51;7;sea;false;ocean;0
12686;1;46;25;sea;false;ocean;0
12687;24;0;4;sea;true;ocean;0
12688;48;1;23;sea;false;ocean;0
12689;2;86;38;sea;false;ocean;0
12690;1;17;38;sea;false;ocean;0
12691;78;6;17;sea;false;ocean;0
12692;21;0;19;sea;false;ocean;0
12693;9;54;89;sea;false;ocean;0
12694;66;61;0;sea;false;ocean;0
12695;1;30;4;sea;false;ocean;0
12696;62;41;2;sea;false;ocean;0
12697;19;0;98;sea;false;ocean;0
12698;2;90;20;sea;true;ocean;0
12699;69;1;27;sea;true;ocean;0
12700;9;0;22;sea;false;ocean;0
12701;48;2;57;sea;false;ocean;0
12702;62;39;4;sea;false;ocean;0
12703;0;25;23;sea;false;ocean;0
12704;2;0;27;sea;true;ocean;0
12705;83;2;50;sea;false;ocean;0
12706;1;27;66;sea;false;ocean;0
12707;12;33;0;sea;false;ocean;0
12708;2;94;78;sea;false;ocean;0
12709;29;1;34;sea;false;ocean;0
12710;24;84;1;sea;false;ocean;0
12711;53;3;91;sea;false;ocean;0
12712;1;69;4;sea;false;ocean;0
12713;42;3;96;sea;false;ocean;0
12714;25;7;0;sea;false;ocean;0
12715;1;59;11;sea;true;ocean;0
12716;0;62;9;sea;false;ocean;0
12717;67;5;5;sea;false;ocean;0
12718;8;38;2;sea;true;ocean;0
12719;1;87;43;sea;false;ocean;0
12720;25;0;60;sea;false;ocean;0
12721;53;32;1;sea;false;ocean;0
12722;1;53;23;sea;false;ocean;0
12723;47;48;1;sea;false;ocean;0
12724;16;72;1;sea;false;ocean;0
12725;59;11;2;sea;false;ocean;0
12726;74;0;74;sea;false;ocean;0
12727;53;30;1;sea;false;ocean;0
12728;16;82;1;sea;true;ocean;0
12729;67;2;43;sea;false;ocean;0
12730;32;8;1;sea;false;ocean;0
12731;54;0;15;sea;false;ocean;0
12732;45;13;1;sea;false;ocean;0
12733;24;1;5;sea;false;ocean;0
12734;66;31;2;sea;false;ocean;0
12735;4;26;85;sea;false;ocean;0
12736;0;72;52;sea;false;ocean;0
12737;1;39;7;sea;false;ocean;0
12738;1;27;54;sea;false;ocean;0
12739;24;7;1;sea;true;ocean;0
12740;38;78;5;sea;true;ocean;0
12741;77;83;5;sea;false;ocean;0
12742;24;13;1;sea;false;ocean;0
12743;68;46;3;sea;false;ocean;0
12744;1;44;25;sea;false;ocean;0
12745;40;81;3;sea;false;ocean;0
12746;1;23;0;sea;false;ocean;0
12747;83;22;0;sea;false;ocean;0
12748;1;46;49;sea;false;ocean;0
12749;52;29;1;sea;true;ocean;0
12750;25;0;48;sea;true;ocean;0
12751;29;41;2;sea;false;ocean;0
12752;14;1;60;sea;false;ocean;0
12753;20;62;1;sea;false;ocean;0
12754;6;87;41;sea;true;ocean;0
12755;2;23;66;sea;false;ocean;0
12756;23;42;1;sea;false;ocean;0
12757;56;20;1;sea;false;ocean;0
12758;7;2;43;sea;true;ocean;0
12759;6;1;99;sea;false;ocean;0
12760;30;0;19;sea;false;ocean;0
12761;87;76;7;sea;false;ocean;0
12762;29;30;0;sea;false;ocean;0
12763;23;36;1;sea;false;ocean;0
12764;2;89;91;sea;false;ocean;0
12765;60;76;6;sea;false;ocean;0
12766;2;53;80;sea;false;ocean;0
12767;34;0;9;sea;true;ocean;0
12768;2;75;84;sea;false;ocean;0
12769;59;34;2;sea;false;ocean;0
12770;21;4;71;sea;false;ocean;0
12771;27;17;0;sea;false;ocean;0
12772;50;1;39;sea;true;ocean;0
12773;6;29;0;sea;false;ocean;0
12774;60;7;93;sea;false;ocean;0
12775;82;5;25;sea;false;ocean;0
12776;2;83;64;sea;false;ocean;0
12777;75;68;3;sea;false;ocean;0
12778;4;62;32;sea;true;ocean;0
12779;93;52;4;sea;false;ocean;0
12780;45;46;2;sea;false;ocean;0
12781;19;3;74;sea;false;ocean;0
12782;23;1;7;sea;true;ocean;0
12783;46;45;1;sea;false;ocean;0
12784;34;40;0;sea;true;ocean;0
12785;46;7;82;sea;true;ocean;0
12786;89;9;0;sea;false;ocean;0
12787;40;2;81;sea;false;ocean;0
12788;80;4;11;sea;false;ocean;0
12789;1;28;24;sea;true;ocean;0
12790;6;74;95;sea;false;ocean;0
12791;89;3;1;sea;false;ocean;0
12792;22;0;37;sea;true;ocean;0
12793;1;22;26;sea;false;ocean;0
12794;33;60;4;sea;false;ocean;0
12795;0;27;11;sea;false;ocean;0
12796;56;2;57;sea;true;ocean;0
12797;41;22;1;sea;true;ocean;0
12798;1;37;15;sea;false;ocean;0
12799;48;2;29;sea;false;ocean;0
12800;1;24;34;sea;false;ocean;0
12801;24;9;1;sea;false;ocean;0
12802;99;1;94;sea;false;ocean;0
12803;2;51;20;sea;true;ocean;0
12804;81;13;0;sea;false;ocean;0
12805;31;4;62;sea;false;ocean;0
12806;27;82;5;sea;false;ocean;0
12807;0;22;21;sea;true;ocean;0
12808;0;30;45;sea;false;ocean;0
12809;80;7;57;sea;true;ocean;0
12810;3;58;70;sea;true;ocean;0
12811;13;91;4;sea;false;ocean;0
12812;34;89;1;sea;false;ocean;0
12813;65;4;15;sea;false;ocean;0
12814;6;82;23;sea;false;ocean;0
12815;64;40;1;sea;false;ocean;0
12816;31;20;0;sea;false;ocean;0
12817;59;52;4;sea;false;ocean;0
12818;1;47;44;sea;false;ocean;0
12819;26;2;57;sea;false;ocean;0
12820;25;0;24;sea;false;ocean;0
12821;1;18;71;sea;false;ocean;0
12822;6;46;94;sea;false;ocean;0
12823;26;6;89;sea;false;ocean;0
12824;16;62;3;sea;false;ocean;0
12825;50;4;80;sea;true;ocean;0
12826;1;35;48;sea;false;ocean;0
12827;82;2;75;sea;false;ocean;0
12828;23;0;0;sea;false;ocean;0
12829;97;4;5;sea;true;ocean;0
12830;0;19;35;sea;true;ocean;0
12831;4;32;79;sea;true;ocean;0
12832;1;46;86;sea;false;ocean;0
12833;64;78;3;sea;false;ocean;0
12834;1;37;27;sea;false;ocean;0
12835;51;2;22;sea;false;ocean;0
12836;14;82;5;sea;true;ocean;0
12837;5;94;70;sea;false;ocean;0
12838;51;0;38;sea;false;ocean;0
12839;7;90;92;sea;true;ocean;0
12840;5;8;70;sea;false;ocean;0
12841;66;1;2;sea;false;ocean;0
12842;39;41;2;sea;false;ocean;0
12843;36;10;0;sea;false;ocean;0
12844;1;42;29;sea;false;ocean;0
12845;42;44;1;sea;false;ocean;0
12846;1;69;84;sea;false;ocean;0
12847;77;6;43;sea;false;ocean;0
12848;8;0;22;sea;false;ocean;0
12849;4;5;66;sea;false;ocean;0
12850;34;1;38;sea;false;ocean;0
12851;37;92;2;sea;false;ocean;0
12852;1;8;36;sea;false;ocean;0
12853;79;50;7;sea;false;ocean;0
12854;46;64;0;sea;true;ocean;0
12855;34;2;38;sea;false;ocean;0
12856;62;2;4;sea;true;ocean;0
12857;7;79;18;sea;false;ocean;0
12858;37;34;0;sea;true;ocean;0
12859;73;53;1;sea;false;ocean;0
12860;40;75;3;sea;false;ocean;0
12861;8;85;28;sea;false;ocean;0
12862;2;43;24;sea;true;ocean;0
12863;37;40;2;sea;false;ocean;0
12864;25;66;1;sea;false;ocean;0
12865;12;4;64;sea;true;ocean;0
12866;3;41;63;sea;true;ocean;0
12867;32;0;26;sea;false;ocean;0
12868;71;52;3;sea;false;ocean;0
12869;2;46;37;sea;true;ocean;0
12870;36;0;18;sea;false;ocean;0
12871;86;3;24;sea;false;ocean;0
12872;6;49;74;sea;true;ocean;0
12873;43;1;57;sea;false;ocean;0
12874;1;14;46;sea;false;ocean;0
12875;84;46;8;sea;false;ocean;0
12876;65;4;39;sea;false;ocean;0
12877;15;38;0;sea;false;ocean;0
12878;31;1;1;sea;false;ocean;0
12879;1;36;18;sea;false;ocean;0
12880;25;19;0;sea;false;ocean;0
12881;0;25;82;sea;false;ocean;0
12882;1;2;54;sea;false;ocean;0
12883;27;2;66;sea;false;ocean;0
12884;25;0;0;sea;false;ocean;0
12885;0;14;58;sea;false;ocean;0
12886;55;1;87;sea;false;ocean;0
12887;75;1;66;sea;true;ocean;0
12888;3;36;65;sea;false;ocean;0
12889;1;92;1;sea;true;ocean;0
12890;100;64;0;sea;false;ocean;0
12891;13;32;1;sea;false;ocean;0
12892;5;71;64;sea;false;ocean;0
12893;1;35;40;sea;false;ocean;0
12894;56;89;3;sea;false;ocean;0
12895;0;63;70;sea;true;ocean;0
12896;75;62;5;sea;true;ocean;0
12897;50;79;2;sea;true;ocean;0
12898;42;40;1;sea;false;ocean;0
12899;1;65;3;sea;false;ocean;0
12900;73;3;73;sea;false;ocean;0
12901;1;16;56;sea;false;ocean;0
12902;17;1;59;sea;false;ocean;0
12903;16;0;24;sea;false;ocean;0
12904;3;11;81;sea;false;ocean;0
12905;18;2;94;sea;false;ocean;0
12906;37;2;55;sea;false;ocean;0
12907;2;41;67;sea;false;ocean;0
12908;59;1;18;sea;true;ocean;0
12909;39;50;1;sea;false;ocean;0
12910;27;1;10;sea;false;ocean;0
12911;45;2;2;sea;false;ocean;0
12912;3;73;41;sea;false;ocean;0
12913;37;53;1;sea;false;ocean;0
12914;5;59;79;sea;false;ocean;0
12915;39;0;37;sea;false;ocean;0
12916;28;35;0;sea;true;ocean;0
12917;0;34;20;sea;true;ocean;0
12918;21;83;1;sea;false;ocean;0
12919;19;6;90;sea;false;ocean;0
12920;47;2;32;sea;false;ocean;0
12921;1;66;49;sea;true;ocean;0
12922;10;3;81;sea;false;ocean;0
12923;3;47;52;sea;false;ocean;0
12924;1;41;26;sea;false;ocean;0
12925;80;4;91;sea;false;ocean;0
12926;18;79;6;sea;false;ocean;0
12927;51;68;1;sea;false;ocean;0
12928;0;54;16;sea;false;ocean;0
12929;71;3;1;sea;true;ocean;0
12930;1;51;97;sea;false;ocean;0
12931;29;29;0;sea;false;ocean;0
12932;69;29;3;sea;false;ocean;0
12933;20;34;0;sea;false;ocean;0
12934;2;10;42;sea;true;ocean;0
12935;49;2;16;sea;false;ocean;0
12936;4;18;89;sea;false;ocean;0
12937;3;55;84;sea;false;ocean;0
12938;15;95;3;sea;false;ocean;0
12939;27;18;0;sea;true;ocean;0
12940;91;63;6;sea;false;ocean;0
12941;46;3;84;sea;true;ocean;0
12942;1;93;99;sea;true;ocean;0
12943;3;50;80;sea;false;ocean;0
12944;1;49;18;sea;false;ocean;0
12945;62;4;42;sea;false;ocean;0
12946;10;54;91;sea;true;ocean;0
12947;25;6;0;sea;false;ocean;0
12948;79;83;3;sea;false;ocean;0
12949;32;1;64;sea;false;ocean;0
12950;60;1;26;sea;false;ocean;0
12951;2;36;93;sea;false;ocean;0
12952;2;73;43;sea;false;ocean;0
12953;0;42;38;sea;true;ocean;0
12954;63;0;13;sea;false;ocean;0
12955;86;2;86;sea;true;ocean;0
12956;43;51;1;sea;false;ocean;0
12957;1;56;34;sea;false;ocean;0
12958;89;46;8;sea;false;ocean;0
12959;57;1;43;sea;false;ocean;0
12960;1;31;8;sea;false;ocean;0
12961;5;43;91;sea;false;ocean;0
12962;1;23;49;sea;true;ocean;0
12963;2;17;49;sea;true;ocean;0
12964;1;50;32;sea;false;ocean;0
12965;26;18;1;sea;false;ocean;0
12966;32;56;0;sea;false;ocean;0
12967;1;74;93;sea;false;ocean;0
12968;97;2;85;sea;false;ocean;0
12969;90;76;2;sea;false;ocean;0
12970;6;57;80;sea;true;ocean;0
12971;1;19;29;sea;false;ocean;0
12972;60;25;2;sea;false;ocean;0
12973;44;2;21;sea;false;ocean;0
12974;73;34;3;sea;false;ocean;0
12975;0;11;23;sea;false;ocean;0
12976;73;5;79;sea;false;ocean;0
12977;24;12;0;sea;false;ocean;0
12978;1;49;6;sea;false;ocean;0
12979;34;0;54;sea;false;ocean;0
12980;1;44;77;sea;false;ocean;0
12981;6;71;96;sea;true;ocean;0
12982;27;1;34;sea;false;ocean;0
12983;9;87;54;sea;false;ocean;0
12984;24;50;2;sea;true;ocean;0
12985;5;73;65;sea;false;ocean;0
12986;62;1;56;sea;false;ocean;0
12987;76;6;15;sea;false;ocean;0
12988;2;43;72;sea;false;ocean;0
12989;3;95;4;sea;false;ocean;0
12990;0;28;78;sea;true;ocean;0
12991;92;4;15;sea;true;ocean;0
12992;0;84;37;sea;false;ocean;0
12993;11;0;21;sea;false;ocean;0
12994;75;20;6;sea;false;ocean;0
12995;0;37;8;sea;false;ocean;0
12996;36;68;3;sea;false;ocean;0
12997;56;36;0;sea;false;ocean;0
12998;34;86;4;sea;true;ocean;0
12999;4;63;34;sea;true;ocean;0
13000;52;2;43;sea;false;ocean;0
13001;65;19;1;sea;true;ocean;0
13002;20;0;25;sea;false;ocean;0
13003;20;72;6;sea;false;ocean;0
13004;84;39;4;sea;false;ocean;0
13005;23;3;0;sea;false;ocean;0
13006;55;33;2;sea;false;ocean;0
13007;89;85;0;sea;false;ocean;0
13008;0;24;4;sea;false;ocean;0
13009;42;2;1;sea;false;ocean;0
13010;5;83;90;sea;false;ocean;0
13011;6;45;1;sea;false;ocean;0
13012;21;23;0;sea;true;ocean;0
13013;64;67;5;sea;false;ocean;0
13014;1;34;26;sea;true;ocean;0
13015;46;2;11;sea;false;ocean;0
13016;35;1;19;sea;true;ocean;0
13017;30;21;0;sea;false;ocean;0
13018;16;1;46;sea;false;ocean;0
13019;4;75;11;sea;true;ocean;0
13020;7;14;80;sea;false;ocean;0
13021;70;9;1;sea;false;ocean;0
13022;0;22;36;sea;false;ocean;0
13023;0;59;38;sea;false;ocean;0
13024;1;5;98;sea;false;ocean;0
13025;48;85;0;sea;true;ocean;0
13026;2;15;50;sea;true;ocean;0
13027;40;78;5;sea;false;ocean;0
13028;3;68;62;sea;false;ocean;0
13029;84;5;16;sea;false;ocean;0
13030;0;1;22;sea;false;ocean;0
13031;1;23;41;sea;false;ocean;0
13032;15;72;5;sea;false;ocean;0
13033;66;4;65;sea;true;ocean;0
13034;32;1;33;sea;true;ocean;0
13035;79;4;85;sea;false;ocean;0
13036;24;0;7;sea;false;ocean;0
13037;47;3;2;sea;false;ocean;0
13038;71;4;56;sea;false;ocean;0
13039;93;7;49;sea;false;ocean;0
13040;2;95;55;sea;false;ocean;0
13041;2;71;3;sea;true;ocean;0
13042;0;32;58;sea;true;ocean;0
13043;38;1;20;sea;true;ocean;0
13044;4;58;19;sea;false;ocean;0
13045;1;76;53;sea;false;ocean;0
13046;51;1;30;sea;false;ocean;0
13047;21;0;20;sea;false;ocean;0
13048;69;43;3;sea;false;ocean;0
13049;43;2;64;sea;true;ocean;0
13050;91;75;1;sea;false;ocean;0
13051;8;25;0;sea;false;ocean;0
13052;9;0;23;sea;false;ocean;0
13053;30;2;50;sea;false;ocean;0
13054;1;45;16;sea;false;ocean;0
13055;81;5;28;sea;false;ocean;0
13056;21;40;0;sea;false;ocean;0
13057;58;3;8;sea;false;ocean;0
13058;2;72;41;sea;false;ocean;0
13059;51;64;4;sea;false;ocean;0
13060;76;5;97;sea;false;ocean;0
13061;18;1;89;sea;false;ocean;0
13062;19;36;0;sea;false;ocean;0
13063;36;7;79;sea;false;ocean;0
13064;7;49;2;sea;false;ocean;0
13065;6;2;54;sea;false;ocean;0
13066;61;2;1;sea;true;ocean;0
13067;93;8;7;sea;false;ocean;0
13068;23;1;32;sea;false;ocean;0
13069;55;35;2;sea;false;ocean;0
13070;53;32;0;sea;false;ocean;0
13071;74;6;3;sea;false;ocean;0
13072;8;40;1;sea;false;ocean;0
13073;1;4;59;sea;false;ocean;0
13074;21;0;24;sea;true;ocean;0
13075;61;3;27;sea;false;ocean;0
13076;67;66;1;sea;true;ocean;0
13077;36;58;1;sea;true;ocean;0
13078;79;8;93;sea;false;ocean;0
13079;46;2;19;sea;false;ocean;0
13080;3;35;1;sea;false;ocean;0
13081;30;10;0;sea;false;ocean;0
13082;24;1;6;sea;false;ocean;0
13083;45;54;2;sea;false;ocean;0
13084;66;20;1;sea;false;ocean;0
13085;2;0;22;sea;true;ocean;0
13086;4;67;15;sea;false;ocean;0
13087;24;7;0;sea;true;ocean;0
13088;1;54;58;sea;false;ocean;0
13089;89;8;15;sea;true;ocean;0
13090;1;14;31;sea;false;ocean;0
13091;4;56;71;sea;true;ocean;0
13092;55;1;31;sea;false;ocean;0
13093;1;97;55;sea;true;ocean;0
13094;95;5;26;sea;true;ocean;0
13095;89;2;11;sea;true;ocean;0
13096;60;2;12;sea;true;ocean;0
13097;26;89;5;sea;false;ocean;0
13098;6;89;77;sea;false;ocean;0
13099;10;27;0;sea;true;ocean;0
13100;50;23;2;sea;false;ocean;0
13101;2;23;69;sea;false;ocean;0
13102;26;0;10;sea;false;ocean;0
13103;92;20;3;sea;false;ocean;0
13104;54;53;2;sea;false;ocean;0
13105;21;0;12;sea;false;ocean;0
13106;92;59;1;sea;false;ocean;0
13107;44;10;1;sea;true;ocean;0
13108;3;97;0;sea;false;ocean;0
13109;59;0;43;sea;false;ocean;0
13110;75;6;56;sea;false;ocean;0
13111;0;10;54;sea;true;ocean;0
13112;92;6;67;sea;true;ocean;0
13113;7;68;1;sea;true;ocean;0
13114;1;88;26;sea;false;ocean;0
13115;38;0;6;sea;true;ocean;0
13116;3;8;55;sea;false;ocean;0
13117;64;4;49;sea;true;ocean;0
13118;21;12;0;sea;false;ocean;0
13119;3;1;53;sea;false;ocean;0
13120;0;69;91;sea;false;ocean;0
13121;69;12;4;sea;true;ocean;0
13122;0;22;0;sea;true;ocean;0
13123;80;22;4;sea;true;ocean;0
13124;43;0;91;sea;true;ocean;0
13125;49;41;2;sea;false;ocean;0
13126;29;1;27;sea;false;ocean;0
13127;55;1;3;sea;false;ocean;0
13128;16;83;4;sea;true;ocean;0
13129;4;49;1;sea;false;ocean;0
13130;20;81;4;sea;true;ocean;0
13131;13;1;32;sea;false;ocean;0
13132;89;4;95;sea;false;ocean;0
13133;33;2;41;sea;false;ocean;0
13134;87;10;3;sea;false;ocean;0
13135;3;56;30;sea;true;ocean;0
13136;65;67;0;sea;false;ocean;0
13137;50;84;7;sea;true;ocean;0
13138;2;89;76;sea;false;ocean;0
13139;73;93;5;sea;false;ocean;0
13140;66;6;82;sea;false;ocean;0
13141;4;61;17;sea;false;ocean;0
13142;84;2;20;sea;false;ocean;0
13143;1;37;14;sea;false;ocean;0
13144;24;9;0;sea;false;ocean;0
13145;4;17;85;sea;false;ocean;0
13146;4;74;36;sea;false;ocean;0
13147;0;5;28;sea;false;ocean;0
13148;1;27;33;sea;false;ocean;0
13149;30;80;1;sea;true;ocean;0
13150;4;67;39;sea;true;ocean;0
13151;0;22;20;sea;true;ocean;0
13152;48;28;1;sea;false;ocean;0
13153;2;49;58;sea;false;ocean;0
13154;34;71;0;sea;true;ocean;0
13155;5;80;48;sea;false;ocean;0
13156;11;2;46;sea;true;ocean;0
13157;6;75;88;sea;false;ocean;0
13158;49;3;75;sea;true;ocean;0
13159;3;61;42;sea;false;ocean;0
13160;80;26;4;sea;true;ocean;0
13161;57;5;84;sea;false;ocean;0
13162;34;83;4;sea;false;ocean;0
13163;1;38;52;sea;true;ocean;0
13164;3;62;51;sea;false;ocean;0
13165;7;1;53;sea;false;ocean;0
13166;1;32;54;sea;false;ocean;0
13167;47;81;4;sea;false;ocean;0
13168;50;25;2;sea;false;ocean;0
13169;17;58;0;sea;false;ocean;0
13170;2;28;0;sea;false;ocean;0
13171;57;2;69;sea;true;ocean;0
13172;0;27;6;sea;false;ocean;0
13173;17;48;2;sea;true;ocean;0
13174;44;24;2;sea;false;ocean;0
13175;24;1;42;sea;true;ocean;0
13176;69;2;35;sea;true;ocean;0
13177;0;16;32;sea;false;ocean;0
13178;42;7;0;sea;true;ocean;0
13179;0;25;38;sea;false;ocean;0
13180;48;43;1;sea;false;ocean;0
13181;50;1;30;sea;true;ocean;0
13182;72;10;1;sea;true;ocean;0
13183;0;39;56;sea;true;ocean;0
13184;81;83;6;sea;false;ocean;0
13185;67;3;20;sea;true;ocean;0
13186;31;1;12;sea;false;ocean;0
13187;47;1;13;sea;false;ocean;0
13188;3;61;54;sea;false;ocean;0
13189;12;0;27;sea;false;ocean;0
13190;5;0;33;sea;false;ocean;0
13191;59;4;68;sea;false;ocean;0
13192;11;22;0;sea;true;ocean;0
13193;0;23;18;sea;true;ocean;0
13194;40;75;2;sea;true;ocean;0
13195;28;37;1;sea;false;ocean;0
13196;41;42;0;sea;false;ocean;0
13197;28;1;60;sea;false;ocean;0
13198;3;95;87;sea;false;ocean;0
13199;88;9;23;sea;false;ocean;0
13200;1;28;47;sea;false;ocean;0
13201;43;2;4;sea;false;ocean;0
13202;5;27;0;sea;false;ocean;0
13203;26;41;1;sea;true;ocean;0
13204;25;7;78;sea;false;ocean;0
13205;46;2;67;sea;false;ocean;0
13206;0;63;49;sea;true;ocean;0
13207;92;6;31;sea;false;ocean;0
13208;15;81;3;sea;false;ocean;0
13209;26;39;1;sea;false;ocean;0
13210;2;74;12;sea;false;ocean;0
13211;28;5;92;sea;true;ocean;0
13212;20;49;2;sea;false;ocean;0
13213;6;86;20;sea;false;ocean;0
13214;5;55;91;sea;true;ocean;0
13215;67;9;2;sea;true;ocean;0
13216;48;20;0;sea;false;ocean;0
13217;2;70;77;sea;false;ocean;0
13218;52;1;32;sea;false;ocean;0
13219;93;50;8;sea;false;ocean;0
13220;27;1;7;sea;false;ocean;0
13221;0;9;32;sea;false;ocean;0
13222;44;39;2;sea;false;ocean;0
13223;54;79;4;sea;true;ocean;0
13224;1;4;71;sea;false;ocean;0
13225;34;5;70;sea;false;ocean;0
13226;53;39;1;sea;false;ocean;0
13227;1;32;46;sea;false;ocean;0
13228;2;40;41;sea;false;ocean;0
13229;1;50;7;sea;false;ocean;0
13230;61;0;30;sea;true;ocean;0
13231;74;30;2;sea;true;ocean;0
13232;69;2;27;sea;false;ocean;0
13233;3;0;26;sea;false;ocean;0
13234;45;14;0;sea;true;ocean;0
13235;79;3;27;sea;false;ocean;0
13236;3;85;19;sea;true;ocean;0
13237;0;30;14;sea;true;ocean;0
13238;45;2;5;sea;false;ocean;0
13239;90;69;8;sea;true;ocean;0
13240;37;53;0;sea;true;ocean;0
13241;32;1;77;sea;false;ocean;0
13242;2;1;40;sea;false;ocean;0
13243;43;28;1;sea;true;ocean;0
13244;56;42;3;sea;false;ocean;0
13245;91;7;65;sea;false;ocean;0
13246;38;89;1;sea;false;ocean;0
13247;16;24;0;sea;true;ocean;0
13248;35;26;0;sea;false;ocean;0
13249;58;15;3;sea;true;ocean;0
13250;3;41;86;sea;false;ocean;0
13251;73;18;4;sea;true;ocean;0
13252;83;6;47;sea;true;ocean;0
13253;60;49;2;sea;false;ocean;0
13254;8;26;1;sea;false;ocean;0
13255;38;2;45;sea;false;ocean;0
13256;67;62;4;sea;false;ocean;0
13257;93;46;3;sea;false;ocean;0
13258;83;1;46;sea;false;ocean;0
13259;40;2;15;sea;false;ocean;0
13260;66;3;31;sea;true;ocean;0
13261;58;2;57;sea;false;ocean;0
13262;62;0;75;sea;false;ocean;0
13263;85;64;5;sea;false;ocean;0
13264;72;3;54;sea;false;ocean;0
13265;8;87;94;sea;false;ocean;0
13266;24;79;5;sea;false;ocean;0
13267;27;6;92;sea;false;ocean;0
13268;1;49;21;sea;true;ocean;0
13269;2;75;18;sea;false;ocean;0
13270;73;2;82;sea;false;ocean;0
13271;3;60;59;sea;false;ocean;0
13272;10;0;23;sea;true;ocean;0
13273;5;56;65;sea;false;ocean;0
13274;7;43;1;sea;false;ocean;0
13275;47;2;43;sea;false;ocean;0
13276;46;42;1;sea;false;ocean;0
13277;1;17;69;sea;false;ocean;0
13278;90;75;3;sea;false;ocean;0
13279;28;1;0;sea;true;ocean;0
13280;33;75;2;sea;true;ocean;0
13281;41;1;13;sea;false;ocean;0
13282;68;2;2;sea;false;ocean;0
13283;30;1;35;sea;true;ocean;0
13284;31;0;18;sea;false;ocean;0
13285;76;0;4;sea;true;ocean;0
13286;38;46;2;sea;false;ocean;0
13287;25;1;49;sea;false;ocean;0
13288;49;2;5;sea;false;ocean;0
13289;44;88;5;sea;false;ocean;0
13290;83;60;7;sea;false;ocean;0
13291;2;59;27;sea;true;ocean;0
13292;35;5;82;sea;true;ocean;0
13293;20;21;0;sea;false;ocean;0
13294;88;9;76;sea;false;ocean;0
13295;24;6;1;sea;false;ocean;0
13296;81;10;7;sea;false;ocean;0
13297;30;60;1;sea;false;ocean;0
13298;1;15;33;sea;false;ocean;0
13299;1;43;65;sea;false;ocean;0
13300;83;5;29;sea;true;ocean;0
13301;1;57;77;sea;true;ocean;0
13302;86;70;8;sea;false;ocean;0
13303;70;87;3;sea;false;ocean;0
13304;0;64;32;sea;true;ocean;0
13305;0;14;23;sea;false;ocean;0
13306;1;26;63;sea;false;ocean;0
13307;3;54;51;sea;false;ocean;0
13308;80;31;4;sea;true;ocean;0
13309;6;74;22;sea;true;ocean;0
13310;59;55;1;sea;false;ocean;0
13311;37;1;20;sea;false;ocean;0
13312;30;1;47;sea;false;ocean;0
13313;49;1;66;sea;false;ocean;0
13314;15;0;28;sea;false;ocean;0
13315;89;4;14;sea;false;ocean;0
13316;1;10;31;sea;true;ocean;0
13317;3;6;62;sea;true;ocean;0
13318;64;90;2;sea;false;ocean;0
13319;1;17;40;sea;false;ocean;0
13320;8;32;0;sea;false;ocean;0
13321;40;2;39;sea;false;ocean;0
13322;53;55;1;sea;false;ocean;0
13323;80;4;61;sea;false;ocean;0
13324;1;34;27;sea;true;ocean;0
13325;40;35;2;sea;false;ocean;0
13326;3;22;80;sea;true;ocean;0
13327;39;46;1;sea;false;ocean;0
13328;8;1;42;sea;false;ocean;0
13329;3;43;1;sea;false;ocean;0
13330;49;3;3;sea;false;ocean;0
13331;3;72;41;sea;false;ocean;0
13332;3;53;73;sea;false;ocean;0
13333;6;14;90;sea;true;ocean;0
13334;74;52;5;sea;false;ocean;0
13335;1;75;8;sea;true;ocean;0
13336;10;67;3;sea;false;ocean;0
13337;87;44;4;sea;false;ocean;0
13338;79;1;86;sea;false;ocean;0
13339;22;2;0;sea;false;ocean;0
13340;11;0;24;sea;true;ocean;0
13341;3;32;62;sea;false;ocean;0
13342;5;96;64;sea;true;ocean;0
13343;2;73;69;sea;false;ocean;0
13344;61;64;1;sea;true;ocean;0
13345;4;10;67;sea;false;ocean;0
13346;85;1;32;sea;false;ocean;0
13347;83;27;4;sea;false;ocean;0
13348;51;1;31;sea;false;ocean;0
13349;0;21;29;sea;false;ocean;0
13350;13;4;63;sea;true;ocean;0
13351;41;0;3;sea;false;ocean;0
13352;27;62;1;sea;false;ocean;0
13353;0;38;19;sea;false;ocean;0
13354;21;51;2;sea;false;ocean;0
13355;39;21;1;sea;false;ocean;0
13356;52;1;100;sea;false;ocean;0
13357;22;73;5;sea;false;ocean;0
13358;3;58;19;sea;true;ocean;0
13359;41;3;65;sea;false;ocean;0
13360;33;6;72;sea;false;ocean;0
13361;71;25;3;sea;false;ocean;0
13362;0;60;72;sea;false;ocean;0
13363;94;1;8;sea;true;ocean;0
13364;46;8;2;sea;false;ocean;0
13365;0;42;11;sea;false;ocean;0
13366;29;1;32;sea;false;ocean;0
13367;43;3;51;sea;false;ocean;0
13368;31;0;62;sea;true;ocean;0
13369;87;6;77;sea;false;ocean;0
13370;85;68;1;sea;true;ocean;0
13371;23;16;0;sea;true;ocean;0
13372;84;75;8;sea;false;ocean;0
13373;48;1;25;sea;false;ocean;0
13374;77;3;50;sea;false;ocean;0
13375;2;86;40;sea;true;ocean;0
13376;7;1;26;sea;false;ocean;0
13377;5;66;69;sea;false;ocean;0
13378;3;41;1;sea;false;ocean;0
13379;1;43;45;sea;false;ocean;0
13380;1;34;35;sea;false;ocean;0
13381;0;11;48;sea;false;ocean;0
13382;3;14;81;sea;false;ocean;0
13383;30;2;41;sea;true;ocean;0
13384;5;50;70;sea;true;ocean;0
13385;5;72;17;sea;true;ocean;0
13386;29;61;3;sea;false;ocean;0
13387;1;97;52;sea;false;ocean;0
13388;0;28;19;sea;true;ocean;0
13389;3;68;21;sea;false;ocean;0
13390;6;82;9;sea;false;ocean;0
13391;60;2;13;sea;false;ocean;0
13392;0;45;17;sea;false;ocean;0
13393;80;1;19;sea;true;ocean;0
13394;8;83;56;sea;false;ocean;0
13395;1;38;19;sea;false;ocean;0
13396;65;42;0;sea;false;ocean;0
13397;1;65;76;sea;false;ocean;0
13398;3;67;23;sea;false;ocean;0
13399;67;35;4;sea;false;ocean;0
13400;4;74;80;sea;false;ocean;0
13401;20;33;1;sea;true;ocean;0
13402;1;28;10;sea;false;ocean;0
13403;21;0;13;sea;true;ocean;0
13404;0;21;5;sea;true;ocean;0
13405;44;10;0;sea;false;ocean;0
13406;0;37;82;sea;false;ocean;0
13407;1;7;40;sea;false;ocean;0
13408;30;0;21;sea;false;ocean;0
13409;1;34;63;sea;false;ocean;0
13410;69;1;1;sea;false;ocean;0
13411;15;1;34;sea;false;ocean;0
13412;1;24;48;sea;false;ocean;0
13413;88;2;25;sea;true;ocean;0
13414;87;1;24;sea;false;ocean;0
13415;26;1;17;sea;true;ocean;0
13416;57;33;2;sea;true;ocean;0
13417;51;60;1;sea;true;ocean;0
13418;0;22;3;sea;false;ocean;0
13419;44;3;60;sea;false;ocean;0
13420;5;81;75;sea;false;ocean;0
13421;6;0;31;sea;false;ocean;0
13422;3;38;82;sea;false;ocean;0
13423;56;78;6;sea;false;ocean;0
13424;0;28;31;sea;false;ocean;0
13425;6;75;87;sea;false;ocean;0
13426;2;19;47;sea;false;ocean;0
13427;81;53;5;sea;false;ocean;0
13428;86;7;24;sea;false;ocean;0
13429;43;46;0;sea;false;ocean;0
13430;4;70;28;sea;false;ocean;0
13431;47;45;1;sea;false;ocean;0
13432;70;25;2;sea;false;ocean;0
13433;32;1;2;sea;false;ocean;0
13434;6;92;29;sea;false;ocean;0
13435;7;1;34;sea;false;ocean;0
13436;0;32;7;sea;false;ocean;0
13437;5;7;92;sea;false;ocean;0
13438;35;39;0;sea;false;ocean;0
13439;60;5;3;sea;false;ocean;0
13440;52;1;64;sea;false;ocean;0
13441;1;30;38;sea;false;ocean;0
13442;44;91;3;sea;false;ocean;0
13443;51;15;2;sea;false;ocean;0
13444;27;36;1;sea;false;ocean;0
13445;82;88;3;sea;false;ocean;0
13446;39;15;1;sea;false;ocean;0
13447;1;52;10;sea;false;ocean;0
13448;31;4;60;sea;false;ocean;0
13449;7;18;93;sea;true;ocean;0
13450;93;93;8;sea;false;ocean;0
13451;37;3;56;sea;false;ocean;0
13452;61;32;2;sea;true;ocean;0
13453;2;55;39;sea;false;ocean;0
13454;48;26;2;sea;false;ocean;0
13455;3;99;91;sea;false;ocean;0
13456;34;1;20;sea;false;ocean;0
13457;11;80;0;sea;false;ocean;0
13458;3;88;5;sea;false;ocean;0
13459;73;19;3;sea;true;ocean;0
13460;78;90;8;sea;false;ocean;0
13461;7;86;5;sea;false;ocean;0
13462;0;1;33;sea;true;ocean;0
13463;83;74;1;sea;false;ocean;0
13464;2;64;71;sea;false;ocean;0
13465;0;26;15;sea;false;ocean;0
13466;88;28;2;sea;false;ocean;0
13467;8;57;2;sea;false;ocean;0
13468;69;13;1;sea;false;ocean;0
13469;68;5;12;sea;false;ocean;0
13470;28;1;49;sea;false;ocean;0
13471;4;57;84;sea;true;ocean;0
13472;29;0;2;sea;false;ocean;0
13473;0;12;35;sea;false;ocean;0
13474;9;91;5;sea;true;ocean;0
13475;21;0;37;sea;false;ocean;0
13476;28;72;2;sea;true;ocean;0
13477;7;2;49;sea;false;ocean;0
13478;37;1;87;sea;false;ocean;0
13479;56;1;61;sea;false;ocean;0
13480;23;0;6;sea;true;ocean;0
13481;49;1;7;sea;true;ocean;0
13482;1;58;59;sea;false;ocean;0
13483;21;18;0;sea;false;ocean;0
13484;77;2;16;sea;false;ocean;0
13485;17;1;29;sea;true;ocean;0
13486;10;76;1;sea;false;ocean;0
13487;33;69;3;sea;true;ocean;0
13488;1;55;62;sea;false;ocean;0
13489;3;57;1;sea;true;ocean;0
13490;30;16;1;sea;true;ocean;0
13491;66;1;0;sea;false;ocean;0
13492;78;44;3;sea;false;ocean;0
13493;7;60;83;sea;false;ocean;0
13494;57;3;94;sea;true;ocean;0
13495;28;17;1;sea;false;ocean;0
13496;34;1;24;sea;false;ocean;0
13497;3;12;64;sea;false;ocean;0
13498;1;44;59;sea;false;ocean;0
13499;38;56;3;sea;false;ocean;0
13500;20;1;53;sea;false;ocean;0
13501;1;51;0;sea;false;ocean;0
13502;2;64;91;sea;false;ocean;0
13503;25;0;18;sea;true;ocean;0
13504;2;7;51;sea;false;ocean;0
13505;41;0;71;sea;true;ocean;0
13506;2;13;55;sea;false;ocean;0
13507;23;0;10;sea;false;ocean;0
13508;9;1;35;sea;true;ocean;0
13509;32;0;20;sea;false;ocean;0
13510;23;47;1;sea;false;ocean;0
13511;1;37;17;sea;false;ocean;0
13512;49;2;58;sea;false;ocean;0
13513;7;89;2;sea;false;ocean;0
13514;17;1;41;sea;false;ocean;0
13515;3;60;91;sea;false;ocean;0
13516;33;29;1;sea;false;ocean;0
13517;15;32;0;sea;false;ocean;0
13518;37;3;80;sea;false;ocean;0
13519;60;4;28;sea;false;ocean;0
13520;24;92;6;sea;false;ocean;0
13521;3;58;80;sea;true;ocean;0
13522;7;93;79;sea;false;ocean;0
13523;32;71;5;sea;false;ocean;0
13524;23;2;88;sea;false;ocean;0
13525;20;1;41;sea;false;ocean;0
13526;0;9;33;sea;false;ocean;0
13527;66;4;8;sea;false;ocean;0
13528;9;78;2;sea;false;ocean;0
13529;1;38;35;sea;false;ocean;0
13530;0;23;37;sea;true;ocean;0
13531;93;6;13;sea;false;ocean;0
13532;93;90;6;sea;false;ocean;0
13533;4;80;95;sea;false;ocean;0
13534;1;41;40;sea;false;ocean;0
13535;38;17;0;sea;false;ocean;0
13536;75;0;48;sea;true;ocean;0
13537;21;1;32;sea;false;ocean;0
13538;2;68;11;sea;false;ocean;0
13539;44;62;3;sea;false;ocean;0
13540;67;77;6;sea;false;ocean;0
13541;5;35;94;sea;false;ocean;0
13542;2;81;32;sea;false;ocean;0
13543;53;29;2;sea;false;ocean;0
13544;42;1;25;sea;true;ocean;0
13545;25;1;24;sea;true;ocean;0
13546;1;52;38;sea;true;ocean;0
13547;18;3;63;sea;true;ocean;0
13548;3;29;0;sea;false;ocean;0
13549;1;14;36;sea;false;ocean;0
13550;49;29;0;sea;true;ocean;0
13551;1;42;11;sea;false;ocean;0
13552;27;1;8;sea;true;ocean;0
13553;5;42;71;sea;false;ocean;0
13554;81;6;78;sea;false;ocean;0
13555;94;1;57;sea;true;ocean;0
13556;37;53;3;sea;true;ocean;0
13557;36;1;18;sea;false;ocean;0
13558;62;2;42;sea;true;ocean;0
13559;70;36;5;sea;false;ocean;0
13560;57;78;6;sea;false;ocean;0
13561;3;62;14;sea;true;ocean;0
13562;63;0;19;sea;false;ocean;0
13563;79;17;4;sea;false;ocean;0
13564;29;0;46;sea;false;ocean;0
13565;2;43;54;sea;false;ocean;0
13566;4;58;68;sea;true;ocean;0
13567;56;31;0;sea;true;ocean;0
13568;21;1;44;sea;false;ocean;0
13569;47;5;81;sea;false;ocean;0
13570;20;61;1;sea;false;ocean;0
13571;5;82;82;sea;false;ocean;0
13572;35;2;59;sea;false;ocean;0
13573;96;50;1;sea;false;ocean;0
13574;30;0;73;sea;false;ocean;0
13575;33;25;1;sea;false;ocean;0
13576;69;8;3;sea;true;ocean;0
13577;70;5;43;sea;false;ocean;0
13578;44;15;1;sea;false;ocean;0
13579;38;2;46;sea;false;ocean;0
13580;36;70;5;sea;false;ocean;0
13581;48;9;1;sea;false;ocean;0
13582;3;83;3;sea;true;ocean;0
13583;12;46;1;sea;false;ocean;0
13584;15;34;1;sea;true;ocean;0
13585;3;0;21;sea;false;ocean;0
13586;43;1;23;sea;false;ocean;0
13587;2;57;32;sea;false;ocean;0
13588;0;30;3;sea;false;ocean;0
13589;65;3;67;sea;true;ocean;0
13590;6;1;34;sea;false;ocean;0
13591;80;6;36;sea;true;ocean;0
13592;42;17;1;sea;true;ocean;0
13593;55;61;0;sea;false;ocean;0
13594;92;5;27;sea;true;ocean;0
13595;54;0;58;sea;true;ocean;0
13596;45;2;8;sea;false;ocean;0
13597;77;5;14;sea;false;ocean;0
13598;4;19;81;sea;true;ocean;0
13599;82;27;6;sea;false;ocean;0
13600;40;44;1;sea;false;ocean;0
13601;7;0;25;sea;false;ocean;0
13602;28;1;1;sea;true;ocean;0
13603;89;10;1;sea;false;ocean;0
13604;89;2;61;sea;false;ocean;0
13605;5;68;73;sea;false;ocean;0
13606;20;31;1;sea;false;ocean;0
13607;35;0;23;sea;false;ocean;0
13608;1;46;4;sea;false;ocean;0
13609;1;74;95;sea;false;ocean;0
13610;2;46;7;sea;false;ocean;0
13611;51;2;56;sea;false;ocean;0
13612;48;2;91;sea;false;ocean;0
13613;1;65;29;sea;false;ocean;0
13614;39;7;1;sea;true;ocean;0
13615;25;2;53;sea;false;ocean;0
13616;24;6;0;sea;false;ocean;0
13617;33;0;47;sea;false;ocean;0
13618;7;8;82;sea;false;ocean;0
13619;58;61;2;sea;false;ocean;0
13620;0;67;46;sea;false;ocean;0
13621;62;4;60;sea;false;ocean;0
13622;100;19;1;sea;false;ocean;0
13623;1;45;42;sea;false;ocean;0
13624;0;44;14;sea;true;ocean;0
13625;64;49;1;sea;false;ocean;0
13626;74;5;42;sea;false;ocean;0
13627;0;17;22;sea;false;ocean;0
13628;1;47;18;sea;true;ocean;0
13629;6;13;96;sea;true;ocean;0
13630;35;15;1;sea;false;ocean;0
13631;1;3;35;sea;false;ocean;0
13632;52;5;79;sea;false;ocean;0
13633;16;30;1;sea;false;ocean;0
13634;1;5;28;sea;false;ocean;0
13635;101;36;0;sea;false;ocean;0
13636;37;1;19;sea;true;ocean;0
13637;61;38;4;sea;false;ocean;0
13638;23;9;0;sea;false;ocean;0
13639;65;19;3;sea;true;ocean;0
13640;20;0;27;sea;false;ocean;0
13641;49;0;50;sea;false;ocean;0
13642;63;5;1;sea;true;ocean;0
13643;84;3;32;sea;false;ocean;0
13644;0;35;4;sea;false;ocean;0
13645;24;0;21;sea;true;ocean;0
13646;53;55;2;sea;false;ocean;0
13647;57;4;7;sea;false;ocean;0
13648;80;4;60;sea;false;ocean;0
13649;0;4;32;sea;false;ocean;0
13650;57;17;1;sea;false;ocean;0
13651;31;78;0;sea;false;ocean;0
13652;3;58;0;sea;true;ocean;0
13653;45;36;1;sea;false;ocean;0
13654;1;97;84;sea;false;ocean;0
13655;93;2;60;sea;true;ocean;0
13656;98;97;1;sea;false;ocean;0
13657;34;17;0;sea;false;ocean;0
13658;47;0;53;sea;true;ocean;0
13659;38;64;3;sea;false;ocean;0
13660;8;91;3;sea;false;ocean;0
13661;89;31;7;sea;false;ocean;0
13662;81;86;4;sea;true;ocean;0
13663;29;2;51;sea;false;ocean;0
13664;37;42;1;sea;false;ocean;0
13665;2;9;46;sea;false;ocean;0
13666;1;63;94;sea;false;ocean;0
13667;43;0;1;sea;true;ocean;0
13668;7;27;79;sea;true;ocean;0
13669;3;95;18;sea;false;ocean;0
13670;1;29;43;sea;true;ocean;0
13671;2;15;48;sea;false;ocean;0
13672;87;26;1;sea;false;ocean;0
13673;90;0;61;sea;false;ocean;0
13674;31;1;74;sea;false;ocean;0
13675;0;53;67;sea;true;ocean;0
13676;2;12;52;sea;true;ocean;0
13677;17;3;53;sea;false;ocean;0
13678;7;32;84;sea;true;ocean;0
13679;25;1;40;sea;false;ocean;0
13680;48;1;20;sea;false;ocean;0
13681;0;15;22;sea;true;ocean;0
13682;63;52;2;sea;false;ocean;0
13683;77;62;4;sea;true;ocean;0
13684;28;0;18;sea;false;ocean;0
13685;5;46;75;sea;true;ocean;0
13686;30;81;1;sea;true;ocean;0
13687;8;23;0;sea;true;ocean;0
13688;69;43;1;sea;true;ocean;0
13689;65;3;31;sea;false;ocean;0
13690;83;6;65;sea;false;ocean;0
13691;9;0;21;sea;false;ocean;0
13692;17;92;3;sea;false;ocean;0
13693;4;98;87;sea;false;ocean;0
13694;1;24;9;sea;false;ocean;0
13695;55;38;0;sea;false;ocean;0
13696;52;36;2;sea;true;ocean;0
13697;1;29;23;sea;false;ocean;0
13698;81;92;6;sea;true;ocean;0
13699;86;30;8;sea;false;ocean;0
13700;56;95;5;sea;false;ocean;0
13701;6;17;76;sea;true;ocean;0
13702;2;52;91;sea;false;ocean;0
13703;71;3;47;sea;false;ocean;0
13704;17;3;73;sea;true;ocean;0
13705;0;15;26;sea;true;ocean;0
13706;2;50;2;sea;true;ocean;0
13707;72;16;3;sea;false;ocean;0
13708;59;3;59;sea;false;ocean;0
13709;56;4;67;sea;true;ocean;0
13710;42;2;27;sea;false;ocean;0
13711;67;1;55;sea;false;ocean;0
13712;59;64;4;sea;true;ocean;0
13713;39;57;1;sea;false;ocean;0
13714;1;34;44;sea;true;ocean;0
13715;6;88;32;sea;false;ocean;0
13716;72;5;80;sea;false;ocean;0
13717;139;20;21;lake;false;lakes;0
13718;180;14;100;lake;false;lakes;0
13719;5;109;110;lake;false;lakes;0
13720;24;16;134;lake;false;lakes;0
13721;166;212;18;lake;false;lakes;0
13722;183;11;15;lake;false;lakes;0
13723;200;13;47;lake;false;lakes;0
13724;10;140;133;lake;false;lakes;0
13725;209;42;118;lake;false;lakes;0
13726;87;30;207;lake;false;lakes;0
13727;135;254;1;lake;false;lakes;0
13728;14;58;143;lake;false;lakes;0
13729;1;72;127;lake;false;lakes;0
13730;12;27;107;lake;false;lakes;0
13731;11;8;104;lake;false;lakes;0
13732;155;1;88;lake;false;lakes;0
13733;44;1;228;lake;false;lakes;0
13734;136;25;40;lake;false;lakes;0
13735;32;143;6;lake;false;lakes;0
13736;227;4;192;lake;false;lakes;0
13737;68;12;152;lake;false;lakes;0
13738;102;31;12;lake;false;lakes;0
13739;5;176;142;lake;false;lakes;0
13740;16;112;53;lake;false;lakes;0
13741;63;3;103;lake;false;lakes;0
13742;86;31;223;lake;false;lakes;0
13743;50;183;89;lake;false;lakes;0
13744;158;93;7;lake;false;lakes;0
13745;39;211;160;lake;false;lakes;0
13746;157;76;28;lake;false;lakes;0
13747;131;148;13;lake;false;lakes;0
13748;147;12;125;lake;false;lakes;0
13749;170;67;4;lake;false;lakes;0
13750;19;145;176;lake;false;lakes;0
13751;215;24;103;lake;false;lakes;0
13752;114;88;16;lake;false;lakes;0
13753;202;182;36;lake;false;lakes;0
13754;129;41;13;lake;false;lakes;0
13755;102;102;2;lake;false;lakes;0
13756;8;80;125;lake;false;lakes;0
13757;49;183;99;lake;false;lakes;0
13758;108;2;53;lake;false;lakes;0
13759;24;98;10;lake;false;lakes;0
13760;17;179;36;lake;false;lakes;0
13761;10;101;61;lake;false;lakes;0
13762;139;20;114;lake;false;lakes;0
13763;186;3;95;lake;false;lakes;0
13764;34;197;81;lake;false;lakes;0
13765;93;163;33;lake;false;lakes;0
13766;88;4;182;lake;false;lakes;0
13767;38;29;225;lake;false;lakes;0
13768;64;97;5;lake;false;lakes;0
13769;191;25;159;lake;false;lakes;0
13770;12;108;74;lake;false;lakes;0
13771;37;163;122;lake;false;lakes;0
13772;54;2;112;lake;false;lakes;0
13773;129;201;11;lake;false;lakes;0
13774;47;175;93;lake;false;lakes;0
13775;3;35;114;lake;false;lakes;0
13776;178;94;7;lake;false;lakes;0
13777;14;23;129;lake;false;lakes;0
13778;20;171;89;lake;false;lakes;0
13779;14;49;203;lake;false;lakes;0
13780;150;22;74;lake;false;lakes;0
13781;137;43;21;lake;false;lakes;0
13782;29;28;174;lake;false;lakes;0
13783;105;0;45;lake;false;lakes;0
13784;123;4;27;lake;false;lakes;0
13785;17;144;44;lake;false;lakes;0
13786;213;106;40;lake;false;lakes;0
13787;16;8;108;lake;false;lakes;0
13788;15;226;17;lake;false;lakes;0
13789;14;113;153;lake;false;lakes;0
13790;103;7;63;lake;false;lakes;0
13791;116;139;26;lake;false;lakes;0
13792;214;162;14;lake;false;lakes;0
13793;70;16;197;lake;false;lakes;0
13794;177;213;1;lake;false;lakes;0
13795;18;77;144;lake;false;lakes;0
13796;22;158;71;lake;false;lakes;0
13797;44;1;108;lake;false;lakes;0
13798;234;21;9;lake;false;lakes;0
13799;101;166;41;lake;false;lakes;0
13800;130;206;0;lake;false;lakes;0
13801;141;10;25;lake;false;lakes;0
13802;162;70;5;lake;false;lakes;0
13803;5;122;116;lake;false;lakes;0
13804;209;43;180;lake;false;lakes;0
13805;39;17;123;lake;false;lakes;0
13806;2;31;101;lake;false;lakes;0
13807;82;2;107;lake;false;lakes;0
13808;183;167;5;lake;false;lakes;0
13809;162;13;147;lake;false;lakes;0
13810;14;133;128;lake;false;lakes;0
13811;5;49;203;lake;false;lakes;0
13812;8;103;76;lake;false;lakes;0
13813;27;144;224;lake;false;lakes;0
13814;74;40;168;lake;false;lakes;0
13815;1;184;229;lake;false;lakes;0
13816;80;221;2;lake;false;lakes;0
13817;104;10;107;lake;false;lakes;0
13818;6;156;116;lake;false;lakes;0
13819;154;54;12;lake;false;lakes;0
13820;74;106;9;lake;false;lakes;0
13821;132;10;191;lake;false;lakes;0
13822;167;172;26;lake;false;lakes;0
13823;131;142;7;lake;false;lakes;0
13824;113;195;8;lake;false;lakes;0
13825;97;4;112;lake;false;lakes;0
13826;9;74;125;lake;false;lakes;0
13827;148;7;108;lake;false;lakes;0
13828;95;8;143;lake;false;lakes;0
13829;93;148;1;lake;false;lakes;0
13830;165;36;57;lake;false;lakes;0
13831;51;164;12;lake;false;lakes;0
13832;10;192;46;lake;false;lakes;0
13833;2;226;3;lake;false;lakes;0
13834;38;13;104;lake;false;lakes;0
13835;129;82;3;lake;false;lakes;0
13836;38;145;5;lake;false;lakes;0
13837;183;52;131;lake;false;lakes;0
13838;224;188;15;lake;false;lakes;0
13839;8;108;34;lake;false;lakes;0
13840;163;6;77;lake;false;lakes;0
13841;32;168;60;lake;false;lakes;0
13842;31;112;4;lake;false;lakes;0
13843;146;77;26;lake;false;lakes;0
13844;18;105;3;lake;false;lakes;0
13845;20;15;155;lake;false;lakes;0
13846;148;2;186;lake;false;lakes;0
13847;106;190;25;lake;false;lakes;0
13848;13;64;122;lake;false;lakes;0
13849;140;1;72;lake;false;lakes;0
13850;177;92;1;lake;false;lakes;0
13851;127;16;31;lake;false;lakes;0
13852;115;6;81;lake;false;lakes;0
13853;130;66;15;lake;false;lakes;0
13854;198;204;18;lake;false;lakes;0
13855;34;16;166;lake;false;lakes;0
13856;139;8;12;lake;false;lakes;0
13857;166;109;32;lake;false;lakes;0
13858;1;131;144;lake;false;lakes;0
13859;137;186;39;lake;false;lakes;0
13860;25;211;50;lake;false;lakes;0
13861;210;63;21;lake;false;lakes;0
13862;11;51;232;lake;false;lakes;0
13863;129;5;203;lake;false;lakes;0
13864;7;146;116;lake;false;lakes;0
13865;74;143;24;lake;false;lakes;0
13866;170;24;15;lake;false;lakes;0
13867;192;189;23;lake;false;lakes;0
13868;13;180;27;lake;false;lakes;0
13869;208;210;43;lake;false;lakes;0
13870;10;132;45;lake;false;lakes;0
13871;53;184;50;lake;false;lakes;0
13872;22;116;2;lake;false;lakes;0
13873;123;217;22;lake;false;lakes;0
13874;137;43;180;lake;false;lakes;0
13875;9;98;120;lake;false;lakes;0
13876;61;120;2;lake;false;lakes;0
13877;133;133;15;lake;false;lakes;0
13878;3;61;110;lake;false;lakes;0
13879;8;118;56;lake;false;lakes;0
13880;113;113;10;lake;false;lakes;0
13881;132;53;7;lake;false;lakes;0
13882;11;121;65;lake;false;lakes;0
13883;111;100;6;lake;false;lakes;0
13884;29;100;157;lake;false;lakes;0
13885;20;124;112;lake;false;lakes;0
13886;10;95;59;lake;false;lakes;0
13887;123;12;49;lake;false;lakes;0
13888;38;226;25;lake;false;lakes;0
13889;9;153;180;lake;false;lakes;0
13890;62;21;151;lake;false;lakes;0
13891;146;29;124;lake;false;lakes;0
13892;156;171;45;lake;false;lakes;0
13893;68;9;161;lake;false;lakes;0
13894;80;1;144;lake;false;lakes;0
13895;18;12;195;lake;false;lakes;0
13896;181;30;145;lake;false;lakes;0
13897;86;10;236;lake;false;lakes;0
13898;162;18;45;lake;false;lakes;0
13899;5;197;163;lake;false;lakes;0
13900;37;31;223;lake;false;lakes;0
13901;27;141;64;lake;false;lakes;0
13902;37;177;100;lake;false;lakes;0
13903;121;39;12;lake;false;lakes;0
13904;3;176;235;lake;false;lakes;0
13905;126;138;7;lake;false;lakes;0
13906;165;5;69;lake;false;lakes;0
13907;2;105;92;lake;false;lakes;0
13908;7;215;203;lake;false;lakes;0
13909;1;129;64;lake;false;lakes;0
13910;91;32;155;lake;false;lakes;0
13911;143;85;4;lake;false;lakes;0
13912;74;121;8;lake;false;lakes;0
13913;73;42;174;lake;false;lakes;0
13914;27;183;6;lake;false;lakes;0
13915;100;11;65;lake;false;lakes;0
13916;13;128;136;lake;false;lakes;0
13917;16;172;150;lake;false;lakes;0
13918;75;18;123;lake;false;lakes;0
13919;72;1;110;lake;false;lakes;0
13920;16;128;77;lake;false;lakes;0
13921;147;132;21;lake;false;lakes;0
13922;152;62;3;lake;false;lakes;0
13923;65;228;10;lake;false;lakes;0
13924;42;144;12;lake;false;lakes;0
13925;155;8;232;lake;false;lakes;0
13926;2;227;59;lake;false;lakes;0
13927;6;99;19;lake;false;lakes;0
13928;59;65;195;lake;false;lakes;0
13929;148;2;84;lake;false;lakes;0
13930;158;10;11;lake;false;lakes;0
13931;189;17;67;lake;false;lakes;0
13932;37;93;10;lake;false;lakes;0
13933;1;64;144;lake;false;lakes;0
13934;25;200;10;lake;false;lakes;0
13935;1;49;137;lake;false;lakes;0
13936;106;213;26;lake;false;lakes;0
13937;206;7;51;lake;false;lakes;0
13938;14;10;100;lake;false;lakes;0
13939;21;232;26;lake;false;lakes;0
13940;6;135;81;lake;false;lakes;0
13941;136;64;3;lake;false;lakes;0
13942;43;158;189;lake;false;lakes;0
13943;142;18;147;lake;false;lakes;0
13944;24;200;155;lake;false;lakes;0
13945;113;52;11;lake;false;lakes;0
13946;89;12;209;lake;false;lakes;0
13947;201;52;152;lake;false;lakes;0
13948;14;112;30;lake;false;lakes;0
13949;122;79;12;lake;false;lakes;0
13950;105;44;181;lake;false;lakes;0
13951;50;54;187;lake;false;lakes;0
13952;113;81;12;lake;false;lakes;0
13953;21;136;56;lake;false;lakes;0
13954;147;10;2;lake;false;lakes;0
13955;24;123;208;lake;false;lakes;0
13956;167;17;80;lake;false;lakes;0
13957;155;86;24;lake;false;lakes;0
13958;113;28;11;lake;false;lakes;0
13959;114;12;152;lake;false;lakes;0
13960;127;170;17;lake;false;lakes;0
13961;145;5;180;lake;false;lakes;0
13962;25;72;157;lake;false;lakes;0
13963;73;18;117;lake;false;lakes;0
13964;20;154;65;lake;false;lakes;0
13965;3;81;199;lake;false;lakes;0
13966;28;2;100;lake;false;lakes;0
13967;4;76;173;lake;false;lakes;0
13968;220;7;46;lake;false;lakes;0
13969;87;22;159;lake;false;lakes;0
13970;0;122;79;lake;false;lakes;0
13971;31;164;185;lake;false;lakes;0
13972;165;14;160;lake;false;lakes;0
13973;5;120;145;lake;false;lakes;0
13974;123;10;129;lake;false;lakes;0
13975;11;19;163;lake;false;lakes;0
13976;23;192;129;lake;false;lakes;0
13977;17;77;130;lake;false;lakes;0
13978;11;15;96;lake;false;lakes;0
13979;52;31;163;lake;false;lakes;0
13980;35;136;8;lake;false;lakes;0
13981;241;14;86;lake;false;lakes;0
13982;187;136;40;lake;false;lakes;0
13983;175;6;16;lake;false;lakes;0
13984;69;153;8;lake;false;lakes;0
13985;228;10;175;lake;false;lakes;0
13986;112;6;41;lake;false;lakes;0
13987;131;52;3;lake;false;lakes;0
13988;99;5;43;lake;false;lakes;0
13989;91;107;3;lake;false;lakes;0
13990;6;62;174;lake;false;lakes;0
13991;10;145;64;lake;false;lakes;0
13992;3;170;82;lake;false;lakes;0
13993;13;191;47;lake;false;lakes;0
13994;100;5;93;lake;false;lakes;0
13995;10;91;135;lake;false;lakes;0
13996;56;191;176;lake;false;lakes;0
13997;9;136;125;lake;false;lakes;0
13998;20;137;20;lake;false;lakes;0
13999;228;173;27;lake;false;lakes;0
14000;128;168;14;lake;false;lakes;0
14001;241;133;0;lake;false;lakes;0
14002;101;174;41;lake;false;lakes;0
14003;82;17;164;lake;false;lakes;0
14004;65;196;11;lake;false;lakes;0
14005;40;73;176;lake;false;lakes;0
14006;19;210;214;lake;false;lakes;0
14007;13;228;232;lake;false;lakes;0
14008;62;171;28;lake;false;lakes;0
14009;120;87;16;lake;false;lakes;0
14010;231;26;19;lake;false;lakes;0
14011;55;177;31;lake;false;lakes;0
14012;6;61;104;lake;false;lakes;0
14013;193;50;151;lake;false;lakes;0
14014;7;47;100;lake;false;lakes;0
14015;151;105;28;lake;false;lakes;0
14016;17;71;133;lake;false;lakes;0
14017;167;12;111;lake;false;lakes;0
14018;109;43;197;lake;false;lakes;0
14019;54;6;102;lake;false;lakes;0
14020;127;165;5;lake;false;lakes;0
14021;136;166;35;lake;false;lakes;0
14022;46;126;187;lake;false;lakes;0
14023;15;55;152;lake;false;lakes;0
14024;3;119;93;lake;false;lakes;0
14025;127;18;45;lake;false;lakes;0
14026;0;69;106;lake;false;lakes;0
14027;13;132;47;lake;false;lakes;0
14028;117;178;44;lake;false;lakes;0
14029;66;0;125;lake;false;lakes;0
14030;106;67;10;lake;false;lakes;0
14031;83;38;174;lake;false;lakes;0
14032;145;236;2;lake;false;lakes;0
14033;43;202;83;lake;false;lakes;0
14034;165;3;22;lake;false;lakes;0
14035;125;6;142;lake;false;lakes;0
14036;124;213;15;lake;false;lakes;0
14037;148;10;28;lake;false;lakes;0
14038;6;63;101;lake;false;lakes;0
14039;62;125;8;lake;false;lakes;0
14040;180;1;87;lake;false;lakes;0
14041;5;105;126;lake;false;lakes;0
14042;44;30;160;lake;false;lakes;0
14043;59;195;75;lake;false;lakes;0
14044;21;9;93;lake;false;lakes;0
14045;29;136;198;lake;false;lakes;0
14046;12;25;108;lake;false;lakes;0
14047;20;98;134;lake;false;lakes;0
14048;36;215;59;lake;false;lakes;0
14049;96;31;194;lake;false;lakes;0
14050;132;66;8;lake;false;lakes;0
14051;129;29;20;lake;false;lakes;0
14052;14;168;139;lake;false;lakes;0
14053;103;4;87;lake;false;lakes;0
14054;148;187;24;lake;false;lakes;0
14055;8;118;59;lake;false;lakes;0
14056;122;16;1;lake;false;lakes;0
14057;29;13;178;lake;false;lakes;0
14058;30;218;39;lake;false;lakes;0
14059;134;8;16;lake;false;lakes;0
14060;7;135;182;lake;false;lakes;0
14061;41;172;47;lake;false;lakes;0
14062;221;109;25;lake;false;lakes;0
14063;109;92;4;lake;false;lakes;0
14064;214;7;108;lake;false;lakes;0
14065;156;204;38;lake;false;lakes;0
14066;34;129;161;lake;false;lakes;0
14067;2;166;106;lake;false;lakes;0
14068;154;158;14;lake;false;lakes;0
14069;175;47;76;lake;false;lakes;0
14070;7;173;182;lake;false;lakes;0
14071;108;106;4;lake;false;lakes;0
14072;193;26;41;lake;false;lakes;0
14073;145;22;10;lake;false;lakes;0
14074;8;11;96;lake;false;lakes;0
14075;8;114;81;lake;false;lakes;0
14076;91;2;127;lake;false;lakes;0
14077;139;22;15;lake;false;lakes;0
14078;29;48;143;lake;false;lakes;0
14079;70;211;1;lake;false;lakes;0
14080;113;0;151;lake;false;lakes;0
14081;4;128;37;lake;false;lakes;0
14082;107;44;5;lake;false;lakes;0
14083;146;24;21;lake;false;lakes;0
14084;202;145;13;lake;false;lakes;0
14085;47;188;171;lake;false;lakes;0
14086;8;67;94;lake;false;lakes;0
14087;128;198;31;lake;false;lakes;0
14088;170;132;5;lake;false;lakes;0
14089;152;178;24;lake;false;lakes;0
14090;141;191;45;lake;false;lakes;0
14091;8;65;235;lake;false;lakes;0
14092;192;46;99;lake;false;lakes;0
14093;27;169;102;lake;false;lakes;0
14094;90;119;7;lake;false;lakes;0
14095;101;1;123;lake;false;lakes;0
14096;31;179;78;lake;false;lakes;0
14097;66;178;2;lake;false;lakes;0
14098;3;0;114;lake;false;lakes;0
14099;12;57;106;lake;false;lakes;0
14100;111;138;13;lake;false;lakes;0
14101;207;2;130;lake;false;lakes;0
14102;16;119;76;lake;false;lakes;0
14103;58;98;7;lake;false;lakes;0
14104;75;13;156;lake;false;lakes;0
14105;27;110;143;lake;false;lakes;0
14106;40;189;125;lake;false;lakes;0
14107;36;198;31;lake;false;lakes;0
14108;32;9;128;lake;false;lakes;0
14109;107;58;9;lake;false;lakes;0
14110;52;152;23;lake;false;lakes;0
14111;26;216;177;lake;false;lakes;0
14112;188;15;196;lake;false;lakes;0
14113;92;21;129;lake;false;lakes;0
14114;119;37;174;lake;false;lakes;0
14115;154;26;172;lake;false;lakes;0
14116;145;7;11;lake;false;lakes;0
14117;218;195;14;lake;false;lakes;0
14118;104;37;7;lake;false;lakes;0
14119;63;4;165;lake;false;lakes;0
14120;184;40;125;lake;false;lakes;0
14121;13;105;3;lake;false;lakes;0
14122;4;180;115;lake;false;lakes;0
14123;4;103;57;lake;false;lakes;0
14124;182;39;132;lake;false;lakes;0
14125;75;205;1;lake;false;lakes;0
14126;166;30;137;lake;false;lakes;0
14127;151;71;28;lake;false;lakes;0
14128;28;141;222;lake;false;lakes;0
14129;34;158;21;lake;false;lakes;0
14130;12;125;41;lake;false;lakes;0
14131;74;144;4;lake;false;lakes;0
14132;180;31;147;lake;false;lakes;0
14133;82;127;14;lake;false;lakes;0
14134;27;25;149;lake;false;lakes;0
14135;190;28;146;lake;false;lakes;0
14136;20;224;216;lake;false;lakes;0
14137;11;10;114;lake;false;lakes;0
14138;191;26;137;lake;false;lakes;0
14139;36;120;10;lake;false;lakes;0
14140;35;22;146;lake;false;lakes;0
14141;169;159;13;lake;false;lakes;0
14142;146;121;8;lake;false;lakes;0
14143;41;22;223;lake;false;lakes;0
14144;3;101;107;lake;false;lakes;0
14145;137;48;202;lake;false;lakes;0
14146;113;0;115;lake;false;lakes;0
14147;209;134;37;lake;false;lakes;0
14148;8;100;131;lake;false;lakes;0
14149;177;38;43;lake;false;lakes;0
14150;104;5;15;lake;false;lakes;0
14151;174;126;46;lake;false;lakes;0
14152;38;7;139;lake;false;lakes;0
14153;108;0;109;lake;false;lakes;0
14154;166;19;125;lake;false;lakes;0
14155;22;2;132;lake;false;lakes;0
14156;20;140;45;lake;false;lakes;0
14157;101;133;0;lake;false;lakes;0
14158;178;11;43;lake;false;lakes;0
14159;137;19;105;lake;false;lakes;0
14160;81;16;125;lake;false;lakes;0
14161;40;131;8;lake;false;lakes;0
14162;210;76;1;lake;false;lakes;0
14163;184;20;189;lake;false;lakes;0
14164;138;18;36;lake;false;lakes;0
14165;18;37;145;lake;false;lakes;0
14166;160;226;3;lake;false;lakes;0
14167;120;66;10;lake;false;lakes;0
14168;23;89;135;lake;false;lakes;0
14169;196;178;4;lake;false;lakes;0
14170;160;115;23;lake;false;lakes;0
14171;189;53;149;lake;false;lakes;0
14172;8;153;16;lake;false;lakes;0
14173;3;100;85;lake;false;lakes;0
14174;51;185;79;lake;false;lakes;0
14175;214;36;165;lake;false;lakes;0
14176;52;14;120;lake;false;lakes;0
14177;35;124;202;lake;false;lakes;0
14178;111;4;152;lake;false;lakes;0
14179;142;22;118;lake;false;lakes;0
14180;151;211;39;lake;false;lakes;0
14181;38;189;135;lake;false;lakes;0
14182;121;5;191;lake;false;lakes;0
14183;188;9;175;lake;false;lakes;0
14184;101;163;10;lake;false;lakes;0
14185;33;203;203;lake;false;lakes;0
14186;66;25;190;lake;false;lakes;0
14187;8;198;182;lake;false;lakes;0
14188;111;92;11;lake;false;lakes;0
14189;223;24;124;lake;false;lakes;0
14190;127;21;59;lake;false;lakes;0
14191;49;113;4;lake;false;lakes;0
14192;97;209;18;lake;false;lakes;0
14193;202;215;20;lake;false;lakes;0
14194;34;41;208;lake;false;lakes;0
14195;4;43;115;lake;false;lakes;0
14196;6;65;151;lake;false;lakes;0
14197;16;157;159;lake;false;lakes;0
14198;99;19;158;lake;false;lakes;0
14199;16;117;3;lake;false;lakes;0
14200;118;16;41;lake;false;lakes;0
14201;5;106;111;lake;false;lakes;0
14202;209;30;23;lake;false;lakes;0
14203;163;96;38;lake;false;lakes;0
14204;125;145;13;lake;false;lakes;0
14205;44;142;2;lake;false;lakes;0
14206;19;150;152;lake;false;lakes;0
14207;148;40;169;lake;false;lakes;0
14208;148;48;30;lake;false;lakes;0
14209;50;221;28;lake;false;lakes;0
14210;104;208;43;lake;false;lakes;0
14211;12;98;70;lake;false;lakes;0
14212;7;87;117;lake;false;lakes;0
14213;103;35;165;lake;false;lakes;0
14214;104;117;12;lake;false;lakes;0
14215;5;19;151;lake;false;lakes;0
14216;43;89;174;lake;false;lakes;0
14217;211;6;56;lake;false;lakes;0
14218;129;148;5;lake;false;lakes;0
14219;23;1;142;lake;false;lakes;0
14220;130;49;3;lake;false;lakes;0
14221;237;16;139;lake;false;lakes;0
14222;97;7;56;lake;false;lakes;0
14223;113;92;7;lake;false;lakes;0
14224;119;220;15;lake;false;lakes;0
14225;10;123;144;lake;false;lakes;0
14226;89;180;45;lake;false;lakes;0
14227;167;186;12;lake;false;lakes;0
14228;23;135;54;lake;false;lakes;0
14229;12;68;130;lake;false;lakes;0
14230;106;130;7;lake;false;lakes;0
14231;119;54;10;lake;false;lakes;0
14232;8;88;153;lake;false;lakes;0
14233;163;97;15;lake;false;lakes;0
14234;170;157;36;lake;false;lakes;0
14235;60;238;5;lake;false;lakes;0
14236;233;0;129;lake;false;lakes;0
14237;112;149;29;lake;false;lakes;0
14238;102;7;101;lake;false;lakes;0
14239;185;41;39;lake;false;lakes;0
14240;48;72;187;lake;false;lakes;0
14241;6;85;182;lake;false;lakes;0
14242;138;160;16;lake;false;lakes;0
14243;188;28;123;lake;false;lakes;0
14244;177;13;148;lake;false;lakes;0
14245;56;193;139;lake;false;lakes;0
14246;161;156;29;lake;false;lakes;0
14247;195;13;9;lake;false;lakes;0
14248;52;192;188;lake;false;lakes;0
14249;203;128;44;lake;false;lakes;0
14250;39;72;194;lake;false;lakes;0
14251;233;43;0;lake;false;lakes;0
14252;143;74;18;lake;false;lakes;0
14253;7;123;45;lake;false;lakes;0
14254;135;51;2;lake;false;lakes;0
14255;3;111;102;lake;false;lakes;0
14256;103;11;36;lake;false;lakes;0
14257;5;114;7;lake;false;lakes;0
14258;70;7;112;lake;false;lakes;0
14259;204;95;14;lake;false;lakes;0
14260;150;31;23;lake;false;lakes;0
14261;121;180;26;lake;false;lakes;0
14262;152;19;31;lake;false;lakes;0
14263;35;199;189;lake;false;lakes;0
14264;110;117;2;lake;false;lakes;0
14265;0;74;108;lake;false;lakes;0
14266;13;153;125;lake;false;lakes;0
14267;13;74;121;lake;false;lakes;0
14268;9;75;131;lake;false;lakes;0
14269;137;4;121;lake;false;lakes;0
14270;31;165;10;lake;false;lakes;0
14271;220;13;143;lake;false;lakes;0
14272;205;58;29;lake;false;lakes;0
14273;24;155;83;lake;false;lakes;0
14274;166;9;105;lake;false;lakes;0
14275;82;104;6;lake;false;lakes;0
14276;5;122;155;lake;false;lakes;0
14277;118;4;79;lake;false;lakes;0
14278;36;34;169;lake;false;lakes;0
14279;169;33;77;lake;false;lakes;0
14280;8;153;18;lake;false;lakes;0
14281;8;119;181;lake;false;lakes;0
14282;148;7;195;lake;false;lakes;0
14283;16;119;25;lake;false;lakes;0
14284;25;222;167;lake;false;lakes;0
14285;79;4;158;lake;false;lakes;0
14286;16;120;119;lake;false;lakes;0
14287;22;173;8;lake;false;lakes;0
14288;124;0;174;lake;false;lakes;0
14289;116;148;19;lake;false;lakes;0
14290;125;9;56;lake;false;lakes;0
14291;202;32;129;lake;false;lakes;0
14292;111;122;6;lake;false;lakes;0
14293;52;5;106;lake;false;lakes;0
14294;125;17;10;lake;false;lakes;0
14295;40;1;249;lake;false;lakes;0
14296;2;57;178;lake;false;lakes;0
14297;13;18;145;lake;false;lakes;0
14298;208;162;37;lake;false;lakes;0
14299;26;76;165;lake;false;lakes;0
14300;139;14;22;lake;false;lakes;0
14301;20;210;47;lake;false;lakes;0
14302;122;55;18;lake;false;lakes;0
14303;120;7;61;lake;false;lakes;0
14304;14;85;203;lake;false;lakes;0
14305;127;159;23;lake;false;lakes;0
14306;172;47;44;lake;false;lakes;0
14307;119;109;17;lake;false;lakes;0
14308;112;7;104;lake;false;lakes;0
14309;186;32;138;lake;false;lakes;0
14310;41;192;44;lake;false;lakes;0
14311;76;19;147;lake;false;lakes;0
14312;111;35;174;lake;false;lakes;0
14313;13;160;179;lake;false;lakes;0
14314;68;107;13;lake;false;lakes;0
14315;142;198;51;lake;false;lakes;0
14316;64;128;7;lake;false;lakes;0
14317;14;150;64;lake;false;lakes;0
14318;153;7;15;lake;false;lakes;0
14319;61;171;41;lake;false;lakes;0
14320;233;12;23;lake;false;lakes;0
14321;237;17;100;lake;false;lakes;0
14322;9;16;122;lake;false;lakes;0
14323;4;79;147;lake;false;lakes;0
14324;132;36;13;lake;false;lakes;0
14325;20;112;170;lake;false;lakes;0
14326;34;46;175;lake;false;lakes;0
14327;13;70;113;lake;false;lakes;0
14328;110;12;1;lake;false;lakes;0
14329;36;159;78;lake;false;lakes;0
14330;232;63;1;lake;false;lakes;0
14331;7;46;135;lake;false;lakes;0
14332;143;36;185;lake;false;lakes;0
14333;133;187;31;lake;false;lakes;0
14334;3;75;180;lake;false;lakes;0
14335;7;25;221;lake;false;lakes;0
14336;81;178;12;lake;false;lakes;0
14337;14;153;88;lake;false;lakes;0
14338;36;175;79;lake;false;lakes;0
14339;131;33;7;lake;false;lakes;0
14340;237;14;135;lake;false;lakes;0
14341;23;135;60;lake;false;lakes;0
14342;116;23;8;lake;false;lakes;0
14343;3;31;187;lake;false;lakes;0
14344;156;25;128;lake;false;lakes;0
14345;162;16;37;lake;false;lakes;0
14346;7;14;156;lake;false;lakes;0
14347;176;48;52;lake;false;lakes;0
14348;67;110;12;lake;false;lakes;0
14349;43;12;113;lake;false;lakes;0
14350;4;248;120;lake;false;lakes;0
14351;165;95;18;lake;false;lakes;0
14352;1;101;2;lake;false;lakes;0
14353;160;6;45;lake;false;lakes;0
14354;9;220;120;lake;false;lakes;0
14355;65;20;224;lake;false;lakes;0
14356;173;230;17;lake;false;lakes;0
14357;134;152;2;lake;false;lakes;0
14358;74;132;19;lake;false;lakes;0
14359;126;46;6;lake;false;lakes;0
14360;31;125;170;lake;false;lakes;0
14361;17;54;129;lake;false;lakes;0
14362;96;9;75;lake;false;lakes;0
14363;137;60;12;lake;false;lakes;0
14364;4;166;27;lake;false;lakes;0
14365;38;8;95;lake;false;lakes;0
14366;145;22;196;lake;false;lakes;0
14367;160;193;22;lake;false;lakes;0
14368;9;232;20;lake;false;lakes;0
14369;27;141;43;lake;false;lakes;0
14370;207;218;27;lake;false;lakes;0
14371;230;6;144;lake;false;lakes;0
